#0 building with "default" instance using docker driver

#1 [internal] load build definition from Dockerfile
#1 transferring dockerfile: 25.57kB done
#1 DONE 0.0s

#2 [internal] load metadata for docker.io/library/node:24.4.1-bookworm-slim
#2 ...

#3 [internal] load metadata for docker.io/library/debian:bookworm-slim
#3 DONE 0.4s

#4 [internal] load metadata for docker.io/library/golang:1.25.11-bookworm
#4 DONE 0.8s

#5 [internal] load metadata for docker.io/library/rust:1.93.0-slim-bookworm
#5 DONE 0.8s

#2 [internal] load metadata for docker.io/library/node:24.4.1-bookworm-slim
#2 DONE 0.8s

#6 [internal] load .dockerignore
#6 transferring context: 976B done
#6 DONE 0.0s

#7 [prover-builder  1/16] FROM docker.io/library/rust:1.93.0-slim-bookworm@sha256:776861219cd851131c1cec3bbd7cbeb16b99a794048097eb69ad9682a8ed0d57
#7 resolve docker.io/library/rust:1.93.0-slim-bookworm@sha256:776861219cd851131c1cec3bbd7cbeb16b99a794048097eb69ad9682a8ed0d57 0.0s done
#7 DONE 0.1s

#8 [brotli-library-builder 1/5] FROM docker.io/library/debian:bookworm-slim@sha256:7b140f374b289a7c2befc338f42ebe6441b7ea838a042bbd5acbfca6ec875818
#8 resolve docker.io/library/debian:bookworm-slim@sha256:7b140f374b289a7c2befc338f42ebe6441b7ea838a042bbd5acbfca6ec875818 0.0s done
#8 ...

#9 [node-builder-base  1/19] FROM docker.io/library/golang:1.25.11-bookworm@sha256:b96f24a8d7d010ea0acb9c3ba99064740f02b6b984612b28bd3c9c5ab9453e38
#9 resolve docker.io/library/golang:1.25.11-bookworm@sha256:b96f24a8d7d010ea0acb9c3ba99064740f02b6b984612b28bd3c9c5ab9453e38 0.0s done
#9 DONE 0.2s

#10 [contracts-builder  1/15] FROM docker.io/library/node:24.4.1-bookworm-slim@sha256:36ae19f59c91f3303c7a648f07493fe14c4bd91320ac8d898416327bacf1bbfa
#10 resolve docker.io/library/node:24.4.1-bookworm-slim@sha256:36ae19f59c91f3303c7a648f07493fe14c4bd91320ac8d898416327bacf1bbfa 0.0s done
#10 sha256:02c93d07029f26c7175b57998c8622d63f3645d5da4f31f76d2f7ca296e6ff6b 448B / 448B 0.1s done
#10 sha256:45c9f1fffd4e88230ec2aa578d11797df2222d19fdbb8309b1c2ab3fbd16288c 0B / 1.71MB 0.2s
#10 sha256:45c9f1fffd4e88230ec2aa578d11797df2222d19fdbb8309b1c2ab3fbd16288c 1.71MB / 1.71MB 0.4s done
#10 sha256:6d8e03ec47c613c5f286f559ec47f99a10eb4d7f348c6da120b5604ac179955e 0B / 51.12MB 0.2s
#10 sha256:6d8e03ec47c613c5f286f559ec47f99a10eb4d7f348c6da120b5604ac179955e 3.15MB / 51.12MB 0.3s
#10 sha256:6d8e03ec47c613c5f286f559ec47f99a10eb4d7f348c6da120b5604ac179955e 9.44MB / 51.12MB 0.5s
#10 sha256:08e49ae6d850aafe12ddf2411a83e99c1b224eaafba05aa7e0dee762b6b28d7c 3.31kB / 3.31kB 0.2s done
#10 sha256:6d8e03ec47c613c5f286f559ec47f99a10eb4d7f348c6da120b5604ac179955e 23.07MB / 51.12MB 0.8s
#10 sha256:59e22667830bf04fb35e15ed9c70023e9d121719bb87f0db7f3159ee7c7e0b8d 0B / 28.23MB 0.2s
#10 ...

#8 [brotli-library-builder 1/5] FROM docker.io/library/debian:bookworm-slim@sha256:7b140f374b289a7c2befc338f42ebe6441b7ea838a042bbd5acbfca6ec875818
#8 sha256:597c6c618d36213af657a6a8444a5d87801f9a219682b206ad21ccb8f3e57bbd 28.23MB / 28.23MB 1.0s done
#8 extracting sha256:597c6c618d36213af657a6a8444a5d87801f9a219682b206ad21ccb8f3e57bbd 0.5s done
#8 DONE 1.6s

#10 [contracts-builder  1/15] FROM docker.io/library/node:24.4.1-bookworm-slim@sha256:36ae19f59c91f3303c7a648f07493fe14c4bd91320ac8d898416327bacf1bbfa
#10 sha256:6d8e03ec47c613c5f286f559ec47f99a10eb4d7f348c6da120b5604ac179955e 29.36MB / 51.12MB 0.9s
#10 sha256:59e22667830bf04fb35e15ed9c70023e9d121719bb87f0db7f3159ee7c7e0b8d 3.15MB / 28.23MB 0.5s
#10 sha256:6d8e03ec47c613c5f286f559ec47f99a10eb4d7f348c6da120b5604ac179955e 33.55MB / 51.12MB 1.1s
#10 sha256:59e22667830bf04fb35e15ed9c70023e9d121719bb87f0db7f3159ee7c7e0b8d 7.34MB / 28.23MB 0.6s
#10 sha256:6d8e03ec47c613c5f286f559ec47f99a10eb4d7f348c6da120b5604ac179955e 36.70MB / 51.12MB 1.2s
#10 sha256:59e22667830bf04fb35e15ed9c70023e9d121719bb87f0db7f3159ee7c7e0b8d 11.53MB / 28.23MB 0.8s
#10 ...

#11 [brotli-library-builder 2/5] WORKDIR /workspace
#11 DONE 0.4s

#10 [contracts-builder  1/15] FROM docker.io/library/node:24.4.1-bookworm-slim@sha256:36ae19f59c91f3303c7a648f07493fe14c4bd91320ac8d898416327bacf1bbfa
#10 sha256:6d8e03ec47c613c5f286f559ec47f99a10eb4d7f348c6da120b5604ac179955e 39.85MB / 51.12MB 1.4s
#10 sha256:59e22667830bf04fb35e15ed9c70023e9d121719bb87f0db7f3159ee7c7e0b8d 15.73MB / 28.23MB 0.9s
#10 sha256:59e22667830bf04fb35e15ed9c70023e9d121719bb87f0db7f3159ee7c7e0b8d 17.83MB / 28.23MB 1.1s
#10 sha256:6d8e03ec47c613c5f286f559ec47f99a10eb4d7f348c6da120b5604ac179955e 46.14MB / 51.12MB 1.7s
#10 sha256:59e22667830bf04fb35e15ed9c70023e9d121719bb87f0db7f3159ee7c7e0b8d 22.02MB / 28.23MB 1.2s
#10 sha256:6d8e03ec47c613c5f286f559ec47f99a10eb4d7f348c6da120b5604ac179955e 51.12MB / 51.12MB 1.8s done
#10 sha256:59e22667830bf04fb35e15ed9c70023e9d121719bb87f0db7f3159ee7c7e0b8d 28.23MB / 28.23MB 1.4s done
#10 extracting sha256:59e22667830bf04fb35e15ed9c70023e9d121719bb87f0db7f3159ee7c7e0b8d
#10 ...

#12 [internal] load build context
#12 transferring context: 604.04MB 2.6s done
#12 DONE 2.7s

#13 [brotli-library-builder 3/5] COPY scripts/build-brotli.sh scripts/
#13 DONE 0.1s

#14 [brotli-library-builder 4/5] COPY brotli brotli
#14 DONE 0.1s

#10 [contracts-builder  1/15] FROM docker.io/library/node:24.4.1-bookworm-slim@sha256:36ae19f59c91f3303c7a648f07493fe14c4bd91320ac8d898416327bacf1bbfa
#10 extracting sha256:59e22667830bf04fb35e15ed9c70023e9d121719bb87f0db7f3159ee7c7e0b8d 0.5s done
#10 extracting sha256:08e49ae6d850aafe12ddf2411a83e99c1b224eaafba05aa7e0dee762b6b28d7c done
#10 DONE 3.0s

#15 [brotli-library-builder 5/5] RUN apt-get update &&     apt-get install -y cmake make gcc git &&     ./scripts/build-brotli.sh -l -t /workspace/install/
#15 ...

#10 [contracts-builder  1/15] FROM docker.io/library/node:24.4.1-bookworm-slim@sha256:36ae19f59c91f3303c7a648f07493fe14c4bd91320ac8d898416327bacf1bbfa
#10 extracting sha256:6d8e03ec47c613c5f286f559ec47f99a10eb4d7f348c6da120b5604ac179955e 0.7s done
#10 extracting sha256:45c9f1fffd4e88230ec2aa578d11797df2222d19fdbb8309b1c2ab3fbd16288c 0.0s done
#10 extracting sha256:02c93d07029f26c7175b57998c8622d63f3645d5da4f31f76d2f7ca296e6ff6b done
#10 DONE 3.7s

#9 [node-builder-base  1/19] FROM docker.io/library/golang:1.25.11-bookworm@sha256:b96f24a8d7d010ea0acb9c3ba99064740f02b6b984612b28bd3c9c5ab9453e38
#9 sha256:fae4a9e285e4ff02e0b0a2f281c418eccc0e3a3a7fa0eb5a64fd64dc5fb62197 125B / 125B 0.1s done
#9 sha256:05c934f997ad58295f8830de88f3ab19fa41578d69bb3a3fd4d4960be4ce8df9 60.23MB / 60.23MB 2.4s done
#9 sha256:90b853b0b4a93098d93fbdd38b86be2b6b11767c1bb2b29337656703db39df68 44.04MB / 92.48MB 1.4s
#9 sha256:791c68bc2063683c3d15907b8ed1b777cf14ca153c6f8e5b12db0868dfa7e38a 19.92MB / 64.40MB 1.4s
#9 sha256:f4fd7bf6f6036613e20f62549df75ed694b99118002358bea5a81baf3929d1ff 1.05MB / 24.04MB 0.2s
#9 sha256:90b853b0b4a93098d93fbdd38b86be2b6b11767c1bb2b29337656703db39df68 50.33MB / 92.48MB 1.5s
#9 sha256:791c68bc2063683c3d15907b8ed1b777cf14ca153c6f8e5b12db0868dfa7e38a 24.12MB / 64.40MB 1.5s
#9 sha256:f4fd7bf6f6036613e20f62549df75ed694b99118002358bea5a81baf3929d1ff 6.29MB / 24.04MB 0.3s
#9 sha256:90b853b0b4a93098d93fbdd38b86be2b6b11767c1bb2b29337656703db39df68 55.57MB / 92.48MB 1.7s
#9 sha256:f4fd7bf6f6036613e20f62549df75ed694b99118002358bea5a81baf3929d1ff 9.44MB / 24.04MB 0.5s
#9 sha256:90b853b0b4a93098d93fbdd38b86be2b6b11767c1bb2b29337656703db39df68 60.82MB / 92.48MB 1.8s
#9 sha256:791c68bc2063683c3d15907b8ed1b777cf14ca153c6f8e5b12db0868dfa7e38a 28.31MB / 64.40MB 1.8s
#9 sha256:f4fd7bf6f6036613e20f62549df75ed694b99118002358bea5a81baf3929d1ff 14.68MB / 24.04MB 0.6s
#9 sha256:90b853b0b4a93098d93fbdd38b86be2b6b11767c1bb2b29337656703db39df68 68.16MB / 92.48MB 2.0s
#9 sha256:791c68bc2063683c3d15907b8ed1b777cf14ca153c6f8e5b12db0868dfa7e38a 32.51MB / 64.40MB 2.0s
#9 sha256:f4fd7bf6f6036613e20f62549df75ed694b99118002358bea5a81baf3929d1ff 18.87MB / 24.04MB 0.8s
#9 sha256:90b853b0b4a93098d93fbdd38b86be2b6b11767c1bb2b29337656703db39df68 74.45MB / 92.48MB 2.1s
#9 sha256:791c68bc2063683c3d15907b8ed1b777cf14ca153c6f8e5b12db0868dfa7e38a 36.70MB / 64.40MB 2.1s
#9 sha256:f4fd7bf6f6036613e20f62549df75ed694b99118002358bea5a81baf3929d1ff 24.04MB / 24.04MB 0.9s done
#9 sha256:90b853b0b4a93098d93fbdd38b86be2b6b11767c1bb2b29337656703db39df68 79.69MB / 92.48MB 2.3s
#9 sha256:425befdf76e52426879d2abe42093a00dca59a893e7b4fa2a7679b0180b71d4b 1.05MB / 48.50MB 0.2s
#9 sha256:90b853b0b4a93098d93fbdd38b86be2b6b11767c1bb2b29337656703db39df68 84.93MB / 92.48MB 2.4s
#9 sha256:791c68bc2063683c3d15907b8ed1b777cf14ca153c6f8e5b12db0868dfa7e38a 42.99MB / 64.40MB 2.4s
#9 sha256:425befdf76e52426879d2abe42093a00dca59a893e7b4fa2a7679b0180b71d4b 5.24MB / 48.50MB 0.3s
#9 sha256:90b853b0b4a93098d93fbdd38b86be2b6b11767c1bb2b29337656703db39df68 92.48MB / 92.48MB 2.6s done
#9 sha256:425befdf76e52426879d2abe42093a00dca59a893e7b4fa2a7679b0180b71d4b 10.49MB / 48.50MB 0.5s
#9 sha256:791c68bc2063683c3d15907b8ed1b777cf14ca153c6f8e5b12db0868dfa7e38a 50.33MB / 64.40MB 2.7s
#9 sha256:425befdf76e52426879d2abe42093a00dca59a893e7b4fa2a7679b0180b71d4b 16.78MB / 48.50MB 0.6s
#9 sha256:425befdf76e52426879d2abe42093a00dca59a893e7b4fa2a7679b0180b71d4b 27.26MB / 48.50MB 0.8s
#9 sha256:791c68bc2063683c3d15907b8ed1b777cf14ca153c6f8e5b12db0868dfa7e38a 56.62MB / 64.40MB 3.0s
#9 sha256:425befdf76e52426879d2abe42093a00dca59a893e7b4fa2a7679b0180b71d4b 34.60MB / 48.50MB 0.9s
#9 sha256:791c68bc2063683c3d15907b8ed1b777cf14ca153c6f8e5b12db0868dfa7e38a 60.82MB / 64.40MB 3.2s
#9 sha256:425befdf76e52426879d2abe42093a00dca59a893e7b4fa2a7679b0180b71d4b 41.94MB / 48.50MB 1.1s
#9 sha256:791c68bc2063683c3d15907b8ed1b777cf14ca153c6f8e5b12db0868dfa7e38a 64.40MB / 64.40MB 3.3s done
#9 sha256:425befdf76e52426879d2abe42093a00dca59a893e7b4fa2a7679b0180b71d4b 48.50MB / 48.50MB 1.2s done
#9 extracting sha256:425befdf76e52426879d2abe42093a00dca59a893e7b4fa2a7679b0180b71d4b
#9 extracting sha256:425befdf76e52426879d2abe42093a00dca59a893e7b4fa2a7679b0180b71d4b 0.7s done
#9 extracting sha256:f4fd7bf6f6036613e20f62549df75ed694b99118002358bea5a81baf3929d1ff
#9 extracting sha256:f4fd7bf6f6036613e20f62549df75ed694b99118002358bea5a81baf3929d1ff 0.3s done
#9 extracting sha256:791c68bc2063683c3d15907b8ed1b777cf14ca153c6f8e5b12db0868dfa7e38a
#9 extracting sha256:791c68bc2063683c3d15907b8ed1b777cf14ca153c6f8e5b12db0868dfa7e38a 0.9s done
#9 DONE 7.8s

#7 [prover-builder  1/16] FROM docker.io/library/rust:1.93.0-slim-bookworm@sha256:776861219cd851131c1cec3bbd7cbeb16b99a794048097eb69ad9682a8ed0d57
#7 sha256:4d661ea539632ac370dff997f6e1628ddb393bf8c5267af28c32423896663525 284.81MB / 284.81MB 7.4s done
#7 sha256:4831516dd0cb86845f5f902cb9b9d25b5c853152c337eb57e4737a9b7e2a2eb9 28.23MB / 28.23MB 1.0s done
#7 extracting sha256:4831516dd0cb86845f5f902cb9b9d25b5c853152c337eb57e4737a9b7e2a2eb9 0.6s done
#7 extracting sha256:4d661ea539632ac370dff997f6e1628ddb393bf8c5267af28c32423896663525
#7 ...

#9 [node-builder-base  1/19] FROM docker.io/library/golang:1.25.11-bookworm@sha256:b96f24a8d7d010ea0acb9c3ba99064740f02b6b984612b28bd3c9c5ab9453e38
#9 extracting sha256:90b853b0b4a93098d93fbdd38b86be2b6b11767c1bb2b29337656703db39df68
#9 extracting sha256:90b853b0b4a93098d93fbdd38b86be2b6b11767c1bb2b29337656703db39df68 1.0s done
#9 extracting sha256:05c934f997ad58295f8830de88f3ab19fa41578d69bb3a3fd4d4960be4ce8df9
#9 ...

#7 [prover-builder  1/16] FROM docker.io/library/rust:1.93.0-slim-bookworm@sha256:776861219cd851131c1cec3bbd7cbeb16b99a794048097eb69ad9682a8ed0d57
#7 extracting sha256:4d661ea539632ac370dff997f6e1628ddb393bf8c5267af28c32423896663525 2.7s done
#7 DONE 10.2s

#16 [contracts-builder  2/15] RUN apt-get update &&     apt-get install -y git python3 make g++ curl
#16 0.218 Get:1 http://deb.debian.org/debian bookworm InRelease [151 kB]
#16 0.282 Get:2 http://deb.debian.org/debian bookworm-updates InRelease [55.4 kB]
#16 0.309 Get:3 http://deb.debian.org/debian-security bookworm-security InRelease [34.8 kB]
#16 0.336 Get:4 http://deb.debian.org/debian bookworm/main amd64 Packages [8790 kB]
#16 4.186 Get:5 http://deb.debian.org/debian bookworm-updates/main amd64 Packages [6924 B]
#16 4.187 Get:6 http://deb.debian.org/debian-security bookworm-security/main amd64 Packages [319 kB]
#16 4.915 Fetched 9357 kB in 5s (1955 kB/s)
#16 4.915 Reading package lists...
#16 5.290 Reading package lists...
#16 5.673 Building dependency tree...
#16 5.779 Reading state information...
#16 5.892 The following additional packages will be installed:
#16 5.892   binutils binutils-common binutils-x86-64-linux-gnu ca-certificates cpp
#16 5.892   cpp-12 fontconfig-config fonts-dejavu-core g++-12 gcc gcc-12 git-man
#16 5.892   krb5-locales less libabsl20220623 libaom3 libasan8 libatomic1 libavif15
#16 5.892   libbinutils libbrotli1 libbsd0 libc-bin libc-dev-bin libc-devtools libc6
#16 5.892   libc6-dev libcbor0.8 libcc1-0 libcrypt-dev libctf-nobfd0 libctf0
#16 5.892   libcurl3-gnutls libcurl4 libdav1d6 libde265-0 libdeflate0 libedit2
#16 5.892   liberror-perl libexpat1 libfido2-1 libfontconfig1 libfreetype6 libgav1-1
#16 5.892   libgcc-12-dev libgd3 libgdbm-compat4 libgdbm6 libgomp1 libgpm2 libgprofng0
#16 5.892   libgssapi-krb5-2 libheif1 libisl23 libitm1 libjansson4 libjbig0
#16 5.892   libjpeg62-turbo libk5crypto3 libkeyutils1 libkrb5-3 libkrb5support0
#16 5.892   libldap-2.5-0 libldap-common liblerc4 liblsan0 libmpc3 libmpfr6 libncursesw6
#16 5.892   libnghttp2-14 libnsl-dev libnsl2 libnuma1 libperl5.36 libpng16-16 libpsl5
#16 5.892   libpython3-stdlib libpython3.11-minimal libpython3.11-stdlib libquadmath0
#16 5.892   librav1e0 libreadline8 librtmp1 libsasl2-2 libsasl2-modules
#16 5.892   libsasl2-modules-db libsqlite3-0 libssh2-1 libssl3 libstdc++-12-dev
#16 5.892   libsvtav1enc1 libtiff6 libtirpc-common libtirpc-dev libtirpc3 libtsan2
#16 5.892   libubsan1 libwebp7 libx11-6 libx11-data libx265-199 libxau6 libxcb1
#16 5.892   libxdmcp6 libxext6 libxmuu1 libxpm4 libyuv0 linux-libc-dev manpages
#16 5.892   manpages-dev media-types netbase openssh-client openssl patch perl perl-base
#16 5.892   perl-modules-5.36 publicsuffix python3-minimal python3.11 python3.11-minimal
#16 5.892   readline-common rpcsvc-proto xauth
#16 5.893 Suggested packages:
#16 5.893   binutils-doc cpp-doc gcc-12-locales cpp-12-doc g++-multilib g++-12-multilib
#16 5.893   gcc-12-doc gcc-multilib autoconf automake libtool flex bison gdb gcc-doc
#16 5.893   gcc-12-multilib gettext-base git-daemon-run | git-daemon-sysvinit git-doc
#16 5.893   git-email git-gui gitk gitweb git-cvs git-mediawiki git-svn glibc-doc
#16 5.893   libc-l10n locales libnss-nis libnss-nisplus libgd-tools gdbm-l10n gpm
#16 5.893   krb5-doc krb5-user sensible-utils libsasl2-modules-gssapi-mit
#16 5.893   | libsasl2-modules-gssapi-heimdal libsasl2-modules-ldap libsasl2-modules-otp
#16 5.893   libsasl2-modules-sql libstdc++-12-doc make-doc man-browser keychain
#16 5.893   libpam-ssh monkeysphere ssh-askpass ed diffutils-doc perl-doc
#16 5.893   libterm-readline-gnu-perl | libterm-readline-perl-perl
#16 5.893   libtap-harness-archive-perl python3-doc python3-tk python3-venv
#16 5.893   python3.11-venv python3.11-doc binfmt-support readline-doc
#16 6.383 The following NEW packages will be installed:
#16 6.383   binutils binutils-common binutils-x86-64-linux-gnu ca-certificates cpp
#16 6.383   cpp-12 curl fontconfig-config fonts-dejavu-core g++ g++-12 gcc gcc-12 git
#16 6.383   git-man krb5-locales less libabsl20220623 libaom3 libasan8 libatomic1
#16 6.383   libavif15 libbinutils libbrotli1 libbsd0 libc-dev-bin libc-devtools
#16 6.383   libc6-dev libcbor0.8 libcc1-0 libcrypt-dev libctf-nobfd0 libctf0
#16 6.383   libcurl3-gnutls libcurl4 libdav1d6 libde265-0 libdeflate0 libedit2
#16 6.383   liberror-perl libexpat1 libfido2-1 libfontconfig1 libfreetype6 libgav1-1
#16 6.383   libgcc-12-dev libgd3 libgdbm-compat4 libgdbm6 libgomp1 libgpm2 libgprofng0
#16 6.383   libgssapi-krb5-2 libheif1 libisl23 libitm1 libjansson4 libjbig0
#16 6.383   libjpeg62-turbo libk5crypto3 libkeyutils1 libkrb5-3 libkrb5support0
#16 6.383   libldap-2.5-0 libldap-common liblerc4 liblsan0 libmpc3 libmpfr6 libncursesw6
#16 6.383   libnghttp2-14 libnsl-dev libnsl2 libnuma1 libperl5.36 libpng16-16 libpsl5
#16 6.383   libpython3-stdlib libpython3.11-minimal libpython3.11-stdlib libquadmath0
#16 6.383   librav1e0 libreadline8 librtmp1 libsasl2-2 libsasl2-modules
#16 6.383   libsasl2-modules-db libsqlite3-0 libssh2-1 libssl3 libstdc++-12-dev
#16 6.383   libsvtav1enc1 libtiff6 libtirpc-common libtirpc-dev libtirpc3 libtsan2
#16 6.383   libubsan1 libwebp7 libx11-6 libx11-data libx265-199 libxau6 libxcb1
#16 6.383   libxdmcp6 libxext6 libxmuu1 libxpm4 libyuv0 linux-libc-dev make manpages
#16 6.383   manpages-dev media-types netbase openssh-client openssl patch perl
#16 6.383   perl-modules-5.36 publicsuffix python3 python3-minimal python3.11
#16 6.383   python3.11-minimal readline-common rpcsvc-proto xauth
#16 6.384 The following packages will be upgraded:
#16 6.384   libc-bin libc6 perl-base
#16 6.457 3 upgraded, 128 newly installed, 0 to remove and 24 not upgraded.
#16 6.457 Need to get 117 MB of archives.
#16 6.457 After this operation, 463 MB of additional disk space will be used.
#16 6.457 Get:1 http://deb.debian.org/debian bookworm/main amd64 perl-base amd64 5.36.0-7+deb12u3 [1608 kB]
#16 6.583 Get:2 http://deb.debian.org/debian bookworm/main amd64 libc6 amd64 2.36-9+deb12u14 [2759 kB]
#16 6.632 Get:3 http://deb.debian.org/debian bookworm/main amd64 libc-bin amd64 2.36-9+deb12u14 [609 kB]
#16 6.634 Get:4 http://deb.debian.org/debian bookworm/main amd64 perl-modules-5.36 all 5.36.0-7+deb12u3 [2815 kB]
#16 6.667 Get:5 http://deb.debian.org/debian bookworm/main amd64 libgdbm6 amd64 1.23-3 [72.2 kB]
#16 6.668 Get:6 http://deb.debian.org/debian bookworm/main amd64 libgdbm-compat4 amd64 1.23-3 [48.2 kB]
#16 6.668 Get:7 http://deb.debian.org/debian bookworm/main amd64 libperl5.36 amd64 5.36.0-7+deb12u3 [4196 kB]
#16 6.713 Get:8 http://deb.debian.org/debian bookworm/main amd64 perl amd64 5.36.0-7+deb12u3 [239 kB]
#16 6.715 Get:9 http://deb.debian.org/debian bookworm/main amd64 libssl3 amd64 3.0.20-1~deb12u2 [2036 kB]
#16 6.737 Get:10 http://deb.debian.org/debian bookworm/main amd64 libpython3.11-minimal amd64 3.11.2-6+deb12u8 [818 kB]
#16 6.748 Get:11 http://deb.debian.org/debian bookworm/main amd64 libexpat1 amd64 2.5.0-1+deb12u2 [99.9 kB]
#16 6.749 Get:12 http://deb.debian.org/debian bookworm/main amd64 python3.11-minimal amd64 3.11.2-6+deb12u8 [2065 kB]
#16 6.771 Get:13 http://deb.debian.org/debian bookworm/main amd64 python3-minimal amd64 3.11.2-1+b1 [26.3 kB]
#16 6.771 Get:14 http://deb.debian.org/debian bookworm/main amd64 media-types all 10.0.0 [26.1 kB]
#16 6.772 Get:15 http://deb.debian.org/debian bookworm/main amd64 libncursesw6 amd64 6.4-4 [134 kB]
#16 6.773 Get:16 http://deb.debian.org/debian bookworm/main amd64 libkrb5support0 amd64 1.20.1-2+deb12u5 [33.2 kB]
#16 6.773 Get:17 http://deb.debian.org/debian bookworm/main amd64 libk5crypto3 amd64 1.20.1-2+deb12u5 [79.7 kB]
#16 6.774 Get:18 http://deb.debian.org/debian bookworm/main amd64 libkeyutils1 amd64 1.6.3-2 [8808 B]
#16 6.774 Get:19 http://deb.debian.org/debian bookworm/main amd64 libkrb5-3 amd64 1.20.1-2+deb12u5 [332 kB]
#16 6.777 Get:20 http://deb.debian.org/debian bookworm/main amd64 libgssapi-krb5-2 amd64 1.20.1-2+deb12u5 [135 kB]
#16 6.778 Get:21 http://deb.debian.org/debian bookworm/main amd64 libtirpc-common all 1.3.3+ds-1 [14.0 kB]
#16 6.792 Get:22 http://deb.debian.org/debian bookworm/main amd64 libtirpc3 amd64 1.3.3+ds-1 [85.2 kB]
#16 6.793 Get:23 http://deb.debian.org/debian bookworm/main amd64 libnsl2 amd64 1.3.0-2 [39.5 kB]
#16 6.793 Get:24 http://deb.debian.org/debian bookworm/main amd64 readline-common all 8.2-1.3 [69.0 kB]
#16 6.810 Get:25 http://deb.debian.org/debian bookworm/main amd64 libreadline8 amd64 8.2-1.3 [166 kB]
#16 6.812 Get:26 http://deb.debian.org/debian bookworm/main amd64 libsqlite3-0 amd64 3.40.1-2+deb12u2 [839 kB]
#16 6.820 Get:27 http://deb.debian.org/debian bookworm/main amd64 libpython3.11-stdlib amd64 3.11.2-6+deb12u8 [1799 kB]
#16 6.839 Get:28 http://deb.debian.org/debian bookworm/main amd64 python3.11 amd64 3.11.2-6+deb12u8 [574 kB]
#16 6.844 Get:29 http://deb.debian.org/debian bookworm/main amd64 libpython3-stdlib amd64 3.11.2-1+b1 [9312 B]
#16 6.844 Get:30 http://deb.debian.org/debian bookworm/main amd64 python3 amd64 3.11.2-1+b1 [26.3 kB]
#16 6.845 Get:31 http://deb.debian.org/debian bookworm/main amd64 less amd64 590-2.1~deb12u2 [132 kB]
#16 6.846 Get:32 http://deb.debian.org/debian bookworm/main amd64 netbase all 6.4 [12.8 kB]
#16 6.846 Get:33 http://deb.debian.org/debian bookworm/main amd64 openssl amd64 3.0.20-1~deb12u2 [1439 kB]
#16 6.862 Get:34 http://deb.debian.org/debian bookworm/main amd64 ca-certificates all 20230311+deb12u1 [155 kB]
#16 6.864 Get:35 http://deb.debian.org/debian bookworm/main amd64 krb5-locales all 1.20.1-2+deb12u5 [63.5 kB]
#16 6.864 Get:36 http://deb.debian.org/debian bookworm/main amd64 manpages all 6.03-2 [1332 kB]
#16 6.880 Get:37 http://deb.debian.org/debian bookworm/main amd64 libbsd0 amd64 0.11.7-2 [117 kB]
#16 6.881 Get:38 http://deb.debian.org/debian bookworm/main amd64 libedit2 amd64 3.1-20221030-2 [93.0 kB]
#16 6.881 Get:39 http://deb.debian.org/debian bookworm/main amd64 libcbor0.8 amd64 0.8.0-2+b1 [27.4 kB]
#16 6.882 Get:40 http://deb.debian.org/debian bookworm/main amd64 libfido2-1 amd64 1.12.0-2+b1 [77.2 kB]
#16 6.882 Get:41 http://deb.debian.org/debian bookworm/main amd64 openssh-client amd64 1:9.2p1-2+deb12u10 [994 kB]
#16 6.894 Get:42 http://deb.debian.org/debian bookworm/main amd64 binutils-common amd64 2.40-2 [2487 kB]
#16 6.921 Get:43 http://deb.debian.org/debian bookworm/main amd64 libbinutils amd64 2.40-2 [572 kB]
#16 6.927 Get:44 http://deb.debian.org/debian bookworm/main amd64 libctf-nobfd0 amd64 2.40-2 [153 kB]
#16 6.929 Get:45 http://deb.debian.org/debian bookworm/main amd64 libctf0 amd64 2.40-2 [89.8 kB]
#16 6.930 Get:46 http://deb.debian.org/debian bookworm/main amd64 libgprofng0 amd64 2.40-2 [812 kB]
#16 6.939 Get:47 http://deb.debian.org/debian bookworm/main amd64 libjansson4 amd64 2.14-2 [40.8 kB]
#16 6.939 Get:48 http://deb.debian.org/debian bookworm/main amd64 binutils-x86-64-linux-gnu amd64 2.40-2 [2246 kB]
#16 6.964 Get:49 http://deb.debian.org/debian bookworm/main amd64 binutils amd64 2.40-2 [65.0 kB]
#16 6.965 Get:50 http://deb.debian.org/debian bookworm/main amd64 libisl23 amd64 0.25-1.1 [683 kB]
#16 6.975 Get:51 http://deb.debian.org/debian bookworm/main amd64 libmpfr6 amd64 4.2.0-1 [701 kB]
#16 6.985 Get:52 http://deb.debian.org/debian bookworm/main amd64 libmpc3 amd64 1.3.1-1 [51.5 kB]
#16 6.986 Get:53 http://deb.debian.org/debian bookworm/main amd64 cpp-12 amd64 12.2.0-14+deb12u1 [9768 kB]
#16 7.171 Get:54 http://deb.debian.org/debian bookworm/main amd64 cpp amd64 4:12.2.0-3 [6836 B]
#16 7.171 Get:55 http://deb.debian.org/debian bookworm/main amd64 libbrotli1 amd64 1.0.9-2+b6 [275 kB]
#16 7.176 Get:56 http://deb.debian.org/debian bookworm/main amd64 libsasl2-modules-db amd64 2.1.28+dfsg-10 [20.3 kB]
#16 7.177 Get:57 http://deb.debian.org/debian bookworm/main amd64 libsasl2-2 amd64 2.1.28+dfsg-10 [59.7 kB]
#16 7.177 Get:58 http://deb.debian.org/debian bookworm/main amd64 libldap-2.5-0 amd64 2.5.13+dfsg-5 [183 kB]
#16 7.182 Get:59 http://deb.debian.org/debian bookworm/main amd64 libnghttp2-14 amd64 1.52.0-1+deb12u3 [72.4 kB]
#16 7.183 Get:60 http://deb.debian.org/debian bookworm/main amd64 libpsl5 amd64 0.21.2-1 [58.7 kB]
#16 7.184 Get:61 http://deb.debian.org/debian bookworm/main amd64 librtmp1 amd64 2.4+20151223.gitfa8646d.1-2+b2 [60.8 kB]
#16 7.185 Get:62 http://deb.debian.org/debian bookworm/main amd64 libssh2-1 amd64 1.10.0-3+b1 [179 kB]
#16 7.191 Get:63 http://deb.debian.org/debian bookworm/main amd64 libcurl4 amd64 7.88.1-10+deb12u15 [392 kB]
#16 7.198 Get:64 http://deb.debian.org/debian bookworm/main amd64 curl amd64 7.88.1-10+deb12u15 [316 kB]
#16 7.210 Get:65 http://deb.debian.org/debian bookworm/main amd64 fonts-dejavu-core all 2.37-6 [1068 kB]
#16 7.232 Get:66 http://deb.debian.org/debian bookworm/main amd64 fontconfig-config amd64 2.14.1-4 [315 kB]
#16 7.239 Get:67 http://deb.debian.org/debian bookworm/main amd64 libcc1-0 amd64 12.2.0-14+deb12u1 [41.7 kB]
#16 ...

#9 [node-builder-base  1/19] FROM docker.io/library/golang:1.25.11-bookworm@sha256:b96f24a8d7d010ea0acb9c3ba99064740f02b6b984612b28bd3c9c5ab9453e38
#9 extracting sha256:05c934f997ad58295f8830de88f3ab19fa41578d69bb3a3fd4d4960be4ce8df9 2.0s done
#9 extracting sha256:fae4a9e285e4ff02e0b0a2f281c418eccc0e3a3a7fa0eb5a64fd64dc5fb62197 0.1s done
#9 extracting sha256:4f4fb700ef54461cfa02571ae0db9a0dc1e0cdb5577484a6d75e68dc38e8acc1
#9 extracting sha256:4f4fb700ef54461cfa02571ae0db9a0dc1e0cdb5577484a6d75e68dc38e8acc1 0.1s done
#9 DONE 11.1s

#17 [prover-builder  2/16] WORKDIR /workspace
#17 DONE 0.9s

#18 [node-builder-base  2/19] WORKDIR /workspace
#18 DONE 0.0s

#16 [contracts-builder  2/15] RUN apt-get update &&     apt-get install -y git python3 make g++ curl
#16 7.240 Get:68 http://deb.debian.org/debian bookworm/main amd64 libgomp1 amd64 12.2.0-14+deb12u1 [116 kB]
#16 7.242 Get:69 http://deb.debian.org/debian bookworm/main amd64 libitm1 amd64 12.2.0-14+deb12u1 [26.1 kB]
#16 7.242 Get:70 http://deb.debian.org/debian bookworm/main amd64 libatomic1 amd64 12.2.0-14+deb12u1 [9376 B]
#16 7.243 Get:71 http://deb.debian.org/debian bookworm/main amd64 libasan8 amd64 12.2.0-14+deb12u1 [2193 kB]
#16 7.290 Get:72 http://deb.debian.org/debian bookworm/main amd64 liblsan0 amd64 12.2.0-14+deb12u1 [969 kB]
#16 7.311 Get:73 http://deb.debian.org/debian bookworm/main amd64 libtsan2 amd64 12.2.0-14+deb12u1 [2197 kB]
#16 7.360 Get:74 http://deb.debian.org/debian bookworm/main amd64 libubsan1 amd64 12.2.0-14+deb12u1 [883 kB]
#16 7.382 Get:75 http://deb.debian.org/debian bookworm/main amd64 libquadmath0 amd64 12.2.0-14+deb12u1 [145 kB]
#16 7.384 Get:76 http://deb.debian.org/debian bookworm/main amd64 libgcc-12-dev amd64 12.2.0-14+deb12u1 [2437 kB]
#16 7.436 Get:77 http://deb.debian.org/debian bookworm/main amd64 gcc-12 amd64 12.2.0-14+deb12u1 [19.3 MB]
#16 8.035 Get:78 http://deb.debian.org/debian bookworm/main amd64 gcc amd64 4:12.2.0-3 [5216 B]
#16 8.038 Get:79 http://deb.debian.org/debian bookworm/main amd64 libc-dev-bin amd64 2.36-9+deb12u14 [48.1 kB]
#16 8.040 Get:80 http://deb.debian.org/debian-security bookworm-security/main amd64 linux-libc-dev amd64 6.1.177-1 [2307 kB]
#16 8.177 Get:81 http://deb.debian.org/debian bookworm/main amd64 libcrypt-dev amd64 1:4.4.33-2 [118 kB]
#16 8.183 Get:82 http://deb.debian.org/debian bookworm/main amd64 libtirpc-dev amd64 1.3.3+ds-1 [191 kB]
#16 8.193 Get:83 http://deb.debian.org/debian bookworm/main amd64 libnsl-dev amd64 1.3.0-2 [66.4 kB]
#16 8.198 Get:84 http://deb.debian.org/debian bookworm/main amd64 rpcsvc-proto amd64 1.4.3-1 [63.3 kB]
#16 8.201 Get:85 http://deb.debian.org/debian bookworm/main amd64 libc6-dev amd64 2.36-9+deb12u14 [1904 kB]
#16 8.309 Get:86 http://deb.debian.org/debian bookworm/main amd64 libstdc++-12-dev amd64 12.2.0-14+deb12u1 [2047 kB]
#16 ...

#19 [brotli-wasm-builder 3/6] RUN apt-get update &&     apt-get install -y cmake make git lbzip2 python3 xz-utils &&     git clone --depth 1 --branch 3.1.46 https://github.com/emscripten-core/emsdk.git &&     test "$(git -C emsdk rev-parse HEAD)" = "93360d3670018769b424e4e8f1d3d9b26d32c977" &&     cd emsdk &&     ./emsdk install 3.1.7 &&     ./emsdk activate 3.1.7
#19 0.238 Get:1 http://deb.debian.org/debian bookworm InRelease [151 kB]
#19 0.424 Get:2 http://deb.debian.org/debian bookworm-updates InRelease [55.4 kB]
#19 0.483 Get:3 http://deb.debian.org/debian-security bookworm-security InRelease [34.8 kB]
#19 0.533 Get:4 http://deb.debian.org/debian bookworm/main amd64 Packages [8790 kB]
#19 6.319 Get:5 http://deb.debian.org/debian bookworm-updates/main amd64 Packages [6924 B]
#19 6.338 Get:6 http://deb.debian.org/debian-security bookworm-security/main amd64 Packages [319 kB]
#19 7.022 Fetched 9357 kB in 7s (1363 kB/s)
#19 7.022 Reading package lists...
#19 7.421 Reading package lists...
#19 7.813 Building dependency tree...
#19 7.910 Reading state information...
#19 8.010 The following additional packages will be installed:
#19 8.010   binutils binutils-common binutils-x86-64-linux-gnu ca-certificates
#19 8.010   cmake-data cpp cpp-12 fontconfig-config fonts-dejavu-core gcc gcc-12 git-man
#19 8.010   krb5-locales less libabsl20220623 libaom3 libarchive13 libasan8 libatomic1
#19 8.010   libavif15 libbinutils libbrotli1 libbsd0 libc-dev-bin libc-devtools
#19 8.010   libc6-dev libcbor0.8 libcc1-0 libcrypt-dev libctf-nobfd0 libctf0
#19 8.010   libcurl3-gnutls libcurl4 libdav1d6 libde265-0 libdeflate0 libedit2
#19 8.010   liberror-perl libexpat1 libfido2-1 libfontconfig1 libfreetype6 libgav1-1
#19 8.010   libgcc-12-dev libgd3 libgdbm-compat4 libgdbm6 libgomp1 libgpm2 libgprofng0
#19 8.010   libgssapi-krb5-2 libheif1 libicu72 libisl23 libitm1 libjansson4 libjbig0
#19 8.010   libjpeg62-turbo libjsoncpp25 libk5crypto3 libkeyutils1 libkrb5-3
#19 8.010   libkrb5support0 libldap-2.5-0 libldap-common liblerc4 liblsan0 libmpc3
#19 8.010   libmpfr6 libncursesw6 libnghttp2-14 libnsl-dev libnsl2 libnuma1 libperl5.36
#19 8.010   libpng16-16 libproc2-0 libpsl5 libpython3-stdlib libpython3.11-minimal
#19 8.010   libpython3.11-stdlib libquadmath0 librav1e0 libreadline8 librhash0 librtmp1
#19 8.010   libsasl2-2 libsasl2-modules libsasl2-modules-db libsqlite3-0 libssh2-1
#19 8.010   libssl3 libsvtav1enc1 libtiff6 libtirpc-common libtirpc-dev libtirpc3
#19 8.010   libtsan2 libubsan1 libuv1 libwebp7 libx11-6 libx11-data libx265-199 libxau6
#19 8.010   libxcb1 libxdmcp6 libxext6 libxml2 libxmuu1 libxpm4 libyuv0 linux-libc-dev
#19 8.010   manpages manpages-dev media-types netbase openssh-client openssl patch perl
#19 8.010   perl-modules-5.36 procps psmisc publicsuffix python3-minimal python3.11
#19 8.010   python3.11-minimal readline-common rpcsvc-proto xauth
#19 8.011 Suggested packages:
#19 8.011   binutils-doc cmake-doc cmake-format elpa-cmake-mode ninja-build cpp-doc
#19 8.011   gcc-12-locales cpp-12-doc gcc-multilib autoconf automake libtool flex bison
#19 8.011   gdb gcc-doc gcc-12-multilib gcc-12-doc gettext-base git-daemon-run
#19 8.011   | git-daemon-sysvinit git-doc git-email git-gui gitk gitweb git-cvs
#19 8.011   git-mediawiki git-svn lrzip glibc-doc libgd-tools gdbm-l10n gpm krb5-doc
#19 8.011   krb5-user sensible-utils libsasl2-modules-gssapi-mit
#19 8.011   | libsasl2-modules-gssapi-heimdal libsasl2-modules-ldap libsasl2-modules-otp
#19 8.011   libsasl2-modules-sql make-doc man-browser keychain libpam-ssh monkeysphere
#19 8.011   ssh-askpass ed diffutils-doc perl-doc libterm-readline-gnu-perl
#19 8.011   | libterm-readline-perl-perl libtap-harness-archive-perl python3-doc
#19 8.011   python3-tk python3-venv python3.11-venv python3.11-doc binfmt-support
#19 8.011   readline-doc
#19 8.519 The following NEW packages will be installed:
#19 8.519   binutils binutils-common binutils-x86-64-linux-gnu ca-certificates cmake
#19 8.520   cmake-data cpp cpp-12 fontconfig-config fonts-dejavu-core gcc gcc-12 git
#19 8.520   git-man krb5-locales lbzip2 less libabsl20220623 libaom3 libarchive13
#19 8.520   libasan8 libatomic1 libavif15 libbinutils libbrotli1 libbsd0 libc-dev-bin
#19 8.520   libc-devtools libc6-dev libcbor0.8 libcc1-0 libcrypt-dev libctf-nobfd0
#19 8.520   libctf0 libcurl3-gnutls libcurl4 libdav1d6 libde265-0 libdeflate0 libedit2
#19 8.520   liberror-perl libexpat1 libfido2-1 libfontconfig1 libfreetype6 libgav1-1
#19 8.520   libgcc-12-dev libgd3 libgdbm-compat4 libgdbm6 libgomp1 libgpm2 libgprofng0
#19 8.520   libgssapi-krb5-2 libheif1 libicu72 libisl23 libitm1 libjansson4 libjbig0
#19 8.520   libjpeg62-turbo libjsoncpp25 libk5crypto3 libkeyutils1 libkrb5-3
#19 8.520   libkrb5support0 libldap-2.5-0 libldap-common liblerc4 liblsan0 libmpc3
#19 8.520   libmpfr6 libncursesw6 libnghttp2-14 libnsl-dev libnsl2 libnuma1 libperl5.36
#19 8.520   libpng16-16 libproc2-0 libpsl5 libpython3-stdlib libpython3.11-minimal
#19 8.520   libpython3.11-stdlib libquadmath0 librav1e0 libreadline8 librhash0 librtmp1
#19 8.520   libsasl2-2 libsasl2-modules libsasl2-modules-db libsqlite3-0 libssh2-1
#19 8.520   libssl3 libsvtav1enc1 libtiff6 libtirpc-common libtirpc-dev libtirpc3
#19 8.520   libtsan2 libubsan1 libuv1 libwebp7 libx11-6 libx11-data libx265-199 libxau6
#19 8.520   libxcb1 libxdmcp6 libxext6 libxml2 libxmuu1 libxpm4 libyuv0 linux-libc-dev
#19 8.520   make manpages manpages-dev media-types netbase openssh-client openssl patch
#19 8.521   perl perl-modules-5.36 procps psmisc publicsuffix python3 python3-minimal
#19 8.521   python3.11 python3.11-minimal readline-common rpcsvc-proto xauth xz-utils
#19 8.596 0 upgraded, 137 newly installed, 0 to remove and 0 not upgraded.
#19 8.596 Need to get 122 MB of archives.
#19 8.596 After this operation, 491 MB of additional disk space will be used.
#19 8.596 Get:1 http://deb.debian.org/debian bookworm/main amd64 perl-modules-5.36 all 5.36.0-7+deb12u3 [2815 kB]
#19 8.751 Get:2 http://deb.debian.org/debian bookworm/main amd64 libgdbm6 amd64 1.23-3 [72.2 kB]
#19 8.752 Get:3 http://deb.debian.org/debian bookworm/main amd64 libgdbm-compat4 amd64 1.23-3 [48.2 kB]
#19 8.752 Get:4 http://deb.debian.org/debian bookworm/main amd64 libperl5.36 amd64 5.36.0-7+deb12u3 [4196 kB]
#19 8.817 Get:5 http://deb.debian.org/debian bookworm/main amd64 perl amd64 5.36.0-7+deb12u3 [239 kB]
#19 8.820 Get:6 http://deb.debian.org/debian bookworm/main amd64 libssl3 amd64 3.0.20-1~deb12u2 [2036 kB]
#19 8.853 Get:7 http://deb.debian.org/debian bookworm/main amd64 libpython3.11-minimal amd64 3.11.2-6+deb12u8 [818 kB]
#19 8.865 Get:8 http://deb.debian.org/debian bookworm/main amd64 libexpat1 amd64 2.5.0-1+deb12u2 [99.9 kB]
#19 8.867 Get:9 http://deb.debian.org/debian bookworm/main amd64 python3.11-minimal amd64 3.11.2-6+deb12u8 [2065 kB]
#19 8.901 Get:10 http://deb.debian.org/debian bookworm/main amd64 python3-minimal amd64 3.11.2-1+b1 [26.3 kB]
#19 8.901 Get:11 http://deb.debian.org/debian bookworm/main amd64 media-types all 10.0.0 [26.1 kB]
#19 8.902 Get:12 http://deb.debian.org/debian bookworm/main amd64 libncursesw6 amd64 6.4-4 [134 kB]
#19 8.904 Get:13 http://deb.debian.org/debian bookworm/main amd64 libkrb5support0 amd64 1.20.1-2+deb12u5 [33.2 kB]
#19 8.904 Get:14 http://deb.debian.org/debian bookworm/main amd64 libk5crypto3 amd64 1.20.1-2+deb12u5 [79.7 kB]
#19 8.905 Get:15 http://deb.debian.org/debian bookworm/main amd64 libkeyutils1 amd64 1.6.3-2 [8808 B]
#19 8.906 Get:16 http://deb.debian.org/debian bookworm/main amd64 libkrb5-3 amd64 1.20.1-2+deb12u5 [332 kB]
#19 8.911 Get:17 http://deb.debian.org/debian bookworm/main amd64 libgssapi-krb5-2 amd64 1.20.1-2+deb12u5 [135 kB]
#19 8.914 Get:18 http://deb.debian.org/debian bookworm/main amd64 libtirpc-common all 1.3.3+ds-1 [14.0 kB]
#19 8.918 Get:19 http://deb.debian.org/debian bookworm/main amd64 libtirpc3 amd64 1.3.3+ds-1 [85.2 kB]
#19 8.932 Get:20 http://deb.debian.org/debian bookworm/main amd64 libnsl2 amd64 1.3.0-2 [39.5 kB]
#19 8.933 Get:21 http://deb.debian.org/debian bookworm/main amd64 readline-common all 8.2-1.3 [69.0 kB]
#19 8.934 Get:22 http://deb.debian.org/debian bookworm/main amd64 libreadline8 amd64 8.2-1.3 [166 kB]
#19 8.936 Get:23 http://deb.debian.org/debian bookworm/main amd64 libsqlite3-0 amd64 3.40.1-2+deb12u2 [839 kB]
#19 8.948 Get:24 http://deb.debian.org/debian bookworm/main amd64 libpython3.11-stdlib amd64 3.11.2-6+deb12u8 [1799 kB]
#19 8.978 Get:25 http://deb.debian.org/debian bookworm/main amd64 python3.11 amd64 3.11.2-6+deb12u8 [574 kB]
#19 8.988 Get:26 http://deb.debian.org/debian bookworm/main amd64 libpython3-stdlib amd64 3.11.2-1+b1 [9312 B]
#19 8.989 Get:27 http://deb.debian.org/debian bookworm/main amd64 python3 amd64 3.11.2-1+b1 [26.3 kB]
#19 8.989 Get:28 http://deb.debian.org/debian bookworm/main amd64 less amd64 590-2.1~deb12u2 [132 kB]
#19 8.991 Get:29 http://deb.debian.org/debian bookworm/main amd64 netbase all 6.4 [12.8 kB]
#19 8.991 Get:30 http://deb.debian.org/debian bookworm/main amd64 libproc2-0 amd64 2:4.0.2-3 [62.8 kB]
#19 9.010 Get:31 http://deb.debian.org/debian bookworm/main amd64 procps amd64 2:4.0.2-3 [709 kB]
#19 9.019 Get:32 http://deb.debian.org/debian bookworm/main amd64 openssl amd64 3.0.20-1~deb12u2 [1439 kB]
#19 9.042 Get:33 http://deb.debian.org/debian bookworm/main amd64 ca-certificates all 20230311+deb12u1 [155 kB]
#19 9.046 Get:34 http://deb.debian.org/debian bookworm/main amd64 krb5-locales all 1.20.1-2+deb12u5 [63.5 kB]
#19 9.047 Get:35 http://deb.debian.org/debian bookworm/main amd64 manpages all 6.03-2 [1332 kB]
#19 9.068 Get:36 http://deb.debian.org/debian bookworm/main amd64 libbsd0 amd64 0.11.7-2 [117 kB]
#19 9.069 Get:37 http://deb.debian.org/debian bookworm/main amd64 libedit2 amd64 3.1-20221030-2 [93.0 kB]
#19 9.071 Get:38 http://deb.debian.org/debian bookworm/main amd64 libcbor0.8 amd64 0.8.0-2+b1 [27.4 kB]
#19 9.071 Get:39 http://deb.debian.org/debian bookworm/main amd64 libfido2-1 amd64 1.12.0-2+b1 [77.2 kB]
#19 9.090 Get:40 http://deb.debian.org/debian bookworm/main amd64 openssh-client amd64 1:9.2p1-2+deb12u10 [994 kB]
#19 9.103 Get:41 http://deb.debian.org/debian bookworm/main amd64 xz-utils amd64 5.4.1-1+deb12u1 [471 kB]
#19 9.113 Get:42 http://deb.debian.org/debian bookworm/main amd64 binutils-common amd64 2.40-2 [2487 kB]
#19 9.171 Get:43 http://deb.debian.org/debian bookworm/main amd64 libbinutils amd64 2.40-2 [572 kB]
#19 9.178 Get:44 http://deb.debian.org/debian bookworm/main amd64 libctf-nobfd0 amd64 2.40-2 [153 kB]
#19 9.180 Get:45 http://deb.debian.org/debian bookworm/main amd64 libctf0 amd64 2.40-2 [89.8 kB]
#19 9.180 Get:46 http://deb.debian.org/debian bookworm/main amd64 libgprofng0 amd64 2.40-2 [812 kB]
#19 9.196 Get:47 http://deb.debian.org/debian bookworm/main amd64 libjansson4 amd64 2.14-2 [40.8 kB]
#19 9.196 Get:48 http://deb.debian.org/debian bookworm/main amd64 binutils-x86-64-linux-gnu amd64 2.40-2 [2246 kB]
#19 9.233 Get:49 http://deb.debian.org/debian bookworm/main amd64 binutils amd64 2.40-2 [65.0 kB]
#19 9.234 Get:50 http://deb.debian.org/debian bookworm/main amd64 libicu72 amd64 72.1-3+deb12u1 [9376 kB]
#19 9.388 Get:51 http://deb.debian.org/debian bookworm/main amd64 libxml2 amd64 2.9.14+dfsg-1.3~deb12u6 [689 kB]
#19 9.418 Get:52 http://deb.debian.org/debian bookworm/main amd64 libarchive13 amd64 3.6.2-1+deb12u4 [345 kB]
#19 9.423 Get:53 http://deb.debian.org/debian bookworm/main amd64 libbrotli1 amd64 1.0.9-2+b6 [275 kB]
#19 9.428 Get:54 http://deb.debian.org/debian bookworm/main amd64 libsasl2-modules-db amd64 2.1.28+dfsg-10 [20.3 kB]
#19 9.428 Get:55 http://deb.debian.org/debian bookworm/main amd64 libsasl2-2 amd64 2.1.28+dfsg-10 [59.7 kB]
#19 9.429 Get:56 http://deb.debian.org/debian bookworm/main amd64 libldap-2.5-0 amd64 2.5.13+dfsg-5 [183 kB]
#19 9.455 Get:57 http://deb.debian.org/debian bookworm/main amd64 libnghttp2-14 amd64 1.52.0-1+deb12u3 [72.4 kB]
#19 9.456 Get:58 http://deb.debian.org/debian bookworm/main amd64 libpsl5 amd64 0.21.2-1 [58.7 kB]
#19 9.456 Get:59 http://deb.debian.org/debian bookworm/main amd64 librtmp1 amd64 2.4+20151223.gitfa8646d.1-2+b2 [60.8 kB]
#19 9.460 Get:60 http://deb.debian.org/debian bookworm/main amd64 libssh2-1 amd64 1.10.0-3+b1 [179 kB]
#19 9.460 Get:61 http://deb.debian.org/debian bookworm/main amd64 libcurl4 amd64 7.88.1-10+deb12u15 [392 kB]
#19 9.462 Get:62 http://deb.debian.org/debian bookworm/main amd64 libjsoncpp25 amd64 1.9.5-4 [78.6 kB]
#19 9.462 Get:63 http://deb.debian.org/debian bookworm/main amd64 librhash0 amd64 1.4.3-3 [134 kB]
#19 9.463 Get:64 http://deb.debian.org/debian bookworm/main amd64 libuv1 amd64 1.44.2-1+deb12u1 [136 kB]
#19 9.464 Get:65 http://deb.debian.org/debian bookworm/main amd64 cmake-data all 3.25.1-1 [2026 kB]
#19 9.572 Get:66 http://deb.debian.org/debian bookworm/main amd64 cmake amd64 3.25.1-1 [8692 kB]
#19 9.979 Get:67 http://deb.debian.org/debian bookworm/main amd64 libisl23 amd64 0.25-1.1 [683 kB]
#19 10.03 Get:68 http://deb.debian.org/debian bookworm/main amd64 libmpfr6 amd64 4.2.0-1 [701 kB]
#19 10.06 Get:69 http://deb.debian.org/debian bookworm/main amd64 libmpc3 amd64 1.3.1-1 [51.5 kB]
#19 10.07 Get:70 http://deb.debian.org/debian bookworm/main amd64 cpp-12 amd64 12.2.0-14+deb12u1 [9768 kB]
#19 10.52 Get:71 http://deb.debian.org/debian bookworm/main amd64 cpp amd64 4:12.2.0-3 [6836 B]
#19 10.52 Get:72 http://deb.debian.org/debian bookworm/main amd64 fonts-dejavu-core all 2.37-6 [1068 kB]
#19 10.59 Get:73 http://deb.debian.org/debian bookworm/main amd64 fontconfig-config amd64 2.14.1-4 [315 kB]
#19 10.60 Get:74 http://deb.debian.org/debian bookworm/main amd64 libcc1-0 amd64 12.2.0-14+deb12u1 [41.7 kB]
#19 10.60 Get:75 http://deb.debian.org/debian bookworm/main amd64 libgomp1 amd64 12.2.0-14+deb12u1 [116 kB]
#19 10.61 Get:76 http://deb.debian.org/debian bookworm/main amd64 libitm1 amd64 12.2.0-14+deb12u1 [26.1 kB]
#19 10.61 Get:77 http://deb.debian.org/debian bookworm/main amd64 libatomic1 amd64 12.2.0-14+deb12u1 [9376 B]
#19 10.61 Get:78 http://deb.debian.org/debian bookworm/main amd64 libasan8 amd64 12.2.0-14+deb12u1 [2193 kB]
#19 10.71 Get:79 http://deb.debian.org/debian bookworm/main amd64 liblsan0 amd64 12.2.0-14+deb12u1 [969 kB]
#19 10.76 Get:80 http://deb.debian.org/debian bookworm/main amd64 libtsan2 amd64 12.2.0-14+deb12u1 [2197 kB]
#19 10.86 Get:81 http://deb.debian.org/debian bookworm/main amd64 libubsan1 amd64 12.2.0-14+deb12u1 [883 kB]
#19 10.90 Get:82 http://deb.debian.org/debian bookworm/main amd64 libquadmath0 amd64 12.2.0-14+deb12u1 [145 kB]
#19 10.90 Get:83 http://deb.debian.org/debian bookworm/main amd64 libgcc-12-dev amd64 12.2.0-14+deb12u1 [2437 kB]
#19 11.03 Get:84 http://deb.debian.org/debian bookworm/main amd64 gcc-12 amd64 12.2.0-14+deb12u1 [19.3 MB]
#19 ...

#20 [prover-builder  3/16] RUN export DEBIAN_FRONTEND=noninteractive &&     apt-get update &&     apt-get install -y make wget gpg software-properties-common zlib1g-dev libstdc++-12-dev wabt
#20 0.277 Get:1 http://deb.debian.org/debian bookworm InRelease [151 kB]
#20 0.342 Get:2 http://deb.debian.org/debian bookworm-updates InRelease [55.4 kB]
#20 0.372 Get:3 http://deb.debian.org/debian-security bookworm-security InRelease [34.8 kB]
#20 0.395 Get:4 http://deb.debian.org/debian bookworm/main amd64 Packages [8790 kB]
#20 0.856 Get:5 http://deb.debian.org/debian bookworm-updates/main amd64 Packages [6924 B]
#20 0.856 Get:6 http://deb.debian.org/debian-security bookworm-security/main amd64 Packages [319 kB]
#20 1.497 Fetched 9357 kB in 1s (7296 kB/s)
#20 1.497 Reading package lists...
#20 1.840 Reading package lists...
#20 2.191 Building dependency tree...
#20 2.276 Reading state information...
#20 2.364 The following additional packages will be installed:
#20 2.364   appstream dbus dbus-bin dbus-daemon dbus-session-bus-common
#20 2.364   dbus-system-bus-common dbus-user-session dirmngr distro-info-data dmsetup
#20 2.365   gir1.2-glib-2.0 gir1.2-packagekitglib-1.0 gnupg gnupg-l10n gnupg-utils
#20 2.365   gpg-agent gpg-wks-client gpg-wks-server gpgconf gpgsm iso-codes libapparmor1
#20 2.365   libappstream4 libargon2-1 libassuan0 libbrotli1 libcap2 libcap2-bin
#20 2.365   libcryptsetup12 libcurl3-gnutls libdbus-1-3 libdevmapper1.02.1 libduktape207
#20 2.365   libdw1 libelf1 libexpat1 libfdisk1 libgirepository-1.0-1 libglib2.0-0
#20 2.365   libglib2.0-bin libglib2.0-data libgpm2 libgstreamer1.0-0 libicu72 libip4tc2
#20 2.365   libjson-c5 libkmod2 libksba8 libldap-2.5-0 libldap-common libncursesw6
#20 2.365   libnghttp2-14 libnpth0 libnss-systemd libpackagekit-glib2-18 libpam-cap
#20 2.365   libpam-systemd libpolkit-agent-1-0 libpolkit-gobject-1-0 libpsl5
#20 2.365   libpython3-stdlib libpython3.11-minimal libpython3.11-stdlib libreadline8
#20 2.365   librtmp1 libsasl2-2 libsasl2-modules libsasl2-modules-db libsqlite3-0
#20 2.365   libssh2-1 libstemmer0d libsystemd-shared libsystemd0 libudev1 libunwind8
#20 2.365   libxml2 libxmlb2 libyaml-0-2 lsb-release media-types packagekit
#20 2.365   packagekit-tools pinentry-curses polkitd publicsuffix python-apt-common
#20 2.365   python3 python3-apt python3-blinker python3-cffi-backend
#20 2.365   python3-cryptography python3-dbus python3-distro python3-gi python3-httplib2
#20 2.365   python3-jwt python3-lazr.restfulclient python3-lazr.uri python3-minimal
#20 2.365   python3-oauthlib python3-pkg-resources python3-pyparsing python3-six
#20 2.365   python3-software-properties python3-wadllib python3.11 python3.11-minimal
#20 2.365   readline-common sgml-base shared-mime-info systemd systemd-sysv
#20 2.365   systemd-timesyncd xdg-user-dirs xml-core
#20 2.366 Suggested packages:
#20 2.366   apt-config-icons pinentry-gnome3 tor parcimonie xloadimage scdaemon isoquery
#20 2.366   low-memory-monitor gpm gstreamer1.0-tools libsasl2-modules-gssapi-mit
#20 2.366   | libsasl2-modules-gssapi-heimdal libsasl2-modules-ldap libsasl2-modules-otp
#20 2.366   libsasl2-modules-sql libstdc++-12-doc make-doc pinentry-doc polkitd-pkla
#20 2.366   python3-doc python3-tk python3-venv python-apt-doc python-blinker-doc
#20 2.366   python-cryptography-doc python3-cryptography-vectors python-dbus-doc
#20 2.366   python3-crypto python3-setuptools python-pyparsing-doc python3.11-venv
#20 2.366   python3.11-doc binfmt-support readline-doc sgml-base-doc systemd-container
#20 2.366   systemd-homed systemd-userdbd systemd-boot systemd-resolved libfido2-1
#20 2.366   libqrencode4 libtss2-esys-3.0.2-0 libtss2-mu0 libtss2-rc0 debhelper
#20 2.800 The following NEW packages will be installed:
#20 2.800   appstream dbus dbus-bin dbus-daemon dbus-session-bus-common
#20 2.800   dbus-system-bus-common dbus-user-session dirmngr distro-info-data dmsetup
#20 2.800   gir1.2-glib-2.0 gir1.2-packagekitglib-1.0 gnupg gnupg-l10n gnupg-utils gpg
#20 2.800   gpg-agent gpg-wks-client gpg-wks-server gpgconf gpgsm iso-codes libapparmor1
#20 2.800   libappstream4 libargon2-1 libassuan0 libbrotli1 libcap2-bin libcryptsetup12
#20 2.801   libcurl3-gnutls libdbus-1-3 libdevmapper1.02.1 libduktape207 libdw1 libelf1
#20 2.801   libexpat1 libfdisk1 libgirepository-1.0-1 libglib2.0-0 libglib2.0-bin
#20 2.801   libglib2.0-data libgpm2 libgstreamer1.0-0 libicu72 libip4tc2 libjson-c5
#20 2.801   libkmod2 libksba8 libldap-2.5-0 libldap-common libncursesw6 libnghttp2-14
#20 2.801   libnpth0 libnss-systemd libpackagekit-glib2-18 libpam-cap libpam-systemd
#20 2.801   libpolkit-agent-1-0 libpolkit-gobject-1-0 libpsl5 libpython3-stdlib
#20 2.801   libpython3.11-minimal libpython3.11-stdlib libreadline8 librtmp1 libsasl2-2
#20 2.801   libsasl2-modules libsasl2-modules-db libsqlite3-0 libssh2-1 libstdc++-12-dev
#20 2.801   libstemmer0d libsystemd-shared libunwind8 libxml2 libxmlb2 libyaml-0-2
#20 2.801   lsb-release make media-types packagekit packagekit-tools pinentry-curses
#20 2.801   polkitd publicsuffix python-apt-common python3 python3-apt python3-blinker
#20 2.801   python3-cffi-backend python3-cryptography python3-dbus python3-distro
#20 2.801   python3-gi python3-httplib2 python3-jwt python3-lazr.restfulclient
#20 2.801   python3-lazr.uri python3-minimal python3-oauthlib python3-pkg-resources
#20 2.801   python3-pyparsing python3-six python3-software-properties python3-wadllib
#20 2.801   python3.11 python3.11-minimal readline-common sgml-base shared-mime-info
#20 2.801   software-properties-common systemd systemd-sysv systemd-timesyncd wabt wget
#20 2.801   xdg-user-dirs xml-core zlib1g-dev
#20 2.801 The following packages will be upgraded:
#20 2.802   libcap2 libsystemd0 libudev1
#20 2.872 3 upgraded, 119 newly installed, 0 to remove and 19 not upgraded.
#20 2.872 Need to get 51.8 MB of archives.
#20 2.872 After this operation, 217 MB of additional disk space will be used.
#20 2.872 Get:1 http://deb.debian.org/debian bookworm/main amd64 libargon2-1 amd64 0~20171227-0.3+deb12u1 [19.4 kB]
#20 2.894 Get:2 http://deb.debian.org/debian bookworm/main amd64 libudev1 amd64 252.39-1~deb12u2 [109 kB]
#20 2.958 Get:3 http://deb.debian.org/debian bookworm/main amd64 dmsetup amd64 2:1.02.185-2 [82.0 kB]
#20 2.979 Get:4 http://deb.debian.org/debian bookworm/main amd64 libdevmapper1.02.1 amd64 2:1.02.185-2 [133 kB]
#20 3.002 Get:5 http://deb.debian.org/debian bookworm/main amd64 libjson-c5 amd64 0.16-2 [44.1 kB]
#20 3.010 Get:6 http://deb.debian.org/debian bookworm/main amd64 libcryptsetup12 amd64 2:2.6.1-4~deb12u2 [223 kB]
#20 3.049 Get:7 http://deb.debian.org/debian bookworm/main amd64 libfdisk1 amd64 2.38.1-5+deb12u3 [194 kB]
#20 3.081 Get:8 http://deb.debian.org/debian bookworm/main amd64 libkmod2 amd64 30+20221128-1 [57.9 kB]
#20 3.089 Get:9 http://deb.debian.org/debian bookworm/main amd64 libapparmor1 amd64 3.0.8-3 [41.2 kB]
#20 3.098 Get:10 http://deb.debian.org/debian bookworm/main amd64 libcap2 amd64 1:2.66-4+deb12u3+b1 [27.7 kB]
#20 3.101 Get:11 http://deb.debian.org/debian bookworm/main amd64 libip4tc2 amd64 1.8.9-2 [19.0 kB]
#20 3.103 Get:12 http://deb.debian.org/debian bookworm/main amd64 libsystemd-shared amd64 252.39-1~deb12u2 [1696 kB]
#20 ...

#15 [brotli-library-builder 5/5] RUN apt-get update &&     apt-get install -y cmake make gcc git &&     ./scripts/build-brotli.sh -l -t /workspace/install/
#15 1.236 Get:1 http://deb.debian.org/debian bookworm InRelease [151 kB]
#15 1.356 Get:2 http://deb.debian.org/debian bookworm-updates InRelease [55.4 kB]
#15 1.429 Get:3 http://deb.debian.org/debian-security bookworm-security InRelease [34.8 kB]
#15 1.488 Get:4 http://deb.debian.org/debian bookworm/main amd64 Packages [8790 kB]
#15 5.168 Get:5 http://deb.debian.org/debian bookworm-updates/main amd64 Packages [6924 B]
#15 5.186 Get:6 http://deb.debian.org/debian-security bookworm-security/main amd64 Packages [319 kB]
#15 5.877 Fetched 9357 kB in 6s (1632 kB/s)
#15 5.877 Reading package lists...
#15 6.255 Reading package lists...
#15 6.667 Building dependency tree...
#15 6.761 Reading state information...
#15 6.876 The following additional packages will be installed:
#15 6.876   binutils binutils-common binutils-x86-64-linux-gnu ca-certificates
#15 6.876   cmake-data cpp cpp-12 fontconfig-config fonts-dejavu-core gcc-12 git-man
#15 6.876   krb5-locales less libabsl20220623 libaom3 libarchive13 libasan8 libatomic1
#15 6.876   libavif15 libbinutils libbrotli1 libbsd0 libc-dev-bin libc-devtools
#15 6.876   libc6-dev libcbor0.8 libcc1-0 libcrypt-dev libctf-nobfd0 libctf0
#15 6.876   libcurl3-gnutls libcurl4 libdav1d6 libde265-0 libdeflate0 libedit2
#15 6.876   liberror-perl libexpat1 libfido2-1 libfontconfig1 libfreetype6 libgav1-1
#15 6.876   libgcc-12-dev libgd3 libgdbm-compat4 libgdbm6 libgomp1 libgpm2 libgprofng0
#15 6.876   libgssapi-krb5-2 libheif1 libicu72 libisl23 libitm1 libjansson4 libjbig0
#15 6.876   libjpeg62-turbo libjsoncpp25 libk5crypto3 libkeyutils1 libkrb5-3
#15 6.876   libkrb5support0 libldap-2.5-0 libldap-common liblerc4 liblsan0 libmpc3
#15 6.876   libmpfr6 libncursesw6 libnghttp2-14 libnsl-dev libnsl2 libnuma1 libperl5.36
#15 6.877   libpng16-16 libproc2-0 libpsl5 libquadmath0 librav1e0 librhash0 librtmp1
#15 6.877   libsasl2-2 libsasl2-modules libsasl2-modules-db libssh2-1 libssl3
#15 6.877   libsvtav1enc1 libtiff6 libtirpc-common libtirpc-dev libtirpc3 libtsan2
#15 6.877   libubsan1 libuv1 libwebp7 libx11-6 libx11-data libx265-199 libxau6 libxcb1
#15 6.877   libxdmcp6 libxext6 libxml2 libxmuu1 libxpm4 libyuv0 linux-libc-dev manpages
#15 6.877   manpages-dev netbase openssh-client openssl patch perl perl-modules-5.36
#15 6.877   procps psmisc publicsuffix rpcsvc-proto xauth
#15 6.878 Suggested packages:
#15 6.878   binutils-doc cmake-doc cmake-format elpa-cmake-mode ninja-build cpp-doc
#15 6.878   gcc-12-locales cpp-12-doc gcc-multilib autoconf automake libtool flex bison
#15 6.878   gdb gcc-doc gcc-12-multilib gcc-12-doc gettext-base git-daemon-run
#15 6.878   | git-daemon-sysvinit git-doc git-email git-gui gitk gitweb git-cvs
#15 6.878   git-mediawiki git-svn lrzip glibc-doc libgd-tools gdbm-l10n gpm krb5-doc
#15 6.878   krb5-user sensible-utils libsasl2-modules-gssapi-mit
#15 6.878   | libsasl2-modules-gssapi-heimdal libsasl2-modules-ldap libsasl2-modules-otp
#15 6.878   libsasl2-modules-sql make-doc man-browser keychain libpam-ssh monkeysphere
#15 6.878   ssh-askpass ed diffutils-doc perl-doc libterm-readline-gnu-perl
#15 6.878   | libterm-readline-perl-perl libtap-harness-archive-perl
#15 7.305 The following NEW packages will be installed:
#15 7.305   binutils binutils-common binutils-x86-64-linux-gnu ca-certificates cmake
#15 7.305   cmake-data cpp cpp-12 fontconfig-config fonts-dejavu-core gcc gcc-12 git
#15 7.305   git-man krb5-locales less libabsl20220623 libaom3 libarchive13 libasan8
#15 7.305   libatomic1 libavif15 libbinutils libbrotli1 libbsd0 libc-dev-bin
#15 7.305   libc-devtools libc6-dev libcbor0.8 libcc1-0 libcrypt-dev libctf-nobfd0
#15 7.305   libctf0 libcurl3-gnutls libcurl4 libdav1d6 libde265-0 libdeflate0 libedit2
#15 7.305   liberror-perl libexpat1 libfido2-1 libfontconfig1 libfreetype6 libgav1-1
#15 7.305   libgcc-12-dev libgd3 libgdbm-compat4 libgdbm6 libgomp1 libgpm2 libgprofng0
#15 7.305   libgssapi-krb5-2 libheif1 libicu72 libisl23 libitm1 libjansson4 libjbig0
#15 7.305   libjpeg62-turbo libjsoncpp25 libk5crypto3 libkeyutils1 libkrb5-3
#15 7.305   libkrb5support0 libldap-2.5-0 libldap-common liblerc4 liblsan0 libmpc3
#15 7.305   libmpfr6 libncursesw6 libnghttp2-14 libnsl-dev libnsl2 libnuma1 libperl5.36
#15 7.305   libpng16-16 libproc2-0 libpsl5 libquadmath0 librav1e0 librhash0 librtmp1
#15 7.305   libsasl2-2 libsasl2-modules libsasl2-modules-db libssh2-1 libssl3
#15 7.305   libsvtav1enc1 libtiff6 libtirpc-common libtirpc-dev libtirpc3 libtsan2
#15 7.305   libubsan1 libuv1 libwebp7 libx11-6 libx11-data libx265-199 libxau6 libxcb1
#15 7.305   libxdmcp6 libxext6 libxml2 libxmuu1 libxpm4 libyuv0 linux-libc-dev make
#15 7.305   manpages manpages-dev netbase openssh-client openssl patch perl
#15 7.306   perl-modules-5.36 procps psmisc publicsuffix rpcsvc-proto xauth
#15 8.398 0 upgraded, 124 newly installed, 0 to remove and 0 not upgraded.
#15 8.398 Need to get 115 MB of archives.
#15 8.398 After this operation, 466 MB of additional disk space will be used.
#15 8.398 Get:1 http://deb.debian.org/debian bookworm/main amd64 perl-modules-5.36 all 5.36.0-7+deb12u3 [2815 kB]
#15 8.562 Get:2 http://deb.debian.org/debian bookworm/main amd64 libgdbm6 amd64 1.23-3 [72.2 kB]
#15 8.565 Get:3 http://deb.debian.org/debian bookworm/main amd64 libgdbm-compat4 amd64 1.23-3 [48.2 kB]
#15 8.566 Get:4 http://deb.debian.org/debian bookworm/main amd64 libperl5.36 amd64 5.36.0-7+deb12u3 [4196 kB]
#15 8.813 Get:5 http://deb.debian.org/debian bookworm/main amd64 perl amd64 5.36.0-7+deb12u3 [239 kB]
#15 8.828 Get:6 http://deb.debian.org/debian bookworm/main amd64 less amd64 590-2.1~deb12u2 [132 kB]
#15 8.834 Get:7 http://deb.debian.org/debian bookworm/main amd64 netbase all 6.4 [12.8 kB]
#15 8.835 Get:8 http://deb.debian.org/debian bookworm/main amd64 libncursesw6 amd64 6.4-4 [134 kB]
#15 8.846 Get:9 http://deb.debian.org/debian bookworm/main amd64 libproc2-0 amd64 2:4.0.2-3 [62.8 kB]
#15 8.866 Get:10 http://deb.debian.org/debian bookworm/main amd64 procps amd64 2:4.0.2-3 [709 kB]
#15 8.906 Get:11 http://deb.debian.org/debian bookworm/main amd64 libssl3 amd64 3.0.20-1~deb12u2 [2036 kB]
#15 9.026 Get:12 http://deb.debian.org/debian bookworm/main amd64 openssl amd64 3.0.20-1~deb12u2 [1439 kB]
#15 9.106 Get:13 http://deb.debian.org/debian bookworm/main amd64 ca-certificates all 20230311+deb12u1 [155 kB]
#15 9.115 Get:14 http://deb.debian.org/debian bookworm/main amd64 krb5-locales all 1.20.1-2+deb12u5 [63.5 kB]
#15 9.120 Get:15 http://deb.debian.org/debian bookworm/main amd64 manpages all 6.03-2 [1332 kB]
#15 9.194 Get:16 http://deb.debian.org/debian bookworm/main amd64 libbsd0 amd64 0.11.7-2 [117 kB]
#15 9.201 Get:17 http://deb.debian.org/debian bookworm/main amd64 libedit2 amd64 3.1-20221030-2 [93.0 kB]
#15 9.207 Get:18 http://deb.debian.org/debian bookworm/main amd64 libcbor0.8 amd64 0.8.0-2+b1 [27.4 kB]
#15 9.208 Get:19 http://deb.debian.org/debian bookworm/main amd64 libfido2-1 amd64 1.12.0-2+b1 [77.2 kB]
#15 9.212 Get:20 http://deb.debian.org/debian bookworm/main amd64 libkrb5support0 amd64 1.20.1-2+deb12u5 [33.2 kB]
#15 9.215 Get:21 http://deb.debian.org/debian bookworm/main amd64 libk5crypto3 amd64 1.20.1-2+deb12u5 [79.7 kB]
#15 9.219 Get:22 http://deb.debian.org/debian bookworm/main amd64 libkeyutils1 amd64 1.6.3-2 [8808 B]
#15 9.220 Get:23 http://deb.debian.org/debian bookworm/main amd64 libkrb5-3 amd64 1.20.1-2+deb12u5 [332 kB]
#15 9.258 Get:24 http://deb.debian.org/debian bookworm/main amd64 libgssapi-krb5-2 amd64 1.20.1-2+deb12u5 [135 kB]
#15 9.279 Get:25 http://deb.debian.org/debian bookworm/main amd64 openssh-client amd64 1:9.2p1-2+deb12u10 [994 kB]
#15 9.334 Get:26 http://deb.debian.org/debian bookworm/main amd64 binutils-common amd64 2.40-2 [2487 kB]
#15 9.491 Get:27 http://deb.debian.org/debian bookworm/main amd64 libbinutils amd64 2.40-2 [572 kB]
#15 9.519 Get:28 http://deb.debian.org/debian bookworm/main amd64 libctf-nobfd0 amd64 2.40-2 [153 kB]
#15 9.529 Get:29 http://deb.debian.org/debian bookworm/main amd64 libctf0 amd64 2.40-2 [89.8 kB]
#15 9.533 Get:30 http://deb.debian.org/debian bookworm/main amd64 libgprofng0 amd64 2.40-2 [812 kB]
#15 9.578 Get:31 http://deb.debian.org/debian bookworm/main amd64 libjansson4 amd64 2.14-2 [40.8 kB]
#15 9.581 Get:32 http://deb.debian.org/debian bookworm/main amd64 binutils-x86-64-linux-gnu amd64 2.40-2 [2246 kB]
#15 9.701 Get:33 http://deb.debian.org/debian bookworm/main amd64 binutils amd64 2.40-2 [65.0 kB]
#15 9.705 Get:34 http://deb.debian.org/debian bookworm/main amd64 libicu72 amd64 72.1-3+deb12u1 [9376 kB]
#15 10.20 Get:35 http://deb.debian.org/debian bookworm/main amd64 libxml2 amd64 2.9.14+dfsg-1.3~deb12u6 [689 kB]
#15 10.23 Get:36 http://deb.debian.org/debian bookworm/main amd64 libarchive13 amd64 3.6.2-1+deb12u4 [345 kB]
#15 10.25 Get:37 http://deb.debian.org/debian bookworm/main amd64 libbrotli1 amd64 1.0.9-2+b6 [275 kB]
#15 10.26 Get:38 http://deb.debian.org/debian bookworm/main amd64 libsasl2-modules-db amd64 2.1.28+dfsg-10 [20.3 kB]
#15 10.26 Get:39 http://deb.debian.org/debian bookworm/main amd64 libsasl2-2 amd64 2.1.28+dfsg-10 [59.7 kB]
#15 10.27 Get:40 http://deb.debian.org/debian bookworm/main amd64 libldap-2.5-0 amd64 2.5.13+dfsg-5 [183 kB]
#15 10.27 Get:41 http://deb.debian.org/debian bookworm/main amd64 libnghttp2-14 amd64 1.52.0-1+deb12u3 [72.4 kB]
#15 10.28 Get:42 http://deb.debian.org/debian bookworm/main amd64 libpsl5 amd64 0.21.2-1 [58.7 kB]
#15 10.28 Get:43 http://deb.debian.org/debian bookworm/main amd64 librtmp1 amd64 2.4+20151223.gitfa8646d.1-2+b2 [60.8 kB]
#15 10.29 Get:44 http://deb.debian.org/debian bookworm/main amd64 libssh2-1 amd64 1.10.0-3+b1 [179 kB]
#15 10.29 Get:45 http://deb.debian.org/debian bookworm/main amd64 libcurl4 amd64 7.88.1-10+deb12u15 [392 kB]
#15 10.31 Get:46 http://deb.debian.org/debian bookworm/main amd64 libexpat1 amd64 2.5.0-1+deb12u2 [99.9 kB]
#15 10.32 Get:47 http://deb.debian.org/debian bookworm/main amd64 libjsoncpp25 amd64 1.9.5-4 [78.6 kB]
#15 10.32 Get:48 http://deb.debian.org/debian bookworm/main amd64 librhash0 amd64 1.4.3-3 [134 kB]
#15 10.33 Get:49 http://deb.debian.org/debian bookworm/main amd64 libuv1 amd64 1.44.2-1+deb12u1 [136 kB]
#15 10.34 Get:50 http://deb.debian.org/debian bookworm/main amd64 cmake-data all 3.25.1-1 [2026 kB]
#15 10.44 Get:51 http://deb.debian.org/debian bookworm/main amd64 cmake amd64 3.25.1-1 [8692 kB]
#15 10.86 Get:52 http://deb.debian.org/debian bookworm/main amd64 libisl23 amd64 0.25-1.1 [683 kB]
#15 10.90 Get:53 http://deb.debian.org/debian bookworm/main amd64 libmpfr6 amd64 4.2.0-1 [701 kB]
#15 10.95 Get:54 http://deb.debian.org/debian bookworm/main amd64 libmpc3 amd64 1.3.1-1 [51.5 kB]
#15 10.95 Get:55 http://deb.debian.org/debian bookworm/main amd64 cpp-12 amd64 12.2.0-14+deb12u1 [9768 kB]
#15 ...

#16 [contracts-builder  2/15] RUN apt-get update &&     apt-get install -y git python3 make g++ curl
#16 8.425 Get:87 http://deb.debian.org/debian bookworm/main amd64 g++-12 amd64 12.2.0-14+deb12u1 [10.7 MB]
#16 9.014 Get:88 http://deb.debian.org/debian bookworm/main amd64 g++ amd64 4:12.2.0-3 [1356 B]
#16 9.014 Get:89 http://deb.debian.org/debian bookworm/main amd64 libcurl3-gnutls amd64 7.88.1-10+deb12u15 [386 kB]
#16 9.034 Get:90 http://deb.debian.org/debian bookworm/main amd64 liberror-perl all 0.17029-2 [29.0 kB]
#16 9.035 Get:91 http://deb.debian.org/debian bookworm/main amd64 git-man all 1:2.39.5-0+deb12u3 [2053 kB]
#16 9.143 Get:92 http://deb.debian.org/debian bookworm/main amd64 git amd64 1:2.39.5-0+deb12u3 [7264 kB]
#16 9.522 Get:93 http://deb.debian.org/debian bookworm/main amd64 libabsl20220623 amd64 20220623.1-1+deb12u2 [391 kB]
#16 9.541 Get:94 http://deb.debian.org/debian bookworm/main amd64 libaom3 amd64 3.6.0-1+deb12u2 [1850 kB]
#16 9.635 Get:95 http://deb.debian.org/debian bookworm/main amd64 libdav1d6 amd64 1.0.0-2+deb12u1 [513 kB]
#16 9.662 Get:96 http://deb.debian.org/debian bookworm/main amd64 libgav1-1 amd64 0.18.0-1+b1 [332 kB]
#16 9.678 Get:97 http://deb.debian.org/debian bookworm/main amd64 librav1e0 amd64 0.5.1-6 [763 kB]
#16 9.716 Get:98 http://deb.debian.org/debian bookworm/main amd64 libsvtav1enc1 amd64 1.4.1+dfsg-1 [2121 kB]
#16 9.824 Get:99 http://deb.debian.org/debian bookworm/main amd64 libjpeg62-turbo amd64 1:2.1.5-2 [166 kB]
#16 9.831 Get:100 http://deb.debian.org/debian bookworm/main amd64 libyuv0 amd64 0.0~git20230123.b2528b0-1 [168 kB]
#16 9.840 Get:101 http://deb.debian.org/debian bookworm/main amd64 libavif15 amd64 0.11.1-1+deb12u1 [94.4 kB]
#16 9.844 Get:102 http://deb.debian.org/debian bookworm/main amd64 libpng16-16 amd64 1.6.39-2+deb12u5 [277 kB]
#16 9.858 Get:103 http://deb.debian.org/debian bookworm/main amd64 libfreetype6 amd64 2.12.1+dfsg-5+deb12u4 [398 kB]
#16 9.878 Get:104 http://deb.debian.org/debian bookworm/main amd64 libfontconfig1 amd64 2.14.1-4 [386 kB]
#16 9.899 Get:105 http://deb.debian.org/debian bookworm/main amd64 libde265-0 amd64 1.0.11-1+deb12u2 [185 kB]
#16 9.906 Get:106 http://deb.debian.org/debian bookworm/main amd64 libnuma1 amd64 2.0.16-1 [21.0 kB]
#16 9.907 Get:107 http://deb.debian.org/debian bookworm/main amd64 libx265-199 amd64 3.5-2+b1 [1150 kB]
#16 9.965 Get:108 http://deb.debian.org/debian bookworm/main amd64 libheif1 amd64 1.15.1-1+deb12u1 [215 kB]
#16 9.976 Get:109 http://deb.debian.org/debian bookworm/main amd64 libdeflate0 amd64 1.14-1 [61.4 kB]
#16 9.978 Get:110 http://deb.debian.org/debian bookworm/main amd64 libjbig0 amd64 2.1-6.1 [31.7 kB]
#16 9.980 Get:111 http://deb.debian.org/debian bookworm/main amd64 liblerc4 amd64 4.0.0+ds-2 [170 kB]
#16 9.988 Get:112 http://deb.debian.org/debian bookworm/main amd64 libwebp7 amd64 1.2.4-0.2+deb12u1 [286 kB]
#16 10.00 Get:113 http://deb.debian.org/debian bookworm/main amd64 libtiff6 amd64 4.5.0-6+deb12u4 [316 kB]
#16 10.02 Get:114 http://deb.debian.org/debian bookworm/main amd64 libxau6 amd64 1:1.0.9-1 [19.7 kB]
#16 10.02 Get:115 http://deb.debian.org/debian bookworm/main amd64 libxdmcp6 amd64 1:1.1.2-3 [26.3 kB]
#16 10.02 Get:116 http://deb.debian.org/debian bookworm/main amd64 libxcb1 amd64 1.15-1 [144 kB]
#16 10.03 Get:117 http://deb.debian.org/debian bookworm/main amd64 libx11-data all 2:1.8.4-2+deb12u2 [292 kB]
#16 10.04 Get:118 http://deb.debian.org/debian bookworm/main amd64 libx11-6 amd64 2:1.8.4-2+deb12u2 [760 kB]
#16 10.08 Get:119 http://deb.debian.org/debian bookworm/main amd64 libxpm4 amd64 1:3.5.12-1.1+deb12u1 [48.6 kB]
#16 10.08 Get:120 http://deb.debian.org/debian bookworm/main amd64 libgd3 amd64 2.3.3-9 [124 kB]
#16 10.09 Get:121 http://deb.debian.org/debian bookworm/main amd64 libc-devtools amd64 2.36-9+deb12u14 [55.7 kB]
#16 10.09 Get:122 http://deb.debian.org/debian bookworm/main amd64 libgpm2 amd64 1.20.7-10+b1 [14.2 kB]
#16 10.09 Get:123 http://deb.debian.org/debian bookworm/main amd64 libldap-common all 2.5.13+dfsg-5 [29.3 kB]
#16 10.09 Get:124 http://deb.debian.org/debian bookworm/main amd64 libsasl2-modules amd64 2.1.28+dfsg-10 [66.6 kB]
#16 10.10 Get:125 http://deb.debian.org/debian bookworm/main amd64 libxext6 amd64 2:1.3.4-1+b1 [52.9 kB]
#16 10.10 Get:126 http://deb.debian.org/debian bookworm/main amd64 libxmuu1 amd64 2:1.1.3-3 [23.9 kB]
#16 10.10 Get:127 http://deb.debian.org/debian bookworm/main amd64 make amd64 4.3-4.1 [396 kB]
#16 10.15 Get:128 http://deb.debian.org/debian bookworm/main amd64 manpages-dev all 6.03-2 [2030 kB]
#16 10.28 Get:129 http://deb.debian.org/debian bookworm/main amd64 patch amd64 2.7.6-7 [128 kB]
#16 10.32 Get:130 http://deb.debian.org/debian bookworm/main amd64 publicsuffix all 20230209.2326-1 [126 kB]
#16 10.32 Get:131 http://deb.debian.org/debian bookworm/main amd64 xauth amd64 1:1.1.2-1 [36.0 kB]
#16 10.39 debconf: delaying package configuration, since apt-utils is not installed
#16 10.41 Fetched 117 MB in 4s (29.7 MB/s)
#16 10.42 (Reading database ... (Reading database ... 5%(Reading database ... 10%(Reading database ... 15%(Reading database ... 20%(Reading database ... 25%(Reading database ... 30%(Reading database ... 35%(Reading database ... 40%(Reading database ... 45%(Reading database ... 50%(Reading database ... 55%(Reading database ... 60%(Reading database ... 65%(Reading database ... 70%(Reading database ... 75%(Reading database ... 80%(Reading database ... 85%(Reading database ... 90%(Reading database ... 95%(Reading database ... 100%(Reading database ... 6089 files and directories currently installed.)
#16 10.42 Preparing to unpack .../perl-base_5.36.0-7+deb12u3_amd64.deb ...
#16 10.43 Unpacking perl-base (5.36.0-7+deb12u3) over (5.36.0-7+deb12u2) ...
#16 10.65 Setting up perl-base (5.36.0-7+deb12u3) ...
#16 10.69 (Reading database ... (Reading database ... 5%(Reading database ... 10%(Reading database ... 15%(Reading database ... 20%(Reading database ... 25%(Reading database ... 30%(Reading database ... 35%(Reading database ... 40%(Reading database ... 45%(Reading database ... 50%(Reading database ... 55%(Reading database ... 60%(Reading database ... 65%(Reading database ... 70%(Reading database ... 75%(Reading database ... 80%(Reading database ... 85%(Reading database ... 90%(Reading database ... 95%(Reading database ... 100%(Reading database ... 6089 files and directories currently installed.)
#16 10.69 Preparing to unpack .../libc6_2.36-9+deb12u14_amd64.deb ...
#16 10.74 debconf: unable to initialize frontend: Dialog
#16 10.74 debconf: (TERM is not set, so the dialog frontend is not usable.)
#16 10.74 debconf: falling back to frontend: Readline
#16 10.74 debconf: unable to initialize frontend: Readline
#16 10.74 debconf: (Can't locate Term/ReadLine.pm in @INC (you may need to install the Term::ReadLine module) (@INC contains: /etc/perl /usr/local/lib/x86_64-linux-gnu/perl/5.36.0 /usr/local/share/perl/5.36.0 /usr/lib/x86_64-linux-gnu/perl5/5.36 /usr/share/perl5 /usr/lib/x86_64-linux-gnu/perl-base /usr/lib/x86_64-linux-gnu/perl/5.36 /usr/share/perl/5.36 /usr/local/lib/site_perl) at /usr/share/perl5/Debconf/FrontEnd/Readline.pm line 7.)
#16 10.74 debconf: falling back to frontend: Teletype
#16 ...

#21 [node-builder-base  3/19] RUN export DEBIAN_FRONTEND=noninteractive &&     apt-get update &&     apt-get install -y wabt
#21 0.301 Get:1 http://deb.debian.org/debian bookworm InRelease [151 kB]
#21 0.368 Get:2 http://deb.debian.org/debian bookworm-updates InRelease [55.4 kB]
#21 0.389 Get:3 http://deb.debian.org/debian-security bookworm-security InRelease [34.8 kB]
#21 0.409 Get:4 http://deb.debian.org/debian bookworm/main amd64 Packages [8790 kB]
#21 1.119 Get:5 http://deb.debian.org/debian bookworm-updates/main amd64 Packages [6924 B]
#21 1.119 Get:6 http://deb.debian.org/debian-security bookworm-security/main amd64 Packages [319 kB]
#21 1.801 Fetched 9357 kB in 2s (5872 kB/s)
#21 1.801 Reading package lists...
#21 2.189 Reading package lists...
#21 2.550 Building dependency tree...
#21 2.631 Reading state information...
#21 2.728 The following NEW packages will be installed:
#21 2.728   wabt
#21 2.823 0 upgraded, 1 newly installed, 0 to remove and 10 not upgraded.
#21 2.823 Need to get 1552 kB of archives.
#21 2.823 After this operation, 19.2 MB of additional disk space will be used.
#21 2.823 Get:1 http://deb.debian.org/debian bookworm/main amd64 wabt amd64 1.0.32-1 [1552 kB]
#21 3.168 debconf: delaying package configuration, since apt-utils is not installed
#21 3.180 Fetched 1552 kB in 0s (4193 kB/s)
#21 3.194 Selecting previously unselected package wabt.
#21 3.194 (Reading database ... (Reading database ... 5%(Reading database ... 10%(Reading database ... 15%(Reading database ... 20%(Reading database ... 25%(Reading database ... 30%(Reading database ... 35%(Reading database ... 40%(Reading database ... 45%(Reading database ... 50%(Reading database ... 55%(Reading database ... 60%(Reading database ... 65%(Reading database ... 70%(Reading database ... 75%(Reading database ... 80%(Reading database ... 85%(Reading database ... 90%(Reading database ... 95%(Reading database ... 100%(Reading database ... 15618 files and directories currently installed.)
#21 3.199 Preparing to unpack .../wabt_1.0.32-1_amd64.deb ...
#21 3.202 Unpacking wabt (1.0.32-1) ...
#21 3.312 Setting up wabt (1.0.32-1) ...
#21 DONE 3.5s

#22 [node-builder-base  4/19] COPY go.mod go.sum ./
#22 DONE 0.0s

#23 [node-builder-base  5/19] COPY go-ethereum/go.mod go-ethereum/go.sum go-ethereum/
#23 DONE 0.0s

#16 [contracts-builder  2/15] RUN apt-get update &&     apt-get install -y git python3 make g++ curl
#16 10.88 Unpacking libc6:amd64 (2.36-9+deb12u14) over (2.36-9+deb12u10) ...
#16 11.05 Setting up libc6:amd64 (2.36-9+deb12u14) ...
#16 11.11 debconf: unable to initialize frontend: Dialog
#16 11.11 debconf: (TERM is not set, so the dialog frontend is not usable.)
#16 11.11 debconf: falling back to frontend: Readline
#16 11.11 debconf: unable to initialize frontend: Readline
#16 11.11 debconf: (Can't locate Term/ReadLine.pm in @INC (you may need to install the Term::ReadLine module) (@INC contains: /etc/perl /usr/local/lib/x86_64-linux-gnu/perl/5.36.0 /usr/local/share/perl/5.36.0 /usr/lib/x86_64-linux-gnu/perl5/5.36 /usr/share/perl5 /usr/lib/x86_64-linux-gnu/perl-base /usr/lib/x86_64-linux-gnu/perl/5.36 /usr/share/perl/5.36 /usr/local/lib/site_perl) at /usr/share/perl5/Debconf/FrontEnd/Readline.pm line 7.)
#16 11.11 debconf: falling back to frontend: Teletype
#16 12.14 (Reading database ... (Reading database ... 5%(Reading database ... 10%(Reading database ... 15%(Reading database ... 20%(Reading database ... 25%(Reading database ... 30%(Reading database ... 35%(Reading database ... 40%(Reading database ... 45%(Reading database ... 50%(Reading database ... 55%(Reading database ... 60%(Reading database ... 65%(Reading database ... 70%(Reading database ... 75%(Reading database ... 80%(Reading database ... 85%(Reading database ... 90%(Reading database ... 95%(Reading database ... 100%(Reading database ... 6089 files and directories currently installed.)
#16 12.14 Preparing to unpack .../libc-bin_2.36-9+deb12u14_amd64.deb ...
#16 12.15 Unpacking libc-bin (2.36-9+deb12u14) over (2.36-9+deb12u10) ...
#16 12.20 Setting up libc-bin (2.36-9+deb12u14) ...
#16 12.23 Selecting previously unselected package perl-modules-5.36.
#16 12.23 (Reading database ... (Reading database ... 5%(Reading database ... 10%(Reading database ... 15%(Reading database ... 20%(Reading database ... 25%(Reading database ... 30%(Reading database ... 35%(Reading database ... 40%(Reading database ... 45%(Reading database ... 50%(Reading database ... 55%(Reading database ... 60%(Reading database ... 65%(Reading database ... 70%(Reading database ... 75%(Reading database ... 80%(Reading database ... 85%(Reading database ... 90%(Reading database ... 95%(Reading database ... 100%(Reading database ... 6089 files and directories currently installed.)
#16 12.23 Preparing to unpack .../0-perl-modules-5.36_5.36.0-7+deb12u3_all.deb ...
#16 12.23 Unpacking perl-modules-5.36 (5.36.0-7+deb12u3) ...
#16 12.42 Selecting previously unselected package libgdbm6:amd64.
#16 12.42 Preparing to unpack .../1-libgdbm6_1.23-3_amd64.deb ...
#16 12.43 Unpacking libgdbm6:amd64 (1.23-3) ...
#16 12.44 Selecting previously unselected package libgdbm-compat4:amd64.
#16 12.44 Preparing to unpack .../2-libgdbm-compat4_1.23-3_amd64.deb ...
#16 12.45 Unpacking libgdbm-compat4:amd64 (1.23-3) ...
#16 12.47 Selecting previously unselected package libperl5.36:amd64.
#16 12.47 Preparing to unpack .../3-libperl5.36_5.36.0-7+deb12u3_amd64.deb ...
#16 12.47 Unpacking libperl5.36:amd64 (5.36.0-7+deb12u3) ...
#16 12.70 Selecting previously unselected package perl.
#16 12.70 Preparing to unpack .../4-perl_5.36.0-7+deb12u3_amd64.deb ...
#16 12.70 Unpacking perl (5.36.0-7+deb12u3) ...
#16 12.74 Selecting previously unselected package libssl3:amd64.
#16 12.74 Preparing to unpack .../5-libssl3_3.0.20-1~deb12u2_amd64.deb ...
#16 12.74 Unpacking libssl3:amd64 (3.0.20-1~deb12u2) ...
#16 12.85 Selecting previously unselected package libpython3.11-minimal:amd64.
#16 12.85 Preparing to unpack .../6-libpython3.11-minimal_3.11.2-6+deb12u8_amd64.deb ...
#16 12.86 Unpacking libpython3.11-minimal:amd64 (3.11.2-6+deb12u8) ...
#16 12.93 Selecting previously unselected package libexpat1:amd64.
#16 12.93 Preparing to unpack .../7-libexpat1_2.5.0-1+deb12u2_amd64.deb ...
#16 12.93 Unpacking libexpat1:amd64 (2.5.0-1+deb12u2) ...
#16 12.96 Selecting previously unselected package python3.11-minimal.
#16 12.96 Preparing to unpack .../8-python3.11-minimal_3.11.2-6+deb12u8_amd64.deb ...
#16 12.97 Unpacking python3.11-minimal (3.11.2-6+deb12u8) ...
#16 13.09 Setting up libssl3:amd64 (3.0.20-1~deb12u2) ...
#16 13.10 Setting up libpython3.11-minimal:amd64 (3.11.2-6+deb12u8) ...
#16 13.11 Setting up libexpat1:amd64 (2.5.0-1+deb12u2) ...
#16 13.12 Setting up python3.11-minimal (3.11.2-6+deb12u8) ...
#16 13.56 Selecting previously unselected package python3-minimal.
#16 13.56 (Reading database ... (Reading database ... 5%(Reading database ... 10%(Reading database ... 15%(Reading database ... 20%(Reading database ... 25%(Reading database ... 30%(Reading database ... 35%(Reading database ... 40%(Reading database ... 45%(Reading database ... 50%(Reading database ... 55%(Reading database ... 60%(Reading database ... 65%(Reading database ... 70%(Reading database ... 75%(Reading database ... 80%(Reading database ... 85%(Reading database ... 90%(Reading database ... 95%(Reading database ... 100%(Reading database ... 8421 files and directories currently installed.)
#16 13.56 Preparing to unpack .../00-python3-minimal_3.11.2-1+b1_amd64.deb ...
#16 13.56 Unpacking python3-minimal (3.11.2-1+b1) ...
#16 13.58 Selecting previously unselected package media-types.
#16 13.58 Preparing to unpack .../01-media-types_10.0.0_all.deb ...
#16 13.59 Unpacking media-types (10.0.0) ...
#16 13.61 Selecting previously unselected package libncursesw6:amd64.
#16 13.61 Preparing to unpack .../02-libncursesw6_6.4-4_amd64.deb ...
#16 13.61 Unpacking libncursesw6:amd64 (6.4-4) ...
#16 13.64 Selecting previously unselected package libkrb5support0:amd64.
#16 13.64 Preparing to unpack .../03-libkrb5support0_1.20.1-2+deb12u5_amd64.deb ...
#16 13.64 Unpacking libkrb5support0:amd64 (1.20.1-2+deb12u5) ...
#16 13.66 Selecting previously unselected package libk5crypto3:amd64.
#16 13.66 Preparing to unpack .../04-libk5crypto3_1.20.1-2+deb12u5_amd64.deb ...
#16 13.67 Unpacking libk5crypto3:amd64 (1.20.1-2+deb12u5) ...
#16 13.69 Selecting previously unselected package libkeyutils1:amd64.
#16 13.69 Preparing to unpack .../05-libkeyutils1_1.6.3-2_amd64.deb ...
#16 13.69 Unpacking libkeyutils1:amd64 (1.6.3-2) ...
#16 13.71 Selecting previously unselected package libkrb5-3:amd64.
#16 13.71 Preparing to unpack .../06-libkrb5-3_1.20.1-2+deb12u5_amd64.deb ...
#16 13.71 Unpacking libkrb5-3:amd64 (1.20.1-2+deb12u5) ...
#16 13.75 Selecting previously unselected package libgssapi-krb5-2:amd64.
#16 13.75 Preparing to unpack .../07-libgssapi-krb5-2_1.20.1-2+deb12u5_amd64.deb ...
#16 13.75 Unpacking libgssapi-krb5-2:amd64 (1.20.1-2+deb12u5) ...
#16 13.78 Selecting previously unselected package libtirpc-common.
#16 13.78 Preparing to unpack .../08-libtirpc-common_1.3.3+ds-1_all.deb ...
#16 13.78 Unpacking libtirpc-common (1.3.3+ds-1) ...
#16 13.82 Selecting previously unselected package libtirpc3:amd64.
#16 13.82 Preparing to unpack .../09-libtirpc3_1.3.3+ds-1_amd64.deb ...
#16 13.82 Unpacking libtirpc3:amd64 (1.3.3+ds-1) ...
#16 13.84 Selecting previously unselected package libnsl2:amd64.
#16 13.84 Preparing to unpack .../10-libnsl2_1.3.0-2_amd64.deb ...
#16 13.85 Unpacking libnsl2:amd64 (1.3.0-2) ...
#16 13.87 Selecting previously unselected package readline-common.
#16 13.87 Preparing to unpack .../11-readline-common_8.2-1.3_all.deb ...
#16 13.87 Unpacking readline-common (8.2-1.3) ...
#16 13.89 Selecting previously unselected package libreadline8:amd64.
#16 13.89 Preparing to unpack .../12-libreadline8_8.2-1.3_amd64.deb ...
#16 13.90 Unpacking libreadline8:amd64 (8.2-1.3) ...
#16 13.92 Selecting previously unselected package libsqlite3-0:amd64.
#16 13.92 Preparing to unpack .../13-libsqlite3-0_3.40.1-2+deb12u2_amd64.deb ...
#16 13.93 Unpacking libsqlite3-0:amd64 (3.40.1-2+deb12u2) ...
#16 13.97 Selecting previously unselected package libpython3.11-stdlib:amd64.
#16 13.98 Preparing to unpack .../14-libpython3.11-stdlib_3.11.2-6+deb12u8_amd64.deb ...
#16 13.98 Unpacking libpython3.11-stdlib:amd64 (3.11.2-6+deb12u8) ...
#16 14.09 Selecting previously unselected package python3.11.
#16 14.09 Preparing to unpack .../15-python3.11_3.11.2-6+deb12u8_amd64.deb ...
#16 14.09 Unpacking python3.11 (3.11.2-6+deb12u8) ...
#16 14.12 Selecting previously unselected package libpython3-stdlib:amd64.
#16 14.12 Preparing to unpack .../16-libpython3-stdlib_3.11.2-1+b1_amd64.deb ...
#16 14.12 Unpacking libpython3-stdlib:amd64 (3.11.2-1+b1) ...
#16 14.14 Setting up python3-minimal (3.11.2-1+b1) ...
#16 14.24 Selecting previously unselected package python3.
#16 14.24 (Reading database ... (Reading database ... 5%(Reading database ... 10%(Reading database ... 15%(Reading database ... 20%(Reading database ... 25%(Reading database ... 30%(Reading database ... 35%(Reading database ... 40%(Reading database ... 45%(Reading database ... 50%(Reading database ... 55%(Reading database ... 60%(Reading database ... 65%(Reading database ... 70%(Reading database ... 75%(Reading database ... 80%(Reading database ... 85%(Reading database ... 90%(Reading database ... 95%(Reading database ... 100%(Reading database ... 8929 files and directories currently installed.)
#16 14.24 Preparing to unpack .../000-python3_3.11.2-1+b1_amd64.deb ...
#16 14.24 Unpacking python3 (3.11.2-1+b1) ...
#16 14.26 Selecting previously unselected package less.
#16 14.26 Preparing to unpack .../001-less_590-2.1~deb12u2_amd64.deb ...
#16 14.26 Unpacking less (590-2.1~deb12u2) ...
#16 14.29 Selecting previously unselected package netbase.
#16 14.29 Preparing to unpack .../002-netbase_6.4_all.deb ...
#16 14.29 Unpacking netbase (6.4) ...
#16 14.31 Selecting previously unselected package openssl.
#16 14.31 Preparing to unpack .../003-openssl_3.0.20-1~deb12u2_amd64.deb ...
#16 14.31 Unpacking openssl (3.0.20-1~deb12u2) ...
#16 14.39 Selecting previously unselected package ca-certificates.
#16 14.40 Preparing to unpack .../004-ca-certificates_20230311+deb12u1_all.deb ...
#16 14.40 Unpacking ca-certificates (20230311+deb12u1) ...
#16 14.43 Selecting previously unselected package krb5-locales.
#16 14.43 Preparing to unpack .../005-krb5-locales_1.20.1-2+deb12u5_all.deb ...
#16 14.43 Unpacking krb5-locales (1.20.1-2+deb12u5) ...
#16 14.45 Selecting previously unselected package manpages.
#16 14.45 Preparing to unpack .../006-manpages_6.03-2_all.deb ...
#16 14.46 Unpacking manpages (6.03-2) ...
#16 14.53 Selecting previously unselected package libbsd0:amd64.
#16 14.53 Preparing to unpack .../007-libbsd0_0.11.7-2_amd64.deb ...
#16 14.53 Unpacking libbsd0:amd64 (0.11.7-2) ...
#16 14.56 Selecting previously unselected package libedit2:amd64.
#16 14.56 Preparing to unpack .../008-libedit2_3.1-20221030-2_amd64.deb ...
#16 14.56 Unpacking libedit2:amd64 (3.1-20221030-2) ...
#16 14.59 Selecting previously unselected package libcbor0.8:amd64.
#16 14.59 Preparing to unpack .../009-libcbor0.8_0.8.0-2+b1_amd64.deb ...
#16 14.60 Unpacking libcbor0.8:amd64 (0.8.0-2+b1) ...
#16 14.63 Selecting previously unselected package libfido2-1:amd64.
#16 14.63 Preparing to unpack .../010-libfido2-1_1.12.0-2+b1_amd64.deb ...
#16 14.63 Unpacking libfido2-1:amd64 (1.12.0-2+b1) ...
#16 14.66 Selecting previously unselected package openssh-client.
#16 14.66 Preparing to unpack .../011-openssh-client_1%3a9.2p1-2+deb12u10_amd64.deb ...
#16 14.67 Unpacking openssh-client (1:9.2p1-2+deb12u10) ...
#16 14.74 Selecting previously unselected package binutils-common:amd64.
#16 14.74 Preparing to unpack .../012-binutils-common_2.40-2_amd64.deb ...
#16 14.74 Unpacking binutils-common:amd64 (2.40-2) ...
#16 14.89 Selecting previously unselected package libbinutils:amd64.
#16 14.89 Preparing to unpack .../013-libbinutils_2.40-2_amd64.deb ...
#16 14.89 Unpacking libbinutils:amd64 (2.40-2) ...
#16 14.94 Selecting previously unselected package libctf-nobfd0:amd64.
#16 14.94 Preparing to unpack .../014-libctf-nobfd0_2.40-2_amd64.deb ...
#16 14.95 Unpacking libctf-nobfd0:amd64 (2.40-2) ...
#16 14.98 Selecting previously unselected package libctf0:amd64.
#16 14.98 Preparing to unpack .../015-libctf0_2.40-2_amd64.deb ...
#16 14.99 Unpacking libctf0:amd64 (2.40-2) ...
#16 15.01 Selecting previously unselected package libgprofng0:amd64.
#16 15.01 Preparing to unpack .../016-libgprofng0_2.40-2_amd64.deb ...
#16 15.01 Unpacking libgprofng0:amd64 (2.40-2) ...
#16 15.07 Selecting previously unselected package libjansson4:amd64.
#16 15.07 Preparing to unpack .../017-libjansson4_2.14-2_amd64.deb ...
#16 15.08 Unpacking libjansson4:amd64 (2.14-2) ...
#16 15.09 Selecting previously unselected package binutils-x86-64-linux-gnu.
#16 15.09 Preparing to unpack .../018-binutils-x86-64-linux-gnu_2.40-2_amd64.deb ...
#16 15.09 Unpacking binutils-x86-64-linux-gnu (2.40-2) ...
#16 15.24 Selecting previously unselected package binutils.
#16 15.24 Preparing to unpack .../019-binutils_2.40-2_amd64.deb ...
#16 15.24 Unpacking binutils (2.40-2) ...
#16 15.27 Selecting previously unselected package libisl23:amd64.
#16 15.27 Preparing to unpack .../020-libisl23_0.25-1.1_amd64.deb ...
#16 15.27 Unpacking libisl23:amd64 (0.25-1.1) ...
#16 15.32 Selecting previously unselected package libmpfr6:amd64.
#16 15.32 Preparing to unpack .../021-libmpfr6_4.2.0-1_amd64.deb ...
#16 15.32 Unpacking libmpfr6:amd64 (4.2.0-1) ...
#16 15.36 Selecting previously unselected package libmpc3:amd64.
#16 15.36 Preparing to unpack .../022-libmpc3_1.3.1-1_amd64.deb ...
#16 15.36 Unpacking libmpc3:amd64 (1.3.1-1) ...
#16 15.38 Selecting previously unselected package cpp-12.
#16 15.39 Preparing to unpack .../023-cpp-12_12.2.0-14+deb12u1_amd64.deb ...
#16 15.39 Unpacking cpp-12 (12.2.0-14+deb12u1) ...
#16 15.82 Selecting previously unselected package cpp.
#16 15.82 Preparing to unpack .../024-cpp_4%3a12.2.0-3_amd64.deb ...
#16 15.82 Unpacking cpp (4:12.2.0-3) ...
#16 15.85 Selecting previously unselected package libbrotli1:amd64.
#16 15.85 Preparing to unpack .../025-libbrotli1_1.0.9-2+b6_amd64.deb ...
#16 15.85 Unpacking libbrotli1:amd64 (1.0.9-2+b6) ...
#16 15.89 Selecting previously unselected package libsasl2-modules-db:amd64.
#16 15.89 Preparing to unpack .../026-libsasl2-modules-db_2.1.28+dfsg-10_amd64.deb ...
#16 15.89 Unpacking libsasl2-modules-db:amd64 (2.1.28+dfsg-10) ...
#16 15.91 Selecting previously unselected package libsasl2-2:amd64.
#16 15.91 Preparing to unpack .../027-libsasl2-2_2.1.28+dfsg-10_amd64.deb ...
#16 15.91 Unpacking libsasl2-2:amd64 (2.1.28+dfsg-10) ...
#16 15.93 Selecting previously unselected package libldap-2.5-0:amd64.
#16 15.93 Preparing to unpack .../028-libldap-2.5-0_2.5.13+dfsg-5_amd64.deb ...
#16 15.94 Unpacking libldap-2.5-0:amd64 (2.5.13+dfsg-5) ...
#16 15.97 Selecting previously unselected package libnghttp2-14:amd64.
#16 15.97 Preparing to unpack .../029-libnghttp2-14_1.52.0-1+deb12u3_amd64.deb ...
#16 16.01 Unpacking libnghttp2-14:amd64 (1.52.0-1+deb12u3) ...
#16 16.06 Selecting previously unselected package libpsl5:amd64.
#16 16.06 Preparing to unpack .../030-libpsl5_0.21.2-1_amd64.deb ...
#16 16.06 Unpacking libpsl5:amd64 (0.21.2-1) ...
#16 16.09 Selecting previously unselected package librtmp1:amd64.
#16 16.09 Preparing to unpack .../031-librtmp1_2.4+20151223.gitfa8646d.1-2+b2_amd64.deb ...
#16 16.09 Unpacking librtmp1:amd64 (2.4+20151223.gitfa8646d.1-2+b2) ...
#16 16.12 Selecting previously unselected package libssh2-1:amd64.
#16 16.12 Preparing to unpack .../032-libssh2-1_1.10.0-3+b1_amd64.deb ...
#16 16.12 Unpacking libssh2-1:amd64 (1.10.0-3+b1) ...
#16 16.15 Selecting previously unselected package libcurl4:amd64.
#16 16.15 Preparing to unpack .../033-libcurl4_7.88.1-10+deb12u15_amd64.deb ...
#16 16.16 Unpacking libcurl4:amd64 (7.88.1-10+deb12u15) ...
#16 16.19 Selecting previously unselected package curl.
#16 16.19 Preparing to unpack .../034-curl_7.88.1-10+deb12u15_amd64.deb ...
#16 16.19 Unpacking curl (7.88.1-10+deb12u15) ...
#16 16.23 Selecting previously unselected package fonts-dejavu-core.
#16 16.23 Preparing to unpack .../035-fonts-dejavu-core_2.37-6_all.deb ...
#16 16.23 Unpacking fonts-dejavu-core (2.37-6) ...
#16 16.31 Selecting previously unselected package fontconfig-config.
#16 16.31 Preparing to unpack .../036-fontconfig-config_2.14.1-4_amd64.deb ...
#16 16.36 Unpacking fontconfig-config (2.14.1-4) ...
#16 16.40 Selecting previously unselected package libcc1-0:amd64.
#16 16.40 Preparing to unpack .../037-libcc1-0_12.2.0-14+deb12u1_amd64.deb ...
#16 16.40 Unpacking libcc1-0:amd64 (12.2.0-14+deb12u1) ...
#16 16.42 Selecting previously unselected package libgomp1:amd64.
#16 16.42 Preparing to unpack .../038-libgomp1_12.2.0-14+deb12u1_amd64.deb ...
#16 16.43 Unpacking libgomp1:amd64 (12.2.0-14+deb12u1) ...
#16 16.45 Selecting previously unselected package libitm1:amd64.
#16 16.45 Preparing to unpack .../039-libitm1_12.2.0-14+deb12u1_amd64.deb ...
#16 16.46 Unpacking libitm1:amd64 (12.2.0-14+deb12u1) ...
#16 16.49 Selecting previously unselected package libatomic1:amd64.
#16 16.49 Preparing to unpack .../040-libatomic1_12.2.0-14+deb12u1_amd64.deb ...
#16 16.49 Unpacking libatomic1:amd64 (12.2.0-14+deb12u1) ...
#16 16.51 Selecting previously unselected package libasan8:amd64.
#16 16.51 Preparing to unpack .../041-libasan8_12.2.0-14+deb12u1_amd64.deb ...
#16 16.52 Unpacking libasan8:amd64 (12.2.0-14+deb12u1) ...
#16 16.65 Selecting previously unselected package liblsan0:amd64.
#16 16.65 Preparing to unpack .../042-liblsan0_12.2.0-14+deb12u1_amd64.deb ...
#16 16.65 Unpacking liblsan0:amd64 (12.2.0-14+deb12u1) ...
#16 16.73 Selecting previously unselected package libtsan2:amd64.
#16 16.73 Preparing to unpack .../043-libtsan2_12.2.0-14+deb12u1_amd64.deb ...
#16 16.73 Unpacking libtsan2:amd64 (12.2.0-14+deb12u1) ...
#16 16.87 Selecting previously unselected package libubsan1:amd64.
#16 16.87 Preparing to unpack .../044-libubsan1_12.2.0-14+deb12u1_amd64.deb ...
#16 16.87 Unpacking libubsan1:amd64 (12.2.0-14+deb12u1) ...
#16 16.95 Selecting previously unselected package libquadmath0:amd64.
#16 16.95 Preparing to unpack .../045-libquadmath0_12.2.0-14+deb12u1_amd64.deb ...
#16 16.95 Unpacking libquadmath0:amd64 (12.2.0-14+deb12u1) ...
#16 16.97 Selecting previously unselected package libgcc-12-dev:amd64.
#16 16.97 Preparing to unpack .../046-libgcc-12-dev_12.2.0-14+deb12u1_amd64.deb ...
#16 16.98 Unpacking libgcc-12-dev:amd64 (12.2.0-14+deb12u1) ...
#16 17.11 Selecting previously unselected package gcc-12.
#16 17.11 Preparing to unpack .../047-gcc-12_12.2.0-14+deb12u1_amd64.deb ...
#16 17.11 Unpacking gcc-12 (12.2.0-14+deb12u1) ...
#16 ...

#24 [prover-header-builder  3/11] RUN export DEBIAN_FRONTEND=noninteractive &&     apt-get update &&     apt-get install -y make clang wabt &&     cargo install --force cbindgen --version 0.29.2
#24 0.270 Get:1 http://deb.debian.org/debian bookworm InRelease [151 kB]
#24 0.335 Get:2 http://deb.debian.org/debian bookworm-updates InRelease [55.4 kB]
#24 0.361 Get:3 http://deb.debian.org/debian-security bookworm-security InRelease [34.8 kB]
#24 0.383 Get:4 http://deb.debian.org/debian bookworm/main amd64 Packages [8790 kB]
#24 0.701 Get:5 http://deb.debian.org/debian bookworm-updates/main amd64 Packages [6924 B]
#24 0.702 Get:6 http://deb.debian.org/debian-security bookworm-security/main amd64 Packages [319 kB]
#24 1.346 Fetched 9357 kB in 1s (8227 kB/s)
#24 1.346 Reading package lists...
#24 1.682 Reading package lists...
#24 2.043 Building dependency tree...
#24 2.122 Reading state information...
#24 2.213 The following additional packages will be installed:
#24 2.213   binfmt-support clang-14 icu-devtools lib32gcc-s1 lib32stdc++6 libbrotli1
#24 2.213   libbsd0 libc-bin libc-dev-bin libc6 libc6-dev libc6-i386
#24 2.213   libclang-common-14-dev libclang-cpp14 libclang-rt-14-dev libclang1-14
#24 2.213   libcurl3-nss libedit2 libexpat1 libffi-dev libgc1 libgpm2 libicu-dev
#24 2.213   libicu72 libldap-2.5-0 libldap-common libllvm14 libncurses-dev libncurses6
#24 2.213   libncursesw6 libnghttp2-14 libnspr4 libnss3 libobjc-12-dev libobjc4 libpfm4
#24 2.213   libpipeline1 libpsl5 libpython3-stdlib libpython3.11-minimal
#24 2.214   libpython3.11-stdlib libreadline8 librtmp1 libsasl2-2 libsasl2-modules
#24 2.214   libsasl2-modules-db libsqlite3-0 libssh2-1 libstdc++-12-dev libtinfo-dev
#24 2.214   libxml2 libxml2-dev libyaml-0-2 libz3-4 libz3-dev llvm-14 llvm-14-dev
#24 2.214   llvm-14-linker-tools llvm-14-runtime llvm-14-tools media-types
#24 2.214   nss-plugin-pem publicsuffix python3 python3-minimal python3-pkg-resources
#24 2.214   python3-pygments python3-yaml python3.11 python3.11-minimal readline-common
#24 2.214 Suggested packages:
#24 2.214   clang-14-doc wasi-libc glibc-doc libc-l10n locales libnss-nis libnss-nisplus
#24 2.214   manpages-dev gpm icu-doc ncurses-doc libsasl2-modules-gssapi-mit
#24 2.214   | libsasl2-modules-gssapi-heimdal libsasl2-modules-ldap libsasl2-modules-otp
#24 2.214   libsasl2-modules-sql libstdc++-12-doc pkg-config llvm-14-doc make-doc
#24 2.214   python3-doc python3-tk python3-venv python3-setuptools python-pygments-doc
#24 2.214   ttf-bitstream-vera python3.11-venv python3.11-doc readline-doc
#24 2.214 Recommended packages:
#24 2.214   manpages manpages-dev libc-devtools
#24 2.561 The following NEW packages will be installed:
#24 2.561   binfmt-support clang clang-14 icu-devtools lib32gcc-s1 lib32stdc++6
#24 2.561   libbrotli1 libbsd0 libc6-i386 libclang-common-14-dev libclang-cpp14
#24 2.561   libclang-rt-14-dev libclang1-14 libcurl3-nss libedit2 libexpat1 libffi-dev
#24 2.562   libgc1 libgpm2 libicu-dev libicu72 libldap-2.5-0 libldap-common libllvm14
#24 2.562   libncurses-dev libncurses6 libncursesw6 libnghttp2-14 libnspr4 libnss3
#24 2.562   libobjc-12-dev libobjc4 libpfm4 libpipeline1 libpsl5 libpython3-stdlib
#24 2.562   libpython3.11-minimal libpython3.11-stdlib libreadline8 librtmp1 libsasl2-2
#24 2.562   libsasl2-modules libsasl2-modules-db libsqlite3-0 libssh2-1 libstdc++-12-dev
#24 2.562   libtinfo-dev libxml2 libxml2-dev libyaml-0-2 libz3-4 libz3-dev llvm-14
#24 2.562   llvm-14-dev llvm-14-linker-tools llvm-14-runtime llvm-14-tools make
#24 2.562   media-types nss-plugin-pem publicsuffix python3 python3-minimal
#24 2.562   python3-pkg-resources python3-pygments python3-yaml python3.11
#24 2.562   python3.11-minimal readline-common wabt
#24 2.562 The following packages will be upgraded:
#24 2.563   libc-bin libc-dev-bin libc6 libc6-dev
#24 2.633 4 upgraded, 70 newly installed, 0 to remove and 18 not upgraded.
#24 2.633 Need to get 145 MB of archives.
#24 2.633 After this operation, 820 MB of additional disk space will be used.
#24 2.633 Get:1 http://deb.debian.org/debian bookworm/main amd64 libc6-dev amd64 2.36-9+deb12u14 [1904 kB]
#24 2.750 Get:2 http://deb.debian.org/debian bookworm/main amd64 libc-dev-bin amd64 2.36-9+deb12u14 [48.1 kB]
#24 2.752 Get:3 http://deb.debian.org/debian bookworm/main amd64 libc6 amd64 2.36-9+deb12u14 [2759 kB]
#24 2.799 Get:4 http://deb.debian.org/debian bookworm/main amd64 libc-bin amd64 2.36-9+deb12u14 [609 kB]
#24 2.803 Get:5 http://deb.debian.org/debian bookworm/main amd64 libpipeline1 amd64 1.5.7-1 [38.5 kB]
#24 2.912 Get:6 http://deb.debian.org/debian bookworm/main amd64 binfmt-support amd64 2.2.2-2 [64.0 kB]
#24 2.915 Get:7 http://deb.debian.org/debian bookworm/main amd64 libpython3.11-minimal amd64 3.11.2-6+deb12u8 [818 kB]
#24 2.926 Get:8 http://deb.debian.org/debian bookworm/main amd64 libexpat1 amd64 2.5.0-1+deb12u2 [99.9 kB]
#24 2.928 Get:9 http://deb.debian.org/debian bookworm/main amd64 python3.11-minimal amd64 3.11.2-6+deb12u8 [2065 kB]
#24 2.967 Get:10 http://deb.debian.org/debian bookworm/main amd64 python3-minimal amd64 3.11.2-1+b1 [26.3 kB]
#24 2.967 Get:11 http://deb.debian.org/debian bookworm/main amd64 media-types all 10.0.0 [26.1 kB]
#24 2.968 Get:12 http://deb.debian.org/debian bookworm/main amd64 libncursesw6 amd64 6.4-4 [134 kB]
#24 2.968 Get:13 http://deb.debian.org/debian bookworm/main amd64 readline-common all 8.2-1.3 [69.0 kB]
#24 2.969 Get:14 http://deb.debian.org/debian bookworm/main amd64 libreadline8 amd64 8.2-1.3 [166 kB]
#24 2.969 Get:15 http://deb.debian.org/debian bookworm/main amd64 libsqlite3-0 amd64 3.40.1-2+deb12u2 [839 kB]
#24 2.972 Get:16 http://deb.debian.org/debian bookworm/main amd64 libpython3.11-stdlib amd64 3.11.2-6+deb12u8 [1799 kB]
#24 2.994 Get:17 http://deb.debian.org/debian bookworm/main amd64 python3.11 amd64 3.11.2-6+deb12u8 [574 kB]
#24 3.003 Get:18 http://deb.debian.org/debian bookworm/main amd64 libpython3-stdlib amd64 3.11.2-1+b1 [9312 B]
#24 3.003 Get:19 http://deb.debian.org/debian bookworm/main amd64 python3 amd64 3.11.2-1+b1 [26.3 kB]
#24 3.003 Get:20 http://deb.debian.org/debian bookworm/main amd64 libbsd0 amd64 0.11.7-2 [117 kB]
#24 3.004 Get:21 http://deb.debian.org/debian bookworm/main amd64 libedit2 amd64 3.1-20221030-2 [93.0 kB]
#24 3.005 Get:22 http://deb.debian.org/debian bookworm/main amd64 libicu72 amd64 72.1-3+deb12u1 [9376 kB]
#24 3.123 Get:23 http://deb.debian.org/debian bookworm/main amd64 libxml2 amd64 2.9.14+dfsg-1.3~deb12u6 [689 kB]
#24 3.133 Get:24 http://deb.debian.org/debian bookworm/main amd64 libz3-4 amd64 4.8.12-3.1 [7216 kB]
#24 3.223 Get:25 http://deb.debian.org/debian bookworm/main amd64 libllvm14 amd64 1:14.0.6-12 [21.8 MB]
#24 3.507 Get:26 http://deb.debian.org/debian bookworm/main amd64 libclang-cpp14 amd64 1:14.0.6-12 [11.1 MB]
#24 3.660 Get:27 http://deb.debian.org/debian bookworm/main amd64 libstdc++-12-dev amd64 12.2.0-14+deb12u1 [2047 kB]
#24 3.689 Get:28 http://deb.debian.org/debian bookworm/main amd64 libgc1 amd64 1:8.2.2-3 [245 kB]
#24 3.693 Get:29 http://deb.debian.org/debian bookworm/main amd64 libobjc4 amd64 12.2.0-14+deb12u1 [43.2 kB]
#24 3.694 Get:30 http://deb.debian.org/debian bookworm/main amd64 libobjc-12-dev amd64 12.2.0-14+deb12u1 [170 kB]
#24 3.696 Get:31 http://deb.debian.org/debian bookworm/main amd64 libclang-common-14-dev all 1:14.0.6-12 [890 kB]
#24 3.708 Get:32 http://deb.debian.org/debian bookworm/main amd64 llvm-14-linker-tools amd64 1:14.0.6-12 [1288 kB]
#24 3.727 Get:33 http://deb.debian.org/debian bookworm/main amd64 libclang1-14 amd64 1:14.0.6-12 [6157 kB]
#24 3.811 Get:34 http://deb.debian.org/debian bookworm/main amd64 clang-14 amd64 1:14.0.6-12 [102 kB]
#24 3.812 Get:35 http://deb.debian.org/debian bookworm/main amd64 clang amd64 1:14.0-55.7~deb12u1 [5144 B]
#24 3.812 Get:36 http://deb.debian.org/debian bookworm/main amd64 icu-devtools amd64 72.1-3+deb12u1 [206 kB]
#24 3.816 Get:37 http://deb.debian.org/debian bookworm/main amd64 libc6-i386 amd64 2.36-9+deb12u14 [2458 kB]
#24 3.861 Get:38 http://deb.debian.org/debian bookworm/main amd64 lib32gcc-s1 amd64 12.2.0-14+deb12u1 [59.7 kB]
#24 3.861 Get:39 http://deb.debian.org/debian bookworm/main amd64 lib32stdc++6 amd64 12.2.0-14+deb12u1 [643 kB]
#24 3.869 Get:40 http://deb.debian.org/debian bookworm/main amd64 libbrotli1 amd64 1.0.9-2+b6 [275 kB]
#24 3.874 Get:41 http://deb.debian.org/debian bookworm/main amd64 libclang-rt-14-dev amd64 1:14.0.6-12 [3275 kB]
#24 3.929 Get:42 http://deb.debian.org/debian bookworm/main amd64 libsasl2-modules-db amd64 2.1.28+dfsg-10 [20.3 kB]
#24 3.930 Get:43 http://deb.debian.org/debian bookworm/main amd64 libsasl2-2 amd64 2.1.28+dfsg-10 [59.7 kB]
#24 3.932 Get:44 http://deb.debian.org/debian bookworm/main amd64 libldap-2.5-0 amd64 2.5.13+dfsg-5 [183 kB]
#24 3.937 Get:45 http://deb.debian.org/debian bookworm/main amd64 libnghttp2-14 amd64 1.52.0-1+deb12u3 [72.4 kB]
#24 3.939 Get:46 http://deb.debian.org/debian bookworm/main amd64 libnspr4 amd64 2:4.35-1 [113 kB]
#24 3.940 Get:47 http://deb.debian.org/debian-security bookworm-security/main amd64 libnss3 amd64 2:3.87.1-1+deb12u3 [1332 kB]
#24 3.968 Get:48 http://deb.debian.org/debian bookworm/main amd64 libpsl5 amd64 0.21.2-1 [58.7 kB]
#24 3.969 Get:49 http://deb.debian.org/debian bookworm/main amd64 librtmp1 amd64 2.4+20151223.gitfa8646d.1-2+b2 [60.8 kB]
#24 3.969 Get:50 http://deb.debian.org/debian bookworm/main amd64 libssh2-1 amd64 1.10.0-3+b1 [179 kB]
#24 3.971 Get:51 http://deb.debian.org/debian bookworm/main amd64 nss-plugin-pem amd64 1.0.8+1-1 [54.6 kB]
#24 3.972 Get:52 http://deb.debian.org/debian bookworm/main amd64 libcurl3-nss amd64 7.88.1-10+deb12u15 [396 kB]
#24 3.977 Get:53 http://deb.debian.org/debian bookworm/main amd64 libffi-dev amd64 3.4.4-1 [59.4 kB]
#24 3.978 Get:54 http://deb.debian.org/debian bookworm/main amd64 libgpm2 amd64 1.20.7-10+b1 [14.2 kB]
#24 3.978 Get:55 http://deb.debian.org/debian bookworm/main amd64 libicu-dev amd64 72.1-3+deb12u1 [10.3 MB]
#24 4.210 Get:56 http://deb.debian.org/debian bookworm/main amd64 libldap-common all 2.5.13+dfsg-5 [29.3 kB]
#24 4.211 Get:57 http://deb.debian.org/debian bookworm/main amd64 libncurses6 amd64 6.4-4 [103 kB]
#24 4.213 Get:58 http://deb.debian.org/debian bookworm/main amd64 libncurses-dev amd64 6.4-4 [349 kB]
#24 4.221 Get:59 http://deb.debian.org/debian bookworm/main amd64 libpfm4 amd64 4.13.0-1 [294 kB]
#24 4.228 Get:60 http://deb.debian.org/debian bookworm/main amd64 libsasl2-modules amd64 2.1.28+dfsg-10 [66.6 kB]
#24 4.230 Get:61 http://deb.debian.org/debian bookworm/main amd64 libtinfo-dev amd64 6.4-4 [924 B]
#24 4.230 Get:62 http://deb.debian.org/debian bookworm/main amd64 libxml2-dev amd64 2.9.14+dfsg-1.3~deb12u6 [785 kB]
#24 4.249 Get:63 http://deb.debian.org/debian bookworm/main amd64 libyaml-0-2 amd64 0.2.5-1 [53.6 kB]
#24 4.250 Get:64 http://deb.debian.org/debian bookworm/main amd64 libz3-dev amd64 4.8.12-3.1 [90.6 kB]
#24 4.252 Get:65 http://deb.debian.org/debian bookworm/main amd64 llvm-14-runtime amd64 1:14.0.6-12 [477 kB]
#24 4.262 Get:66 http://deb.debian.org/debian bookworm/main amd64 llvm-14 amd64 1:14.0.6-12 [11.7 MB]
#24 4.535 Get:67 http://deb.debian.org/debian bookworm/main amd64 python3-pkg-resources all 66.1.1-1+deb12u2 [297 kB]
#24 4.542 Get:68 http://deb.debian.org/debian bookworm/main amd64 python3-pygments all 2.14.0+dfsg-1 [783 kB]
#24 4.560 Get:69 http://deb.debian.org/debian bookworm/main amd64 python3-yaml amd64 6.0-3+b2 [119 kB]
#24 4.564 Get:70 http://deb.debian.org/debian bookworm/main amd64 llvm-14-tools amd64 1:14.0.6-12 [405 kB]
#24 4.573 Get:71 http://deb.debian.org/debian bookworm/main amd64 llvm-14-dev amd64 1:14.0.6-12 [33.9 MB]
#24 5.335 Get:72 http://deb.debian.org/debian bookworm/main amd64 make amd64 4.3-4.1 [396 kB]
#24 5.345 Get:73 http://deb.debian.org/debian bookworm/main amd64 publicsuffix all 20230209.2326-1 [126 kB]
#24 5.348 Get:74 http://deb.debian.org/debian bookworm/main amd64 wabt amd64 1.0.32-1 [1552 kB]
#24 5.464 debconf: delaying package configuration, since apt-utils is not installed
#24 5.479 Fetched 145 MB in 3s (51.5 MB/s)
#24 5.488 (Reading database ... (Reading database ... 5%(Reading database ... 10%(Reading database ... 15%(Reading database ... 20%(Reading database ... 25%(Reading database ... 30%(Reading database ... 35%(Reading database ... 40%(Reading database ... 45%(Reading database ... 50%(Reading database ... 55%(Reading database ... 60%(Reading database ... 65%(Reading database ... 70%(Reading database ... 75%(Reading database ... 80%(Reading database ... 85%(Reading database ... 90%(Reading database ... 95%(Reading database ... 100%(Reading database ... 9036 files and directories currently installed.)
#24 5.491 Preparing to unpack .../libc6-dev_2.36-9+deb12u14_amd64.deb ...
#24 5.505 Unpacking libc6-dev:amd64 (2.36-9+deb12u14) over (2.36-9+deb12u13) ...
#24 5.723 Preparing to unpack .../libc-dev-bin_2.36-9+deb12u14_amd64.deb ...
#24 5.731 Unpacking libc-dev-bin (2.36-9+deb12u14) over (2.36-9+deb12u13) ...
#24 5.770 Preparing to unpack .../libc6_2.36-9+deb12u14_amd64.deb ...
#24 5.834 Unpacking libc6:amd64 (2.36-9+deb12u14) over (2.36-9+deb12u13) ...
#24 6.045 Setting up libc6:amd64 (2.36-9+deb12u14) ...
#24 7.118 (Reading database ... (Reading database ... 5%(Reading database ... 10%(Reading database ... 15%(Reading database ... 20%(Reading database ... 25%(Reading database ... 30%(Reading database ... 35%(Reading database ... 40%(Reading database ... 45%(Reading database ... 50%(Reading database ... 55%(Reading database ... 60%(Reading database ... 65%(Reading database ... 70%(Reading database ... 75%(Reading database ... 80%(Reading database ... 85%(Reading database ... 90%(Reading database ... 95%(Reading database ... 100%(Reading database ... 9036 files and directories currently installed.)
#24 7.121 Preparing to unpack .../libc-bin_2.36-9+deb12u14_amd64.deb ...
#24 7.126 Unpacking libc-bin (2.36-9+deb12u14) over (2.36-9+deb12u13) ...
#24 7.186 Setting up libc-bin (2.36-9+deb12u14) ...
#24 7.237 Selecting previously unselected package libpipeline1:amd64.
#24 7.237 (Reading database ... (Reading database ... 5%(Reading database ... 10%(Reading database ... 15%(Reading database ... 20%(Reading database ... 25%(Reading database ... 30%(Reading database ... 35%(Reading database ... 40%(Reading database ... 45%(Reading database ... 50%(Reading database ... 55%(Reading database ... 60%(Reading database ... 65%(Reading database ... 70%(Reading database ... 75%(Reading database ... 80%(Reading database ... 85%(Reading database ... 90%(Reading database ... 95%(Reading database ... 100%(Reading database ... 9036 files and directories currently installed.)
#24 7.240 Preparing to unpack .../libpipeline1_1.5.7-1_amd64.deb ...
#24 7.251 Unpacking libpipeline1:amd64 (1.5.7-1) ...
#24 7.280 Selecting previously unselected package binfmt-support.
#24 7.281 Preparing to unpack .../binfmt-support_2.2.2-2_amd64.deb ...
#24 7.285 Unpacking binfmt-support (2.2.2-2) ...
#24 7.310 Selecting previously unselected package libpython3.11-minimal:amd64.
#24 7.310 Preparing to unpack .../libpython3.11-minimal_3.11.2-6+deb12u8_amd64.deb ...
#24 7.313 Unpacking libpython3.11-minimal:amd64 (3.11.2-6+deb12u8) ...
#24 7.379 Selecting previously unselected package libexpat1:amd64.
#24 7.381 Preparing to unpack .../libexpat1_2.5.0-1+deb12u2_amd64.deb ...
#24 7.383 Unpacking libexpat1:amd64 (2.5.0-1+deb12u2) ...
#24 7.408 Selecting previously unselected package python3.11-minimal.
#24 7.408 Preparing to unpack .../python3.11-minimal_3.11.2-6+deb12u8_amd64.deb ...
#24 7.412 Unpacking python3.11-minimal (3.11.2-6+deb12u8) ...
#24 7.541 Setting up libpython3.11-minimal:amd64 (3.11.2-6+deb12u8) ...
#24 7.549 Setting up libexpat1:amd64 (2.5.0-1+deb12u2) ...
#24 7.556 Setting up python3.11-minimal (3.11.2-6+deb12u8) ...
#24 7.983 Selecting previously unselected package python3-minimal.
#24 7.983 (Reading database ... (Reading database ... 5%(Reading database ... 10%(Reading database ... 15%(Reading database ... 20%(Reading database ... 25%(Reading database ... 30%(Reading database ... 35%(Reading database ... 40%(Reading database ... 45%(Reading database ... 50%(Reading database ... 55%(Reading database ... 60%(Reading database ... 65%(Reading database ... 70%(Reading database ... 75%(Reading database ... 80%(Reading database ... 85%(Reading database ... 90%(Reading database ... 95%(Reading database ... 100%(Reading database ... 9374 files and directories currently installed.)
#24 7.986 Preparing to unpack .../0-python3-minimal_3.11.2-1+b1_amd64.deb ...
#24 7.988 Unpacking python3-minimal (3.11.2-1+b1) ...
#24 8.006 Selecting previously unselected package media-types.
#24 8.007 Preparing to unpack .../1-media-types_10.0.0_all.deb ...
#24 8.009 Unpacking media-types (10.0.0) ...
#24 8.030 Selecting previously unselected package libncursesw6:amd64.
#24 8.031 Preparing to unpack .../2-libncursesw6_6.4-4_amd64.deb ...
#24 8.032 Unpacking libncursesw6:amd64 (6.4-4) ...
#24 8.057 Selecting previously unselected package readline-common.
#24 8.058 Preparing to unpack .../3-readline-common_8.2-1.3_all.deb ...
#24 8.060 Unpacking readline-common (8.2-1.3) ...
#24 8.083 Selecting previously unselected package libreadline8:amd64.
#24 8.084 Preparing to unpack .../4-libreadline8_8.2-1.3_amd64.deb ...
#24 8.086 Unpacking libreadline8:amd64 (8.2-1.3) ...
#24 8.112 Selecting previously unselected package libsqlite3-0:amd64.
#24 8.113 Preparing to unpack .../5-libsqlite3-0_3.40.1-2+deb12u2_amd64.deb ...
#24 8.115 Unpacking libsqlite3-0:amd64 (3.40.1-2+deb12u2) ...
#24 8.168 Selecting previously unselected package libpython3.11-stdlib:amd64.
#24 8.169 Preparing to unpack .../6-libpython3.11-stdlib_3.11.2-6+deb12u8_amd64.deb ...
#24 8.172 Unpacking libpython3.11-stdlib:amd64 (3.11.2-6+deb12u8) ...
#24 8.278 Selecting previously unselected package python3.11.
#24 8.278 Preparing to unpack .../7-python3.11_3.11.2-6+deb12u8_amd64.deb ...
#24 8.281 Unpacking python3.11 (3.11.2-6+deb12u8) ...
#24 8.305 Selecting previously unselected package libpython3-stdlib:amd64.
#24 8.306 Preparing to unpack .../8-libpython3-stdlib_3.11.2-1+b1_amd64.deb ...
#24 8.308 Unpacking libpython3-stdlib:amd64 (3.11.2-1+b1) ...
#24 8.327 Setting up python3-minimal (3.11.2-1+b1) ...
#24 8.427 Selecting previously unselected package python3.
#24 8.427 (Reading database ... (Reading database ... 5%(Reading database ... 10%(Reading database ... 15%(Reading database ... 20%(Reading database ... 25%(Reading database ... 30%(Reading database ... 35%(Reading database ... 40%(Reading database ... 45%(Reading database ... 50%(Reading database ... 55%(Reading database ... 60%(Reading database ... 65%(Reading database ... 70%(Reading database ... 75%(Reading database ... 80%(Reading database ... 85%(Reading database ... 90%(Reading database ... 95%(Reading database ... 100%(Reading database ... 9825 files and directories currently installed.)
#24 8.431 Preparing to unpack .../00-python3_3.11.2-1+b1_amd64.deb ...
#24 8.434 Unpacking python3 (3.11.2-1+b1) ...
#24 8.461 Selecting previously unselected package libbsd0:amd64.
#24 8.461 Preparing to unpack .../01-libbsd0_0.11.7-2_amd64.deb ...
#24 8.464 Unpacking libbsd0:amd64 (0.11.7-2) ...
#24 8.492 Selecting previously unselected package libedit2:amd64.
#24 8.493 Preparing to unpack .../02-libedit2_3.1-20221030-2_amd64.deb ...
#24 8.497 Unpacking libedit2:amd64 (3.1-20221030-2) ...
#24 8.522 Selecting previously unselected package libicu72:amd64.
#24 8.523 Preparing to unpack .../03-libicu72_72.1-3+deb12u1_amd64.deb ...
#24 8.526 Unpacking libicu72:amd64 (72.1-3+deb12u1) ...
#24 8.892 Selecting previously unselected package libxml2:amd64.
#24 8.893 Preparing to unpack .../04-libxml2_2.9.14+dfsg-1.3~deb12u6_amd64.deb ...
#24 8.895 Unpacking libxml2:amd64 (2.9.14+dfsg-1.3~deb12u6) ...
#24 8.946 Selecting previously unselected package libz3-4:amd64.
#24 8.947 Preparing to unpack .../05-libz3-4_4.8.12-3.1_amd64.deb ...
#24 8.950 Unpacking libz3-4:amd64 (4.8.12-3.1) ...
#24 9.321 Selecting previously unselected package libllvm14:amd64.
#24 9.321 Preparing to unpack .../06-libllvm14_1%3a14.0.6-12_amd64.deb ...
#24 9.324 Unpacking libllvm14:amd64 (1:14.0.6-12) ...
#24 9.823 Selecting previously unselected package libclang-cpp14.
#24 9.824 Preparing to unpack .../07-libclang-cpp14_1%3a14.0.6-12_amd64.deb ...
#24 9.826 Unpacking libclang-cpp14 (1:14.0.6-12) ...
#24 10.14 Selecting previously unselected package libstdc++-12-dev:amd64.
#24 ...

#20 [prover-builder  3/16] RUN export DEBIAN_FRONTEND=noninteractive &&     apt-get update &&     apt-get install -y make wget gpg software-properties-common zlib1g-dev libstdc++-12-dev wabt
#20 3.320 Get:13 http://deb.debian.org/debian bookworm/main amd64 libsystemd0 amd64 252.39-1~deb12u2 [332 kB]
#20 3.347 Get:14 http://deb.debian.org/debian bookworm/main amd64 systemd amd64 252.39-1~deb12u2 [3044 kB]
#20 3.563 Get:15 http://deb.debian.org/debian bookworm/main amd64 systemd-sysv amd64 252.39-1~deb12u2 [42.9 kB]
#20 3.565 Get:16 http://deb.debian.org/debian bookworm/main amd64 libdbus-1-3 amd64 1.14.10-1~deb12u1 [201 kB]
#20 3.577 Get:17 http://deb.debian.org/debian bookworm/main amd64 dbus-bin amd64 1.14.10-1~deb12u1 [105 kB]
#20 3.582 Get:18 http://deb.debian.org/debian bookworm/main amd64 dbus-session-bus-common all 1.14.10-1~deb12u1 [78.2 kB]
#20 3.587 Get:19 http://deb.debian.org/debian bookworm/main amd64 libexpat1 amd64 2.5.0-1+deb12u2 [99.9 kB]
#20 3.594 Get:20 http://deb.debian.org/debian bookworm/main amd64 dbus-daemon amd64 1.14.10-1~deb12u1 [184 kB]
#20 3.602 Get:21 http://deb.debian.org/debian bookworm/main amd64 dbus-system-bus-common all 1.14.10-1~deb12u1 [79.3 kB]
#20 3.606 Get:22 http://deb.debian.org/debian bookworm/main amd64 dbus amd64 1.14.10-1~deb12u1 [97.4 kB]
#20 3.613 Get:23 http://deb.debian.org/debian bookworm/main amd64 libpython3.11-minimal amd64 3.11.2-6+deb12u8 [818 kB]
#20 3.654 Get:24 http://deb.debian.org/debian bookworm/main amd64 python3.11-minimal amd64 3.11.2-6+deb12u8 [2065 kB]
#20 3.747 Get:25 http://deb.debian.org/debian bookworm/main amd64 python3-minimal amd64 3.11.2-1+b1 [26.3 kB]
#20 3.749 Get:26 http://deb.debian.org/debian bookworm/main amd64 media-types all 10.0.0 [26.1 kB]
#20 3.750 Get:27 http://deb.debian.org/debian bookworm/main amd64 libncursesw6 amd64 6.4-4 [134 kB]
#20 3.755 Get:28 http://deb.debian.org/debian bookworm/main amd64 readline-common all 8.2-1.3 [69.0 kB]
#20 3.779 Get:29 http://deb.debian.org/debian bookworm/main amd64 libreadline8 amd64 8.2-1.3 [166 kB]
#20 3.780 Get:30 http://deb.debian.org/debian bookworm/main amd64 libsqlite3-0 amd64 3.40.1-2+deb12u2 [839 kB]
#20 3.812 Get:31 http://deb.debian.org/debian bookworm/main amd64 libpython3.11-stdlib amd64 3.11.2-6+deb12u8 [1799 kB]
#20 3.875 Get:32 http://deb.debian.org/debian bookworm/main amd64 python3.11 amd64 3.11.2-6+deb12u8 [574 kB]
#20 3.891 Get:33 http://deb.debian.org/debian bookworm/main amd64 libpython3-stdlib amd64 3.11.2-1+b1 [9312 B]
#20 3.891 Get:34 http://deb.debian.org/debian bookworm/main amd64 python3 amd64 3.11.2-1+b1 [26.3 kB]
#20 3.892 Get:35 http://deb.debian.org/debian bookworm/main amd64 sgml-base all 1.31 [15.4 kB]
#20 3.913 Get:36 http://deb.debian.org/debian bookworm/main amd64 libnss-systemd amd64 252.39-1~deb12u2 [164 kB]
#20 3.935 Get:37 http://deb.debian.org/debian bookworm/main amd64 libpam-systemd amd64 252.39-1~deb12u2 [226 kB]
#20 3.937 Get:38 http://deb.debian.org/debian bookworm/main amd64 systemd-timesyncd amd64 252.39-1~deb12u2 [64.1 kB]
#20 3.938 Get:39 http://deb.debian.org/debian bookworm/main amd64 libpsl5 amd64 0.21.2-1 [58.7 kB]
#20 3.959 Get:40 http://deb.debian.org/debian bookworm/main amd64 wget amd64 1.21.3-1+deb12u1 [937 kB]
#20 3.981 Get:41 http://deb.debian.org/debian bookworm/main amd64 libglib2.0-0 amd64 2.74.6-2+deb12u9 [1403 kB]
#20 4.038 Get:42 http://deb.debian.org/debian bookworm/main amd64 libicu72 amd64 72.1-3+deb12u1 [9376 kB]
#20 4.304 Get:43 http://deb.debian.org/debian bookworm/main amd64 libxml2 amd64 2.9.14+dfsg-1.3~deb12u6 [689 kB]
#20 4.324 Get:44 http://deb.debian.org/debian bookworm/main amd64 shared-mime-info amd64 2.2-1 [729 kB]
#20 4.347 Get:45 http://deb.debian.org/debian bookworm/main amd64 libbrotli1 amd64 1.0.9-2+b6 [275 kB]
#20 4.355 Get:46 http://deb.debian.org/debian bookworm/main amd64 libsasl2-modules-db amd64 2.1.28+dfsg-10 [20.3 kB]
#20 4.356 Get:47 http://deb.debian.org/debian bookworm/main amd64 libsasl2-2 amd64 2.1.28+dfsg-10 [59.7 kB]
#20 4.357 Get:48 http://deb.debian.org/debian bookworm/main amd64 libldap-2.5-0 amd64 2.5.13+dfsg-5 [183 kB]
#20 4.362 Get:49 http://deb.debian.org/debian bookworm/main amd64 libnghttp2-14 amd64 1.52.0-1+deb12u3 [72.4 kB]
#20 4.363 Get:50 http://deb.debian.org/debian bookworm/main amd64 librtmp1 amd64 2.4+20151223.gitfa8646d.1-2+b2 [60.8 kB]
#20 4.367 Get:51 http://deb.debian.org/debian bookworm/main amd64 libssh2-1 amd64 1.10.0-3+b1 [179 kB]
#20 4.372 Get:52 http://deb.debian.org/debian bookworm/main amd64 libcurl3-gnutls amd64 7.88.1-10+deb12u15 [386 kB]
#20 4.382 Get:53 http://deb.debian.org/debian bookworm/main amd64 libstemmer0d amd64 2.2.0-2 [118 kB]
#20 4.387 Get:54 http://deb.debian.org/debian bookworm/main amd64 libxmlb2 amd64 0.3.22-1~deb12u1 [61.0 kB]
#20 4.389 Get:55 http://deb.debian.org/debian bookworm/main amd64 libyaml-0-2 amd64 0.2.5-1 [53.6 kB]
#20 4.390 Get:56 http://deb.debian.org/debian bookworm/main amd64 libappstream4 amd64 0.16.1-2+b1 [198 kB]
#20 4.396 Get:57 http://deb.debian.org/debian bookworm/main amd64 appstream amd64 0.16.1-2+b1 [407 kB]
#20 4.408 Get:58 http://deb.debian.org/debian bookworm/main amd64 dbus-user-session amd64 1.14.10-1~deb12u1 [78.1 kB]
#20 4.409 Get:59 http://deb.debian.org/debian bookworm/main amd64 libassuan0 amd64 2.5.5-5 [48.5 kB]
#20 4.411 Get:60 http://deb.debian.org/debian bookworm/main amd64 gpgconf amd64 2.2.40-1.1+deb12u2 [565 kB]
#20 4.428 Get:61 http://deb.debian.org/debian bookworm/main amd64 libksba8 amd64 1.6.3-2 [128 kB]
#20 4.432 Get:62 http://deb.debian.org/debian bookworm/main amd64 libnpth0 amd64 1.6-3 [19.0 kB]
#20 4.432 Get:63 http://deb.debian.org/debian bookworm/main amd64 dirmngr amd64 2.2.40-1.1+deb12u2 [793 kB]
#20 4.455 Get:64 http://deb.debian.org/debian bookworm/main amd64 distro-info-data all 0.58+deb12u7 [6584 B]
#20 4.457 Get:65 http://deb.debian.org/debian bookworm/main amd64 libgirepository-1.0-1 amd64 1.74.0-3 [101 kB]
#20 4.459 Get:66 http://deb.debian.org/debian bookworm/main amd64 gir1.2-glib-2.0 amd64 1.74.0-3 [159 kB]
#20 4.463 Get:67 http://deb.debian.org/debian bookworm/main amd64 libpackagekit-glib2-18 amd64 1.2.6-5+deb12u1 [113 kB]
#20 4.466 Get:68 http://deb.debian.org/debian bookworm/main amd64 gir1.2-packagekitglib-1.0 amd64 1.2.6-5+deb12u1 [26.0 kB]
#20 4.467 Get:69 http://deb.debian.org/debian bookworm/main amd64 gnupg-l10n all 2.2.40-1.1+deb12u2 [1093 kB]
#20 4.499 Get:70 http://deb.debian.org/debian bookworm/main amd64 gnupg-utils amd64 2.2.40-1.1+deb12u2 [927 kB]
#20 4.525 Get:71 http://deb.debian.org/debian bookworm/main amd64 gpg amd64 2.2.40-1.1+deb12u2 [950 kB]
#20 4.553 Get:72 http://deb.debian.org/debian bookworm/main amd64 pinentry-curses amd64 1.2.1-1 [77.4 kB]
#20 4.554 Get:73 http://deb.debian.org/debian bookworm/main amd64 gpg-agent amd64 2.2.40-1.1+deb12u2 [695 kB]
#20 4.574 Get:74 http://deb.debian.org/debian bookworm/main amd64 gpg-wks-client amd64 2.2.40-1.1+deb12u2 [541 kB]
#20 4.590 Get:75 http://deb.debian.org/debian bookworm/main amd64 gpg-wks-server amd64 2.2.40-1.1+deb12u2 [531 kB]
#20 4.605 Get:76 http://deb.debian.org/debian bookworm/main amd64 gpgsm amd64 2.2.40-1.1+deb12u2 [671 kB]
#20 4.624 Get:77 http://deb.debian.org/debian bookworm/main amd64 gnupg all 2.2.40-1.1+deb12u2 [846 kB]
#20 4.648 Get:78 http://deb.debian.org/debian bookworm/main amd64 iso-codes all 4.15.0-1 [2906 kB]
#20 4.729 Get:79 http://deb.debian.org/debian bookworm/main amd64 libcap2-bin amd64 1:2.66-4+deb12u3+b1 [35.2 kB]
#20 4.730 Get:80 http://deb.debian.org/debian bookworm/main amd64 libduktape207 amd64 2.7.0-2 [134 kB]
#20 4.735 Get:81 http://deb.debian.org/debian bookworm/main amd64 libelf1 amd64 0.188-2.1 [174 kB]
#20 4.738 Get:82 http://deb.debian.org/debian bookworm/main amd64 libdw1 amd64 0.188-2.1 [235 kB]
#20 4.746 Get:83 http://deb.debian.org/debian bookworm/main amd64 libglib2.0-data all 2.74.6-2+deb12u9 [1211 kB]
#20 4.779 Get:84 http://deb.debian.org/debian bookworm/main amd64 libglib2.0-bin amd64 2.74.6-2+deb12u9 [112 kB]
#20 4.781 Get:85 http://deb.debian.org/debian bookworm/main amd64 libgpm2 amd64 1.20.7-10+b1 [14.2 kB]
#20 4.783 Get:86 http://deb.debian.org/debian bookworm/main amd64 libunwind8 amd64 1.6.2-3 [51.2 kB]
#20 4.783 Get:87 http://deb.debian.org/debian bookworm/main amd64 libgstreamer1.0-0 amd64 1.22.0-2+deb12u1 [1170 kB]
#20 4.816 Get:88 http://deb.debian.org/debian bookworm/main amd64 libldap-common all 2.5.13+dfsg-5 [29.3 kB]
#20 4.817 Get:89 http://deb.debian.org/debian bookworm/main amd64 libpam-cap amd64 1:2.66-4+deb12u3+b1 [15.1 kB]
#20 4.817 Get:90 http://deb.debian.org/debian bookworm/main amd64 libpolkit-gobject-1-0 amd64 122-3 [43.9 kB]
#20 4.819 Get:91 http://deb.debian.org/debian bookworm/main amd64 libpolkit-agent-1-0 amd64 122-3 [24.4 kB]
#20 4.819 Get:92 http://deb.debian.org/debian bookworm/main amd64 libsasl2-modules amd64 2.1.28+dfsg-10 [66.6 kB]
#20 4.821 Get:93 http://deb.debian.org/debian bookworm/main amd64 libstdc++-12-dev amd64 12.2.0-14+deb12u1 [2047 kB]
#20 4.877 Get:94 http://deb.debian.org/debian bookworm/main amd64 lsb-release all 12.0-1 [6416 B]
#20 4.877 Get:95 http://deb.debian.org/debian bookworm/main amd64 make amd64 4.3-4.1 [396 kB]
#20 4.889 Get:96 http://deb.debian.org/debian bookworm/main amd64 xml-core all 0.18+nmu1 [23.8 kB]
#20 4.890 Get:97 http://deb.debian.org/debian bookworm/main amd64 polkitd amd64 122-3 [112 kB]
#20 4.893 Get:98 http://deb.debian.org/debian bookworm/main amd64 packagekit amd64 1.2.6-5+deb12u1 [610 kB]
#20 4.910 Get:99 http://deb.debian.org/debian bookworm/main amd64 packagekit-tools amd64 1.2.6-5+deb12u1 [31.0 kB]
#20 4.910 Get:100 http://deb.debian.org/debian bookworm/main amd64 publicsuffix all 20230209.2326-1 [126 kB]
#20 4.914 Get:101 http://deb.debian.org/debian bookworm/main amd64 python-apt-common all 2.6.0 [64.3 kB]
#20 4.915 Get:102 http://deb.debian.org/debian bookworm/main amd64 python3-apt amd64 2.6.0 [159 kB]
#20 4.921 Get:103 http://deb.debian.org/debian bookworm/main amd64 python3-blinker all 1.5-1 [14.7 kB]
#20 4.922 Get:104 http://deb.debian.org/debian bookworm/main amd64 python3-cffi-backend amd64 1.15.1-5+b1 [84.6 kB]
#20 4.923 Get:105 http://deb.debian.org/debian bookworm/main amd64 python3-cryptography amd64 38.0.4-3+deb12u1 [665 kB]
#20 4.942 Get:106 http://deb.debian.org/debian bookworm/main amd64 python3-dbus amd64 1.3.2-4+b1 [95.1 kB]
#20 4.944 Get:107 http://deb.debian.org/debian bookworm/main amd64 python3-distro all 1.8.0-1 [20.5 kB]
#20 4.945 Get:108 http://deb.debian.org/debian bookworm/main amd64 python3-gi amd64 3.42.2-3+b1 [219 kB]
#20 4.951 Get:109 http://deb.debian.org/debian bookworm/main amd64 python3-pyparsing all 3.0.9-1 [138 kB]
#20 4.954 Get:110 http://deb.debian.org/debian bookworm/main amd64 python3-httplib2 all 0.20.4-3 [36.0 kB]
#20 4.954 Get:111 http://deb.debian.org/debian bookworm/main amd64 python3-jwt all 2.6.0-1+deb12u1 [27.1 kB]
#20 4.955 Get:112 http://deb.debian.org/debian bookworm/main amd64 python3-pkg-resources all 66.1.1-1+deb12u2 [297 kB]
#20 4.964 Get:113 http://deb.debian.org/debian bookworm/main amd64 python3-lazr.uri all 1.0.6-3 [13.7 kB]
#20 4.965 Get:114 http://deb.debian.org/debian bookworm/main amd64 python3-wadllib all 1.3.6-4 [37.2 kB]
#20 4.976 Get:115 http://deb.debian.org/debian bookworm/main amd64 python3-oauthlib all 3.2.2-1 [95.4 kB]
#20 4.978 Get:116 http://deb.debian.org/debian bookworm/main amd64 python3-six all 1.16.0-4 [17.5 kB]
#20 4.978 Get:117 http://deb.debian.org/debian bookworm/main amd64 python3-lazr.restfulclient all 0.14.5-1 [50.4 kB]
#20 4.979 Get:118 http://deb.debian.org/debian bookworm/main amd64 python3-software-properties all 0.99.30-4.1~deb12u1 [32.9 kB]
#20 4.980 Get:119 http://deb.debian.org/debian bookworm/main amd64 software-properties-common all 0.99.30-4.1~deb12u1 [62.1 kB]
#20 4.982 Get:120 http://deb.debian.org/debian bookworm/main amd64 wabt amd64 1.0.32-1 [1552 kB]
#20 5.027 Get:121 http://deb.debian.org/debian bookworm/main amd64 xdg-user-dirs amd64 0.18-1 [54.4 kB]
#20 5.029 Get:122 http://deb.debian.org/debian bookworm/main amd64 zlib1g-dev amd64 1:1.2.13.dfsg-1 [916 kB]
#20 5.129 debconf: delaying package configuration, since apt-utils is not installed
#20 5.144 Fetched 51.8 MB in 2s (23.1 MB/s)
#20 5.156 Selecting previously unselected package libargon2-1:amd64.
#20 5.156 (Reading database ... (Reading database ... 5%(Reading database ... 10%(Reading database ... 15%(Reading database ... 20%(Reading database ... 25%(Reading database ... 30%(Reading database ... 35%(Reading database ... 40%(Reading database ... 45%(Reading database ... 50%(Reading database ... 55%(Reading database ... 60%(Reading database ... 65%(Reading database ... 70%(Reading database ... 75%(Reading database ... 80%(Reading database ... 85%(Reading database ... 90%(Reading database ... 95%(Reading database ... 100%(Reading database ... 9036 files and directories currently installed.)
#20 5.159 Preparing to unpack .../libargon2-1_0~20171227-0.3+deb12u1_amd64.deb ...
#20 5.164 Unpacking libargon2-1:amd64 (0~20171227-0.3+deb12u1) ...
#20 5.184 Preparing to unpack .../libudev1_252.39-1~deb12u2_amd64.deb ...
#20 5.189 Unpacking libudev1:amd64 (252.39-1~deb12u2) over (252.39-1~deb12u1) ...
#20 5.217 Setting up libudev1:amd64 (252.39-1~deb12u2) ...
#20 5.236 Selecting previously unselected package dmsetup.
#20 5.236 (Reading database ... (Reading database ... 5%(Reading database ... 10%(Reading database ... 15%(Reading database ... 20%(Reading database ... 25%(Reading database ... 30%(Reading database ... 35%(Reading database ... 40%(Reading database ... 45%(Reading database ... 50%(Reading database ... 55%(Reading database ... 60%(Reading database ... 65%(Reading database ... 70%(Reading database ... 75%(Reading database ... 80%(Reading database ... 85%(Reading database ... 90%(Reading database ... 95%(Reading database ... 100%(Reading database ... 9041 files and directories currently installed.)
#20 5.239 Preparing to unpack .../0-dmsetup_2%3a1.02.185-2_amd64.deb ...
#20 5.241 Unpacking dmsetup (2:1.02.185-2) ...
#20 5.263 Selecting previously unselected package libdevmapper1.02.1:amd64.
#20 5.264 Preparing to unpack .../1-libdevmapper1.02.1_2%3a1.02.185-2_amd64.deb ...
#20 5.266 Unpacking libdevmapper1.02.1:amd64 (2:1.02.185-2) ...
#20 5.293 Selecting previously unselected package libjson-c5:amd64.
#20 5.294 Preparing to unpack .../2-libjson-c5_0.16-2_amd64.deb ...
#20 5.296 Unpacking libjson-c5:amd64 (0.16-2) ...
#20 5.321 Selecting previously unselected package libcryptsetup12:amd64.
#20 5.322 Preparing to unpack .../3-libcryptsetup12_2%3a2.6.1-4~deb12u2_amd64.deb ...
#20 5.324 Unpacking libcryptsetup12:amd64 (2:2.6.1-4~deb12u2) ...
#20 5.355 Selecting previously unselected package libfdisk1:amd64.
#20 5.356 Preparing to unpack .../4-libfdisk1_2.38.1-5+deb12u3_amd64.deb ...
#20 5.359 Unpacking libfdisk1:amd64 (2.38.1-5+deb12u3) ...
#20 5.394 Selecting previously unselected package libkmod2:amd64.
#20 5.395 Preparing to unpack .../5-libkmod2_30+20221128-1_amd64.deb ...
#20 5.397 Unpacking libkmod2:amd64 (30+20221128-1) ...
#20 5.416 Selecting previously unselected package libapparmor1:amd64.
#20 5.417 Preparing to unpack .../6-libapparmor1_3.0.8-3_amd64.deb ...
#20 5.419 Unpacking libapparmor1:amd64 (3.0.8-3) ...
#20 5.440 Preparing to unpack .../7-libcap2_1%3a2.66-4+deb12u3+b1_amd64.deb ...
#20 5.445 Unpacking libcap2:amd64 (1:2.66-4+deb12u3+b1) over (1:2.66-4+deb12u2+b2) ...
#20 5.467 Setting up libcap2:amd64 (1:2.66-4+deb12u3+b1) ...
#20 5.492 Selecting previously unselected package libip4tc2:amd64.
#20 5.492 (Reading database ... (Reading database ... 5%(Reading database ... 10%(Reading database ... 15%(Reading database ... 20%(Reading database ... 25%(Reading database ... 30%(Reading database ... 35%(Reading database ... 40%(Reading database ... 45%(Reading database ... 50%(Reading database ... 55%(Reading database ... 60%(Reading database ... 65%(Reading database ... 70%(Reading database ... 75%(Reading database ... 80%(Reading database ... 85%(Reading database ... 90%(Reading database ... 95%(Reading database ... 100%(Reading database ... 9096 files and directories currently installed.)
#20 5.496 Preparing to unpack .../libip4tc2_1.8.9-2_amd64.deb ...
#20 5.504 Unpacking libip4tc2:amd64 (1.8.9-2) ...
#20 5.526 Selecting previously unselected package libsystemd-shared:amd64.
#20 5.527 Preparing to unpack .../libsystemd-shared_252.39-1~deb12u2_amd64.deb ...
#20 5.530 Unpacking libsystemd-shared:amd64 (252.39-1~deb12u2) ...
#20 5.643 Preparing to unpack .../libsystemd0_252.39-1~deb12u2_amd64.deb ...
#20 5.653 Unpacking libsystemd0:amd64 (252.39-1~deb12u2) over (252.39-1~deb12u1) ...
#20 5.696 Setting up libsystemd0:amd64 (252.39-1~deb12u2) ...
#20 5.734 Selecting previously unselected package systemd.
#20 5.734 (Reading database ... (Reading database ... 5%(Reading database ... 10%(Reading database ... 15%(Reading database ... 20%(Reading database ... 25%(Reading database ... 30%(Reading database ... 35%(Reading database ... 40%(Reading database ... 45%(Reading database ... 50%(Reading database ... 55%(Reading database ... 60%(Reading database ... 65%(Reading database ... 70%(Reading database ... 75%(Reading database ... 80%(Reading database ... 85%(Reading database ... 90%(Reading database ... 95%(Reading database ... 100%(Reading database ... 9110 files and directories currently installed.)
#20 5.737 Preparing to unpack .../systemd_252.39-1~deb12u2_amd64.deb ...
#20 5.746 Unpacking systemd (252.39-1~deb12u2) ...
#20 5.905 Setting up libargon2-1:amd64 (0~20171227-0.3+deb12u1) ...
#20 5.913 Setting up libjson-c5:amd64 (0.16-2) ...
#20 5.923 Setting up libfdisk1:amd64 (2.38.1-5+deb12u3) ...
#20 5.936 Setting up libkmod2:amd64 (30+20221128-1) ...
#20 5.951 Setting up libapparmor1:amd64 (3.0.8-3) ...
#20 5.960 Setting up libip4tc2:amd64 (1.8.9-2) ...
#20 5.973 Setting up libsystemd-shared:amd64 (252.39-1~deb12u2) ...
#20 5.983 Setting up libdevmapper1.02.1:amd64 (2:1.02.185-2) ...
#20 5.993 Setting up libcryptsetup12:amd64 (2:2.6.1-4~deb12u2) ...
#20 6.005 Setting up systemd (252.39-1~deb12u2) ...
#20 6.036 Created symlink /etc/systemd/system/getty.target.wants/getty@tty1.service → /lib/systemd/system/getty@.service.
#20 6.038 Created symlink /etc/systemd/system/multi-user.target.wants/remote-fs.target → /lib/systemd/system/remote-fs.target.
#20 6.041 Created symlink /etc/systemd/system/sysinit.target.wants/systemd-pstore.service → /lib/systemd/system/systemd-pstore.service.
#20 6.043 Initializing machine ID from random generator.
#20 6.057 Creating group 'systemd-journal' with GID 999.
#20 6.057 Creating group 'systemd-network' with GID 998.
#20 6.057 Creating user 'systemd-network' (systemd Network Management) with UID 998 and GID 998.
#20 6.079 Setting up dmsetup (2:1.02.185-2) ...
#20 6.101 Selecting previously unselected package systemd-sysv.
#20 6.101 (Reading database ... (Reading database ... 5%(Reading database ... 10%(Reading database ... 15%(Reading database ... 20%(Reading database ... 25%(Reading database ... 30%(Reading database ... 35%(Reading database ... 40%(Reading database ... 45%(Reading database ... 50%(Reading database ... 55%(Reading database ... 60%(Reading database ... 65%(Reading database ... 70%(Reading database ... 75%(Reading database ... 80%(Reading database ... 85%(Reading database ... 90%(Reading database ... 95%(Reading database ... 100%(Reading database ... 9959 files and directories currently installed.)
#20 6.104 Preparing to unpack .../0-systemd-sysv_252.39-1~deb12u2_amd64.deb ...
#20 6.105 Unpacking systemd-sysv (252.39-1~deb12u2) ...
#20 6.124 Selecting previously unselected package libdbus-1-3:amd64.
#20 6.125 Preparing to unpack .../1-libdbus-1-3_1.14.10-1~deb12u1_amd64.deb ...
#20 6.126 Unpacking libdbus-1-3:amd64 (1.14.10-1~deb12u1) ...
#20 6.149 Selecting previously unselected package dbus-bin.
#20 6.150 Preparing to unpack .../2-dbus-bin_1.14.10-1~deb12u1_amd64.deb ...
#20 6.151 Unpacking dbus-bin (1.14.10-1~deb12u1) ...
#20 6.169 Selecting previously unselected package dbus-session-bus-common.
#20 6.170 Preparing to unpack .../3-dbus-session-bus-common_1.14.10-1~deb12u1_all.deb ...
#20 6.171 Unpacking dbus-session-bus-common (1.14.10-1~deb12u1) ...
#20 6.196 Selecting previously unselected package libexpat1:amd64.
#20 6.197 Preparing to unpack .../4-libexpat1_2.5.0-1+deb12u2_amd64.deb ...
#20 6.199 Unpacking libexpat1:amd64 (2.5.0-1+deb12u2) ...
#20 6.222 Selecting previously unselected package dbus-daemon.
#20 6.223 Preparing to unpack .../5-dbus-daemon_1.14.10-1~deb12u1_amd64.deb ...
#20 6.226 Unpacking dbus-daemon (1.14.10-1~deb12u1) ...
#20 6.251 Selecting previously unselected package dbus-system-bus-common.
#20 6.252 Preparing to unpack .../6-dbus-system-bus-common_1.14.10-1~deb12u1_all.deb ...
#20 6.254 Unpacking dbus-system-bus-common (1.14.10-1~deb12u1) ...
#20 6.281 Selecting previously unselected package dbus.
#20 6.281 Preparing to unpack .../7-dbus_1.14.10-1~deb12u1_amd64.deb ...
#20 6.287 Unpacking dbus (1.14.10-1~deb12u1) ...
#20 6.315 Selecting previously unselected package libpython3.11-minimal:amd64.
#20 6.315 Preparing to unpack .../8-libpython3.11-minimal_3.11.2-6+deb12u8_amd64.deb ...
#20 6.318 Unpacking libpython3.11-minimal:amd64 (3.11.2-6+deb12u8) ...
#20 6.379 Selecting previously unselected package python3.11-minimal.
#20 6.380 Preparing to unpack .../9-python3.11-minimal_3.11.2-6+deb12u8_amd64.deb ...
#20 6.383 Unpacking python3.11-minimal (3.11.2-6+deb12u8) ...
#20 6.520 Setting up libpython3.11-minimal:amd64 (3.11.2-6+deb12u8) ...
#20 6.530 Setting up libexpat1:amd64 (2.5.0-1+deb12u2) ...
#20 6.538 Setting up python3.11-minimal (3.11.2-6+deb12u8) ...
#20 6.962 Selecting previously unselected package python3-minimal.
#20 6.962 (Reading database ... (Reading database ... 5%(Reading database ... 10%(Reading database ... 15%(Reading database ... 20%(Reading database ... 25%(Reading database ... 30%(Reading database ... 35%(Reading database ... 40%(Reading database ... 45%(Reading database ... 50%(Reading database ... 55%(Reading database ... 60%(Reading database ... 65%(Reading database ... 70%(Reading database ... 75%(Reading database ... 80%(Reading database ... 85%(Reading database ... 90%(Reading database ... 95%(Reading database ... 100%(Reading database ... 10366 files and directories currently installed.)
#20 6.965 Preparing to unpack .../0-python3-minimal_3.11.2-1+b1_amd64.deb ...
#20 6.967 Unpacking python3-minimal (3.11.2-1+b1) ...
#20 6.983 Selecting previously unselected package media-types.
#20 6.984 Preparing to unpack .../1-media-types_10.0.0_all.deb ...
#20 6.986 Unpacking media-types (10.0.0) ...
#20 7.008 Selecting previously unselected package libncursesw6:amd64.
#20 7.009 Preparing to unpack .../2-libncursesw6_6.4-4_amd64.deb ...
#20 7.011 Unpacking libncursesw6:amd64 (6.4-4) ...
#20 7.038 Selecting previously unselected package readline-common.
#20 7.039 Preparing to unpack .../3-readline-common_8.2-1.3_all.deb ...
#20 7.041 Unpacking readline-common (8.2-1.3) ...
#20 7.065 Selecting previously unselected package libreadline8:amd64.
#20 7.066 Preparing to unpack .../4-libreadline8_8.2-1.3_amd64.deb ...
#20 7.069 Unpacking libreadline8:amd64 (8.2-1.3) ...
#20 7.098 Selecting previously unselected package libsqlite3-0:amd64.
#20 7.098 Preparing to unpack .../5-libsqlite3-0_3.40.1-2+deb12u2_amd64.deb ...
#20 7.101 Unpacking libsqlite3-0:amd64 (3.40.1-2+deb12u2) ...
#20 7.147 Selecting previously unselected package libpython3.11-stdlib:amd64.
#20 7.148 Preparing to unpack .../6-libpython3.11-stdlib_3.11.2-6+deb12u8_amd64.deb ...
#20 7.151 Unpacking libpython3.11-stdlib:amd64 (3.11.2-6+deb12u8) ...
#20 7.269 Selecting previously unselected package python3.11.
#20 7.270 Preparing to unpack .../7-python3.11_3.11.2-6+deb12u8_amd64.deb ...
#20 7.273 Unpacking python3.11 (3.11.2-6+deb12u8) ...
#20 7.297 Selecting previously unselected package libpython3-stdlib:amd64.
#20 7.298 Preparing to unpack .../8-libpython3-stdlib_3.11.2-1+b1_amd64.deb ...
#20 7.300 Unpacking libpython3-stdlib:amd64 (3.11.2-1+b1) ...
#20 7.319 Setting up python3-minimal (3.11.2-1+b1) ...
#20 7.420 Selecting previously unselected package python3.
#20 7.420 (Reading database ... (Reading database ... 5%(Reading database ... 10%(Reading database ... 15%(Reading database ... 20%(Reading database ... 25%(Reading database ... 30%(Reading database ... 35%(Reading database ... 40%(Reading database ... 45%(Reading database ... 50%(Reading database ... 55%(Reading database ... 60%(Reading database ... 65%(Reading database ... 70%(Reading database ... 75%(Reading database ... 80%(Reading database ... 85%(Reading database ... 90%(Reading database ... 95%(Reading database ... 100%(Reading database ... 10817 files and directories currently installed.)
#20 7.424 Preparing to unpack .../00-python3_3.11.2-1+b1_amd64.deb ...
#20 7.427 Unpacking python3 (3.11.2-1+b1) ...
#20 7.454 Selecting previously unselected package sgml-base.
#20 7.454 Preparing to unpack .../01-sgml-base_1.31_all.deb ...
#20 7.458 Unpacking sgml-base (1.31) ...
#20 7.486 Selecting previously unselected package libnss-systemd:amd64.
#20 7.487 Preparing to unpack .../02-libnss-systemd_252.39-1~deb12u2_amd64.deb ...
#20 7.490 Unpacking libnss-systemd:amd64 (252.39-1~deb12u2) ...
#20 7.516 Selecting previously unselected package libpam-systemd:amd64.
#20 7.517 Preparing to unpack .../03-libpam-systemd_252.39-1~deb12u2_amd64.deb ...
#20 7.520 Unpacking libpam-systemd:amd64 (252.39-1~deb12u2) ...
#20 7.553 Selecting previously unselected package systemd-timesyncd.
#20 7.553 Preparing to unpack .../04-systemd-timesyncd_252.39-1~deb12u2_amd64.deb ...
#20 7.556 Unpacking systemd-timesyncd (252.39-1~deb12u2) ...
#20 7.581 Selecting previously unselected package libpsl5:amd64.
#20 7.582 Preparing to unpack .../05-libpsl5_0.21.2-1_amd64.deb ...
#20 7.585 Unpacking libpsl5:amd64 (0.21.2-1) ...
#20 7.616 Selecting previously unselected package wget.
#20 7.617 Preparing to unpack .../06-wget_1.21.3-1+deb12u1_amd64.deb ...
#20 7.619 Unpacking wget (1.21.3-1+deb12u1) ...
#20 7.680 Selecting previously unselected package libglib2.0-0:amd64.
#20 7.681 Preparing to unpack .../07-libglib2.0-0_2.74.6-2+deb12u9_amd64.deb ...
#20 7.683 Unpacking libglib2.0-0:amd64 (2.74.6-2+deb12u9) ...
#20 7.765 Selecting previously unselected package libicu72:amd64.
#20 7.766 Preparing to unpack .../08-libicu72_72.1-3+deb12u1_amd64.deb ...
#20 7.768 Unpacking libicu72:amd64 (72.1-3+deb12u1) ...
#20 8.121 Selecting previously unselected package libxml2:amd64.
#20 8.122 Preparing to unpack .../09-libxml2_2.9.14+dfsg-1.3~deb12u6_amd64.deb ...
#20 8.124 Unpacking libxml2:amd64 (2.9.14+dfsg-1.3~deb12u6) ...
#20 8.177 Selecting previously unselected package shared-mime-info.
#20 8.178 Preparing to unpack .../10-shared-mime-info_2.2-1_amd64.deb ...
#20 8.180 Unpacking shared-mime-info (2.2-1) ...
#20 8.235 Selecting previously unselected package libbrotli1:amd64.
#20 8.235 Preparing to unpack .../11-libbrotli1_1.0.9-2+b6_amd64.deb ...
#20 8.237 Unpacking libbrotli1:amd64 (1.0.9-2+b6) ...
#20 8.272 Selecting previously unselected package libsasl2-modules-db:amd64.
#20 8.273 Preparing to unpack .../12-libsasl2-modules-db_2.1.28+dfsg-10_amd64.deb ...
#20 8.275 Unpacking libsasl2-modules-db:amd64 (2.1.28+dfsg-10) ...
#20 8.294 Selecting previously unselected package libsasl2-2:amd64.
#20 8.294 Preparing to unpack .../13-libsasl2-2_2.1.28+dfsg-10_amd64.deb ...
#20 8.297 Unpacking libsasl2-2:amd64 (2.1.28+dfsg-10) ...
#20 8.323 Selecting previously unselected package libldap-2.5-0:amd64.
#20 8.323 Preparing to unpack .../14-libldap-2.5-0_2.5.13+dfsg-5_amd64.deb ...
#20 8.326 Unpacking libldap-2.5-0:amd64 (2.5.13+dfsg-5) ...
#20 8.353 Selecting previously unselected package libnghttp2-14:amd64.
#20 8.355 Preparing to unpack .../15-libnghttp2-14_1.52.0-1+deb12u3_amd64.deb ...
#20 8.357 Unpacking libnghttp2-14:amd64 (1.52.0-1+deb12u3) ...
#20 8.378 Selecting previously unselected package librtmp1:amd64.
#20 8.379 Preparing to unpack .../16-librtmp1_2.4+20151223.gitfa8646d.1-2+b2_amd64.deb ...
#20 8.381 Unpacking librtmp1:amd64 (2.4+20151223.gitfa8646d.1-2+b2) ...
#20 8.402 Selecting previously unselected package libssh2-1:amd64.
#20 8.403 Preparing to unpack .../17-libssh2-1_1.10.0-3+b1_amd64.deb ...
#20 8.405 Unpacking libssh2-1:amd64 (1.10.0-3+b1) ...
#20 8.435 Selecting previously unselected package libcurl3-gnutls:amd64.
#20 8.436 Preparing to unpack .../18-libcurl3-gnutls_7.88.1-10+deb12u15_amd64.deb ...
#20 8.442 Unpacking libcurl3-gnutls:amd64 (7.88.1-10+deb12u15) ...
#20 8.482 Selecting previously unselected package libstemmer0d:amd64.
#20 8.483 Preparing to unpack .../19-libstemmer0d_2.2.0-2_amd64.deb ...
#20 8.485 Unpacking libstemmer0d:amd64 (2.2.0-2) ...
#20 8.515 Selecting previously unselected package libxmlb2:amd64.
#20 8.516 Preparing to unpack .../20-libxmlb2_0.3.22-1~deb12u1_amd64.deb ...
#20 8.519 Unpacking libxmlb2:amd64 (0.3.22-1~deb12u1) ...
#20 8.540 Selecting previously unselected package libyaml-0-2:amd64.
#20 8.541 Preparing to unpack .../21-libyaml-0-2_0.2.5-1_amd64.deb ...
#20 8.544 Unpacking libyaml-0-2:amd64 (0.2.5-1) ...
#20 8.567 Selecting previously unselected package libappstream4:amd64.
#20 8.568 Preparing to unpack .../22-libappstream4_0.16.1-2+b1_amd64.deb ...
#20 8.571 Unpacking libappstream4:amd64 (0.16.1-2+b1) ...
#20 8.605 Selecting previously unselected package appstream.
#20 8.606 Preparing to unpack .../23-appstream_0.16.1-2+b1_amd64.deb ...
#20 8.642 Unpacking appstream (0.16.1-2+b1) ...
#20 8.698 Selecting previously unselected package dbus-user-session.
#20 8.699 Preparing to unpack .../24-dbus-user-session_1.14.10-1~deb12u1_amd64.deb ...
#20 8.702 Unpacking dbus-user-session (1.14.10-1~deb12u1) ...
#20 8.729 Selecting previously unselected package libassuan0:amd64.
#20 8.730 Preparing to unpack .../25-libassuan0_2.5.5-5_amd64.deb ...
#20 8.732 Unpacking libassuan0:amd64 (2.5.5-5) ...
#20 8.752 Selecting previously unselected package gpgconf.
#20 8.753 Preparing to unpack .../26-gpgconf_2.2.40-1.1+deb12u2_amd64.deb ...
#20 8.756 Unpacking gpgconf (2.2.40-1.1+deb12u2) ...
#20 8.791 Selecting previously unselected package libksba8:amd64.
#20 8.792 Preparing to unpack .../27-libksba8_1.6.3-2_amd64.deb ...
#20 8.795 Unpacking libksba8:amd64 (1.6.3-2) ...
#20 8.829 Selecting previously unselected package libnpth0:amd64.
#20 8.830 Preparing to unpack .../28-libnpth0_1.6-3_amd64.deb ...
#20 8.832 Unpacking libnpth0:amd64 (1.6-3) ...
#20 8.856 Selecting previously unselected package dirmngr.
#20 8.857 Preparing to unpack .../29-dirmngr_2.2.40-1.1+deb12u2_amd64.deb ...
#20 8.865 Unpacking dirmngr (2.2.40-1.1+deb12u2) ...
#20 8.904 Selecting previously unselected package distro-info-data.
#20 8.905 Preparing to unpack .../30-distro-info-data_0.58+deb12u7_all.deb ...
#20 8.907 Unpacking distro-info-data (0.58+deb12u7) ...
#20 8.928 Selecting previously unselected package libgirepository-1.0-1:amd64.
#20 8.929 Preparing to unpack .../31-libgirepository-1.0-1_1.74.0-3_amd64.deb ...
#20 8.931 Unpacking libgirepository-1.0-1:amd64 (1.74.0-3) ...
#20 8.956 Selecting previously unselected package gir1.2-glib-2.0:amd64.
#20 8.957 Preparing to unpack .../32-gir1.2-glib-2.0_1.74.0-3_amd64.deb ...
#20 8.958 Unpacking gir1.2-glib-2.0:amd64 (1.74.0-3) ...
#20 8.989 Selecting previously unselected package libpackagekit-glib2-18:amd64.
#20 8.990 Preparing to unpack .../33-libpackagekit-glib2-18_1.2.6-5+deb12u1_amd64.deb ...
#20 8.993 Unpacking libpackagekit-glib2-18:amd64 (1.2.6-5+deb12u1) ...
#20 9.015 Selecting previously unselected package gir1.2-packagekitglib-1.0.
#20 9.016 Preparing to unpack .../34-gir1.2-packagekitglib-1.0_1.2.6-5+deb12u1_amd64.deb ...
#20 9.023 Unpacking gir1.2-packagekitglib-1.0 (1.2.6-5+deb12u1) ...
#20 9.042 Selecting previously unselected package gnupg-l10n.
#20 9.043 Preparing to unpack .../35-gnupg-l10n_2.2.40-1.1+deb12u2_all.deb ...
#20 9.045 Unpacking gnupg-l10n (2.2.40-1.1+deb12u2) ...
#20 9.107 Selecting previously unselected package gnupg-utils.
#20 9.108 Preparing to unpack .../36-gnupg-utils_2.2.40-1.1+deb12u2_amd64.deb ...
#20 9.111 Unpacking gnupg-utils (2.2.40-1.1+deb12u2) ...
#20 9.156 Selecting previously unselected package gpg.
#20 9.157 Preparing to unpack .../37-gpg_2.2.40-1.1+deb12u2_amd64.deb ...
#20 9.159 Unpacking gpg (2.2.40-1.1+deb12u2) ...
#20 9.205 Selecting previously unselected package pinentry-curses.
#20 9.206 Preparing to unpack .../38-pinentry-curses_1.2.1-1_amd64.deb ...
#20 9.208 Unpacking pinentry-curses (1.2.1-1) ...
#20 9.236 Selecting previously unselected package gpg-agent.
#20 9.237 Preparing to unpack .../39-gpg-agent_2.2.40-1.1+deb12u2_amd64.deb ...
#20 9.239 Unpacking gpg-agent (2.2.40-1.1+deb12u2) ...
#20 9.268 Selecting previously unselected package gpg-wks-client.
#20 9.269 Preparing to unpack .../40-gpg-wks-client_2.2.40-1.1+deb12u2_amd64.deb ...
#20 9.272 Unpacking gpg-wks-client (2.2.40-1.1+deb12u2) ...
#20 9.297 Selecting previously unselected package gpg-wks-server.
#20 9.298 Preparing to unpack .../41-gpg-wks-server_2.2.40-1.1+deb12u2_amd64.deb ...
#20 9.301 Unpacking gpg-wks-server (2.2.40-1.1+deb12u2) ...
#20 9.326 Selecting previously unselected package gpgsm.
#20 9.327 Preparing to unpack .../42-gpgsm_2.2.40-1.1+deb12u2_amd64.deb ...
#20 9.329 Unpacking gpgsm (2.2.40-1.1+deb12u2) ...
#20 9.366 Selecting previously unselected package gnupg.
#20 9.367 Preparing to unpack .../43-gnupg_2.2.40-1.1+deb12u2_all.deb ...
#20 9.370 Unpacking gnupg (2.2.40-1.1+deb12u2) ...
#20 9.407 Selecting previously unselected package iso-codes.
#20 9.408 Preparing to unpack .../44-iso-codes_4.15.0-1_all.deb ...
#20 9.410 Unpacking iso-codes (4.15.0-1) ...
#20 9.614 Selecting previously unselected package libcap2-bin.
#20 9.615 Preparing to unpack .../45-libcap2-bin_1%3a2.66-4+deb12u3+b1_amd64.deb ...
#20 9.617 Unpacking libcap2-bin (1:2.66-4+deb12u3+b1) ...
#20 9.640 Selecting previously unselected package libduktape207:amd64.
#20 9.641 Preparing to unpack .../46-libduktape207_2.7.0-2_amd64.deb ...
#20 9.643 Unpacking libduktape207:amd64 (2.7.0-2) ...
#20 9.670 Selecting previously unselected package libelf1:amd64.
#20 9.671 Preparing to unpack .../47-libelf1_0.188-2.1_amd64.deb ...
#20 9.673 Unpacking libelf1:amd64 (0.188-2.1) ...
#20 9.702 Selecting previously unselected package libdw1:amd64.
#20 9.703 Preparing to unpack .../48-libdw1_0.188-2.1_amd64.deb ...
#20 9.706 Unpacking libdw1:amd64 (0.188-2.1) ...
#20 9.736 Selecting previously unselected package libglib2.0-data.
#20 9.737 Preparing to unpack .../49-libglib2.0-data_2.74.6-2+deb12u9_all.deb ...
#20 9.740 Unpacking libglib2.0-data (2.74.6-2+deb12u9) ...
#20 9.822 Selecting previously unselected package libglib2.0-bin.
#20 9.823 Preparing to unpack .../50-libglib2.0-bin_2.74.6-2+deb12u9_amd64.deb ...
#20 9.825 Unpacking libglib2.0-bin (2.74.6-2+deb12u9) ...
#20 9.850 Selecting previously unselected package libgpm2:amd64.
#20 9.851 Preparing to unpack .../51-libgpm2_1.20.7-10+b1_amd64.deb ...
#20 9.853 Unpacking libgpm2:amd64 (1.20.7-10+b1) ...
#20 9.873 Selecting previously unselected package libunwind8:amd64.
#20 9.874 Preparing to unpack .../52-libunwind8_1.6.2-3_amd64.deb ...
#20 9.876 Unpacking libunwind8:amd64 (1.6.2-3) ...
#20 9.900 Selecting previously unselected package libgstreamer1.0-0:amd64.
#20 9.901 Preparing to unpack .../53-libgstreamer1.0-0_1.22.0-2+deb12u1_amd64.deb ...
#20 9.903 Unpacking libgstreamer1.0-0:amd64 (1.22.0-2+deb12u1) ...
#20 9.979 Selecting previously unselected package libldap-common.
#20 9.980 Preparing to unpack .../54-libldap-common_2.5.13+dfsg-5_all.deb ...
#20 9.983 Unpacking libldap-common (2.5.13+dfsg-5) ...
#20 10.01 Selecting previously unselected package libpam-cap:amd64.
#20 10.01 Preparing to unpack .../55-libpam-cap_1%3a2.66-4+deb12u3+b1_amd64.deb ...
#20 10.01 Unpacking libpam-cap:amd64 (1:2.66-4+deb12u3+b1) ...
#20 10.03 Selecting previously unselected package libpolkit-gobject-1-0:amd64.
#20 10.03 Preparing to unpack .../56-libpolkit-gobject-1-0_122-3_amd64.deb ...
#20 10.03 Unpacking libpolkit-gobject-1-0:amd64 (122-3) ...
#20 10.05 Selecting previously unselected package libpolkit-agent-1-0:amd64.
#20 10.05 Preparing to unpack .../57-libpolkit-agent-1-0_122-3_amd64.deb ...
#20 10.06 Unpacking libpolkit-agent-1-0:amd64 (122-3) ...
#20 10.08 Selecting previously unselected package libsasl2-modules:amd64.
#20 10.08 Preparing to unpack .../58-libsasl2-modules_2.1.28+dfsg-10_amd64.deb ...
#20 10.08 Unpacking libsasl2-modules:amd64 (2.1.28+dfsg-10) ...
#20 10.10 Selecting previously unselected package libstdc++-12-dev:amd64.
#20 10.10 Preparing to unpack .../59-libstdc++-12-dev_12.2.0-14+deb12u1_amd64.deb ...
#20 10.10 Unpacking libstdc++-12-dev:amd64 (12.2.0-14+deb12u1) ...
#20 10.23 Selecting previously unselected package lsb-release.
#20 10.24 Preparing to unpack .../60-lsb-release_12.0-1_all.deb ...
#20 10.24 Unpacking lsb-release (12.0-1) ...
#20 ...

#16 [contracts-builder  2/15] RUN apt-get update &&     apt-get install -y git python3 make g++ curl
#16 17.59 Selecting previously unselected package gcc.
#16 17.59 Preparing to unpack .../048-gcc_4%3a12.2.0-3_amd64.deb ...
#16 17.59 Unpacking gcc (4:12.2.0-3) ...
#16 17.61 Selecting previously unselected package libc-dev-bin.
#16 17.61 Preparing to unpack .../049-libc-dev-bin_2.36-9+deb12u14_amd64.deb ...
#16 17.62 Unpacking libc-dev-bin (2.36-9+deb12u14) ...
#16 17.64 Selecting previously unselected package linux-libc-dev:amd64.
#16 17.64 Preparing to unpack .../050-linux-libc-dev_6.1.177-1_amd64.deb ...
#16 17.64 Unpacking linux-libc-dev:amd64 (6.1.177-1) ...
#16 17.75 Selecting previously unselected package libcrypt-dev:amd64.
#16 17.75 Preparing to unpack .../051-libcrypt-dev_1%3a4.4.33-2_amd64.deb ...
#16 17.76 Unpacking libcrypt-dev:amd64 (1:4.4.33-2) ...
#16 17.78 Selecting previously unselected package libtirpc-dev:amd64.
#16 17.78 Preparing to unpack .../052-libtirpc-dev_1.3.3+ds-1_amd64.deb ...
#16 17.79 Unpacking libtirpc-dev:amd64 (1.3.3+ds-1) ...
#16 17.83 Selecting previously unselected package libnsl-dev:amd64.
#16 17.83 Preparing to unpack .../053-libnsl-dev_1.3.0-2_amd64.deb ...
#16 17.83 Unpacking libnsl-dev:amd64 (1.3.0-2) ...
#16 17.86 Selecting previously unselected package rpcsvc-proto.
#16 17.86 Preparing to unpack .../054-rpcsvc-proto_1.4.3-1_amd64.deb ...
#16 17.86 Unpacking rpcsvc-proto (1.4.3-1) ...
#16 17.89 Selecting previously unselected package libc6-dev:amd64.
#16 17.89 Preparing to unpack .../055-libc6-dev_2.36-9+deb12u14_amd64.deb ...
#16 17.90 Unpacking libc6-dev:amd64 (2.36-9+deb12u14) ...
#16 18.05 Selecting previously unselected package libstdc++-12-dev:amd64.
#16 18.05 Preparing to unpack .../056-libstdc++-12-dev_12.2.0-14+deb12u1_amd64.deb ...
#16 18.05 Unpacking libstdc++-12-dev:amd64 (12.2.0-14+deb12u1) ...
#16 18.19 Selecting previously unselected package g++-12.
#16 18.19 Preparing to unpack .../057-g++-12_12.2.0-14+deb12u1_amd64.deb ...
#16 18.20 Unpacking g++-12 (12.2.0-14+deb12u1) ...
#16 18.70 Selecting previously unselected package g++.
#16 18.70 Preparing to unpack .../058-g++_4%3a12.2.0-3_amd64.deb ...
#16 18.70 Unpacking g++ (4:12.2.0-3) ...
#16 18.73 Selecting previously unselected package libcurl3-gnutls:amd64.
#16 18.73 Preparing to unpack .../059-libcurl3-gnutls_7.88.1-10+deb12u15_amd64.deb ...
#16 18.74 Unpacking libcurl3-gnutls:amd64 (7.88.1-10+deb12u15) ...
#16 18.77 Selecting previously unselected package liberror-perl.
#16 18.77 Preparing to unpack .../060-liberror-perl_0.17029-2_all.deb ...
#16 18.77 Unpacking liberror-perl (0.17029-2) ...
#16 18.80 Selecting previously unselected package git-man.
#16 18.80 Preparing to unpack .../061-git-man_1%3a2.39.5-0+deb12u3_all.deb ...
#16 18.80 Unpacking git-man (1:2.39.5-0+deb12u3) ...
#16 18.89 Selecting previously unselected package git.
#16 18.89 Preparing to unpack .../062-git_1%3a2.39.5-0+deb12u3_amd64.deb ...
#16 18.90 Unpacking git (1:2.39.5-0+deb12u3) ...
#16 19.17 Selecting previously unselected package libabsl20220623:amd64.
#16 19.18 Preparing to unpack .../063-libabsl20220623_20220623.1-1+deb12u2_amd64.deb ...
#16 19.18 Unpacking libabsl20220623:amd64 (20220623.1-1+deb12u2) ...
#16 19.24 Selecting previously unselected package libaom3:amd64.
#16 19.24 Preparing to unpack .../064-libaom3_3.6.0-1+deb12u2_amd64.deb ...
#16 19.25 Unpacking libaom3:amd64 (3.6.0-1+deb12u2) ...
#16 19.38 Selecting previously unselected package libdav1d6:amd64.
#16 19.38 Preparing to unpack .../065-libdav1d6_1.0.0-2+deb12u1_amd64.deb ...
#16 19.38 Unpacking libdav1d6:amd64 (1.0.0-2+deb12u1) ...
#16 19.43 Selecting previously unselected package libgav1-1:amd64.
#16 19.43 Preparing to unpack .../066-libgav1-1_0.18.0-1+b1_amd64.deb ...
#16 19.43 Unpacking libgav1-1:amd64 (0.18.0-1+b1) ...
#16 19.47 Selecting previously unselected package librav1e0:amd64.
#16 19.47 Preparing to unpack .../067-librav1e0_0.5.1-6_amd64.deb ...
#16 19.47 Unpacking librav1e0:amd64 (0.5.1-6) ...
#16 19.53 Selecting previously unselected package libsvtav1enc1:amd64.
#16 19.53 Preparing to unpack .../068-libsvtav1enc1_1.4.1+dfsg-1_amd64.deb ...
#16 19.53 Unpacking libsvtav1enc1:amd64 (1.4.1+dfsg-1) ...
#16 19.66 Selecting previously unselected package libjpeg62-turbo:amd64.
#16 19.66 Preparing to unpack .../069-libjpeg62-turbo_1%3a2.1.5-2_amd64.deb ...
#16 19.66 Unpacking libjpeg62-turbo:amd64 (1:2.1.5-2) ...
#16 19.69 Selecting previously unselected package libyuv0:amd64.
#16 19.69 Preparing to unpack .../070-libyuv0_0.0~git20230123.b2528b0-1_amd64.deb ...
#16 19.69 Unpacking libyuv0:amd64 (0.0~git20230123.b2528b0-1) ...
#16 19.72 Selecting previously unselected package libavif15:amd64.
#16 19.72 Preparing to unpack .../071-libavif15_0.11.1-1+deb12u1_amd64.deb ...
#16 19.72 Unpacking libavif15:amd64 (0.11.1-1+deb12u1) ...
#16 19.75 Selecting previously unselected package libpng16-16:amd64.
#16 19.75 Preparing to unpack .../072-libpng16-16_1.6.39-2+deb12u5_amd64.deb ...
#16 19.75 Unpacking libpng16-16:amd64 (1.6.39-2+deb12u5) ...
#16 19.78 Selecting previously unselected package libfreetype6:amd64.
#16 19.78 Preparing to unpack .../073-libfreetype6_2.12.1+dfsg-5+deb12u4_amd64.deb ...
#16 19.78 Unpacking libfreetype6:amd64 (2.12.1+dfsg-5+deb12u4) ...
#16 19.83 Selecting previously unselected package libfontconfig1:amd64.
#16 19.83 Preparing to unpack .../074-libfontconfig1_2.14.1-4_amd64.deb ...
#16 19.83 Unpacking libfontconfig1:amd64 (2.14.1-4) ...
#16 19.87 Selecting previously unselected package libde265-0:amd64.
#16 19.87 Preparing to unpack .../075-libde265-0_1.0.11-1+deb12u2_amd64.deb ...
#16 19.87 Unpacking libde265-0:amd64 (1.0.11-1+deb12u2) ...
#16 19.90 Selecting previously unselected package libnuma1:amd64.
#16 19.90 Preparing to unpack .../076-libnuma1_2.0.16-1_amd64.deb ...
#16 19.91 Unpacking libnuma1:amd64 (2.0.16-1) ...
#16 19.93 Selecting previously unselected package libx265-199:amd64.
#16 19.93 Preparing to unpack .../077-libx265-199_3.5-2+b1_amd64.deb ...
#16 19.93 Unpacking libx265-199:amd64 (3.5-2+b1) ...
#16 20.03 Selecting previously unselected package libheif1:amd64.
#16 20.03 Preparing to unpack .../078-libheif1_1.15.1-1+deb12u1_amd64.deb ...
#16 20.03 Unpacking libheif1:amd64 (1.15.1-1+deb12u1) ...
#16 20.07 Selecting previously unselected package libdeflate0:amd64.
#16 20.07 Preparing to unpack .../079-libdeflate0_1.14-1_amd64.deb ...
#16 20.07 Unpacking libdeflate0:amd64 (1.14-1) ...
#16 20.10 Selecting previously unselected package libjbig0:amd64.
#16 20.10 Preparing to unpack .../080-libjbig0_2.1-6.1_amd64.deb ...
#16 20.11 Unpacking libjbig0:amd64 (2.1-6.1) ...
#16 20.13 Selecting previously unselected package liblerc4:amd64.
#16 20.13 Preparing to unpack .../081-liblerc4_4.0.0+ds-2_amd64.deb ...
#16 20.14 Unpacking liblerc4:amd64 (4.0.0+ds-2) ...
#16 20.17 Selecting previously unselected package libwebp7:amd64.
#16 20.17 Preparing to unpack .../082-libwebp7_1.2.4-0.2+deb12u1_amd64.deb ...
#16 20.17 Unpacking libwebp7:amd64 (1.2.4-0.2+deb12u1) ...
#16 20.21 Selecting previously unselected package libtiff6:amd64.
#16 ...

#19 [brotli-wasm-builder 3/6] RUN apt-get update &&     apt-get install -y cmake make git lbzip2 python3 xz-utils &&     git clone --depth 1 --branch 3.1.46 https://github.com/emscripten-core/emsdk.git &&     test "$(git -C emsdk rev-parse HEAD)" = "93360d3670018769b424e4e8f1d3d9b26d32c977" &&     cd emsdk &&     ./emsdk install 3.1.7 &&     ./emsdk activate 3.1.7
#19 11.87 Get:85 http://deb.debian.org/debian bookworm/main amd64 gcc amd64 4:12.2.0-3 [5216 B]
#19 11.87 Get:86 http://deb.debian.org/debian bookworm/main amd64 libcurl3-gnutls amd64 7.88.1-10+deb12u15 [386 kB]
#19 11.88 Get:87 http://deb.debian.org/debian bookworm/main amd64 liberror-perl all 0.17029-2 [29.0 kB]
#19 11.88 Get:88 http://deb.debian.org/debian bookworm/main amd64 git-man all 1:2.39.5-0+deb12u3 [2053 kB]
#19 12.02 Get:89 http://deb.debian.org/debian bookworm/main amd64 git amd64 1:2.39.5-0+deb12u3 [7264 kB]
#19 12.44 Get:90 http://deb.debian.org/debian bookworm/main amd64 lbzip2 amd64 2.5-2.3 [75.2 kB]
#19 12.46 Get:91 http://deb.debian.org/debian bookworm/main amd64 libabsl20220623 amd64 20220623.1-1+deb12u2 [391 kB]
#19 12.48 Get:92 http://deb.debian.org/debian bookworm/main amd64 libaom3 amd64 3.6.0-1+deb12u2 [1850 kB]
#19 12.59 Get:93 http://deb.debian.org/debian bookworm/main amd64 libdav1d6 amd64 1.0.0-2+deb12u1 [513 kB]
#19 12.62 Get:94 http://deb.debian.org/debian bookworm/main amd64 libgav1-1 amd64 0.18.0-1+b1 [332 kB]
#19 12.64 Get:95 http://deb.debian.org/debian bookworm/main amd64 librav1e0 amd64 0.5.1-6 [763 kB]
#19 12.69 Get:96 http://deb.debian.org/debian bookworm/main amd64 libsvtav1enc1 amd64 1.4.1+dfsg-1 [2121 kB]
#19 12.85 Get:97 http://deb.debian.org/debian bookworm/main amd64 libjpeg62-turbo amd64 1:2.1.5-2 [166 kB]
#19 12.87 Get:98 http://deb.debian.org/debian bookworm/main amd64 libyuv0 amd64 0.0~git20230123.b2528b0-1 [168 kB]
#19 12.88 Get:99 http://deb.debian.org/debian bookworm/main amd64 libavif15 amd64 0.11.1-1+deb12u1 [94.4 kB]
#19 12.88 Get:100 http://deb.debian.org/debian bookworm/main amd64 libc-dev-bin amd64 2.36-9+deb12u14 [48.1 kB]
#19 12.88 Get:101 http://deb.debian.org/debian bookworm/main amd64 libpng16-16 amd64 1.6.39-2+deb12u5 [277 kB]
#19 12.93 Get:102 http://deb.debian.org/debian bookworm/main amd64 libfreetype6 amd64 2.12.1+dfsg-5+deb12u4 [398 kB]
#19 12.94 Get:103 http://deb.debian.org/debian bookworm/main amd64 libfontconfig1 amd64 2.14.1-4 [386 kB]
#19 12.99 Get:104 http://deb.debian.org/debian bookworm/main amd64 libde265-0 amd64 1.0.11-1+deb12u2 [185 kB]
#19 13.00 Get:105 http://deb.debian.org/debian bookworm/main amd64 libnuma1 amd64 2.0.16-1 [21.0 kB]
#19 13.00 Get:106 http://deb.debian.org/debian bookworm/main amd64 libx265-199 amd64 3.5-2+b1 [1150 kB]
#19 13.10 Get:107 http://deb.debian.org/debian bookworm/main amd64 libheif1 amd64 1.15.1-1+deb12u1 [215 kB]
#19 13.12 Get:108 http://deb.debian.org/debian bookworm/main amd64 libdeflate0 amd64 1.14-1 [61.4 kB]
#19 13.14 Get:109 http://deb.debian.org/debian bookworm/main amd64 libjbig0 amd64 2.1-6.1 [31.7 kB]
#19 13.14 Get:110 http://deb.debian.org/debian bookworm/main amd64 liblerc4 amd64 4.0.0+ds-2 [170 kB]
#19 13.15 Get:111 http://deb.debian.org/debian bookworm/main amd64 libwebp7 amd64 1.2.4-0.2+deb12u1 [286 kB]
#19 13.18 Get:112 http://deb.debian.org/debian bookworm/main amd64 libtiff6 amd64 4.5.0-6+deb12u4 [316 kB]
#19 13.21 Get:113 http://deb.debian.org/debian bookworm/main amd64 libxau6 amd64 1:1.0.9-1 [19.7 kB]
#19 13.21 Get:114 http://deb.debian.org/debian bookworm/main amd64 libxdmcp6 amd64 1:1.1.2-3 [26.3 kB]
#19 13.22 Get:115 http://deb.debian.org/debian bookworm/main amd64 libxcb1 amd64 1.15-1 [144 kB]
#19 13.23 Get:116 http://deb.debian.org/debian bookworm/main amd64 libx11-data all 2:1.8.4-2+deb12u2 [292 kB]
#19 13.26 Get:117 http://deb.debian.org/debian bookworm/main amd64 libx11-6 amd64 2:1.8.4-2+deb12u2 [760 kB]
#19 13.34 Get:118 http://deb.debian.org/debian bookworm/main amd64 libxpm4 amd64 1:3.5.12-1.1+deb12u1 [48.6 kB]
#19 13.34 Get:119 http://deb.debian.org/debian bookworm/main amd64 libgd3 amd64 2.3.3-9 [124 kB]
#19 13.36 Get:120 http://deb.debian.org/debian bookworm/main amd64 libc-devtools amd64 2.36-9+deb12u14 [55.7 kB]
#19 13.37 Get:121 http://deb.debian.org/debian-security bookworm-security/main amd64 linux-libc-dev amd64 6.1.177-1 [2307 kB]
#19 13.60 Get:122 http://deb.debian.org/debian bookworm/main amd64 libcrypt-dev amd64 1:4.4.33-2 [118 kB]
#19 13.61 Get:123 http://deb.debian.org/debian bookworm/main amd64 libtirpc-dev amd64 1.3.3+ds-1 [191 kB]
#19 13.63 Get:124 http://deb.debian.org/debian bookworm/main amd64 libnsl-dev amd64 1.3.0-2 [66.4 kB]
#19 13.64 Get:125 http://deb.debian.org/debian bookworm/main amd64 rpcsvc-proto amd64 1.4.3-1 [63.3 kB]
#19 13.64 Get:126 http://deb.debian.org/debian bookworm/main amd64 libc6-dev amd64 2.36-9+deb12u14 [1904 kB]
#19 13.83 Get:127 http://deb.debian.org/debian bookworm/main amd64 libgpm2 amd64 1.20.7-10+b1 [14.2 kB]
#19 13.83 Get:128 http://deb.debian.org/debian bookworm/main amd64 libldap-common all 2.5.13+dfsg-5 [29.3 kB]
#19 13.83 Get:129 http://deb.debian.org/debian bookworm/main amd64 libsasl2-modules amd64 2.1.28+dfsg-10 [66.6 kB]
#19 13.84 Get:130 http://deb.debian.org/debian bookworm/main amd64 libxext6 amd64 2:1.3.4-1+b1 [52.9 kB]
#19 13.84 Get:131 http://deb.debian.org/debian bookworm/main amd64 libxmuu1 amd64 2:1.1.3-3 [23.9 kB]
#19 13.84 Get:132 http://deb.debian.org/debian bookworm/main amd64 make amd64 4.3-4.1 [396 kB]
#19 13.88 Get:133 http://deb.debian.org/debian bookworm/main amd64 manpages-dev all 6.03-2 [2030 kB]
#19 14.07 Get:134 http://deb.debian.org/debian bookworm/main amd64 patch amd64 2.7.6-7 [128 kB]
#19 14.08 Get:135 http://deb.debian.org/debian bookworm/main amd64 psmisc amd64 23.6-1 [259 kB]
#19 14.10 Get:136 http://deb.debian.org/debian bookworm/main amd64 publicsuffix all 20230209.2326-1 [126 kB]
#19 14.11 Get:137 http://deb.debian.org/debian bookworm/main amd64 xauth amd64 1:1.1.2-1 [36.0 kB]
#19 14.19 debconf: delaying package configuration, since apt-utils is not installed
#19 14.20 Fetched 122 MB in 6s (21.8 MB/s)
#19 14.21 Selecting previously unselected package perl-modules-5.36.
#19 14.21 (Reading database ... (Reading database ... 5%(Reading database ... 10%(Reading database ... 15%(Reading database ... 20%(Reading database ... 25%(Reading database ... 30%(Reading database ... 35%(Reading database ... 40%(Reading database ... 45%(Reading database ... 50%(Reading database ... 55%(Reading database ... 60%(Reading database ... 65%(Reading database ... 70%(Reading database ... 75%(Reading database ... 80%(Reading database ... 85%(Reading database ... 90%(Reading database ... 95%(Reading database ... 100%(Reading database ... 6096 files and directories currently installed.)
#19 14.22 Preparing to unpack .../0-perl-modules-5.36_5.36.0-7+deb12u3_all.deb ...
#19 14.22 Unpacking perl-modules-5.36 (5.36.0-7+deb12u3) ...
#19 14.42 Selecting previously unselected package libgdbm6:amd64.
#19 14.42 Preparing to unpack .../1-libgdbm6_1.23-3_amd64.deb ...
#19 14.42 Unpacking libgdbm6:amd64 (1.23-3) ...
#19 14.45 Selecting previously unselected package libgdbm-compat4:amd64.
#19 14.45 Preparing to unpack .../2-libgdbm-compat4_1.23-3_amd64.deb ...
#19 14.45 Unpacking libgdbm-compat4:amd64 (1.23-3) ...
#19 14.48 Selecting previously unselected package libperl5.36:amd64.
#19 14.48 Preparing to unpack .../3-libperl5.36_5.36.0-7+deb12u3_amd64.deb ...
#19 14.48 Unpacking libperl5.36:amd64 (5.36.0-7+deb12u3) ...
#19 14.72 Selecting previously unselected package perl.
#19 14.72 Preparing to unpack .../4-perl_5.36.0-7+deb12u3_amd64.deb ...
#19 14.72 Unpacking perl (5.36.0-7+deb12u3) ...
#19 14.76 Selecting previously unselected package libssl3:amd64.
#19 14.76 Preparing to unpack .../5-libssl3_3.0.20-1~deb12u2_amd64.deb ...
#19 14.77 Unpacking libssl3:amd64 (3.0.20-1~deb12u2) ...
#19 14.88 Selecting previously unselected package libpython3.11-minimal:amd64.
#19 14.88 Preparing to unpack .../6-libpython3.11-minimal_3.11.2-6+deb12u8_amd64.deb ...
#19 14.88 Unpacking libpython3.11-minimal:amd64 (3.11.2-6+deb12u8) ...
#19 14.94 Selecting previously unselected package libexpat1:amd64.
#19 14.94 Preparing to unpack .../7-libexpat1_2.5.0-1+deb12u2_amd64.deb ...
#19 14.94 Unpacking libexpat1:amd64 (2.5.0-1+deb12u2) ...
#19 14.96 Selecting previously unselected package python3.11-minimal.
#19 14.97 Preparing to unpack .../8-python3.11-minimal_3.11.2-6+deb12u8_amd64.deb ...
#19 14.97 Unpacking python3.11-minimal (3.11.2-6+deb12u8) ...
#19 15.10 Setting up libssl3:amd64 (3.0.20-1~deb12u2) ...
#19 15.11 Setting up libpython3.11-minimal:amd64 (3.11.2-6+deb12u8) ...
#19 15.12 Setting up libexpat1:amd64 (2.5.0-1+deb12u2) ...
#19 15.13 Setting up python3.11-minimal (3.11.2-6+deb12u8) ...
#19 15.59 Selecting previously unselected package python3-minimal.
#19 15.59 (Reading database ... (Reading database ... 5%(Reading database ... 10%(Reading database ... 15%(Reading database ... 20%(Reading database ... 25%(Reading database ... 30%(Reading database ... 35%(Reading database ... 40%(Reading database ... 45%(Reading database ... 50%(Reading database ... 55%(Reading database ... 60%(Reading database ... 65%(Reading database ... 70%(Reading database ... 75%(Reading database ... 80%(Reading database ... 85%(Reading database ... 90%(Reading database ... 95%(Reading database ... 100%(Reading database ... 8428 files and directories currently installed.)
#19 15.59 Preparing to unpack .../00-python3-minimal_3.11.2-1+b1_amd64.deb ...
#19 15.60 Unpacking python3-minimal (3.11.2-1+b1) ...
#19 15.62 Selecting previously unselected package media-types.
#19 15.62 Preparing to unpack .../01-media-types_10.0.0_all.deb ...
#19 15.62 Unpacking media-types (10.0.0) ...
#19 15.64 Selecting previously unselected package libncursesw6:amd64.
#19 15.64 Preparing to unpack .../02-libncursesw6_6.4-4_amd64.deb ...
#19 15.65 Unpacking libncursesw6:amd64 (6.4-4) ...
#19 15.67 Selecting previously unselected package libkrb5support0:amd64.
#19 15.67 Preparing to unpack .../03-libkrb5support0_1.20.1-2+deb12u5_amd64.deb ...
#19 15.67 Unpacking libkrb5support0:amd64 (1.20.1-2+deb12u5) ...
#19 15.69 Selecting previously unselected package libk5crypto3:amd64.
#19 15.69 Preparing to unpack .../04-libk5crypto3_1.20.1-2+deb12u5_amd64.deb ...
#19 15.70 Unpacking libk5crypto3:amd64 (1.20.1-2+deb12u5) ...
#19 15.72 Selecting previously unselected package libkeyutils1:amd64.
#19 15.72 Preparing to unpack .../05-libkeyutils1_1.6.3-2_amd64.deb ...
#19 15.72 Unpacking libkeyutils1:amd64 (1.6.3-2) ...
#19 15.74 Selecting previously unselected package libkrb5-3:amd64.
#19 15.74 Preparing to unpack .../06-libkrb5-3_1.20.1-2+deb12u5_amd64.deb ...
#19 15.74 Unpacking libkrb5-3:amd64 (1.20.1-2+deb12u5) ...
#19 15.78 Selecting previously unselected package libgssapi-krb5-2:amd64.
#19 15.78 Preparing to unpack .../07-libgssapi-krb5-2_1.20.1-2+deb12u5_amd64.deb ...
#19 15.78 Unpacking libgssapi-krb5-2:amd64 (1.20.1-2+deb12u5) ...
#19 15.81 Selecting previously unselected package libtirpc-common.
#19 15.81 Preparing to unpack .../08-libtirpc-common_1.3.3+ds-1_all.deb ...
#19 15.82 Unpacking libtirpc-common (1.3.3+ds-1) ...
#19 15.84 Selecting previously unselected package libtirpc3:amd64.
#19 15.84 Preparing to unpack .../09-libtirpc3_1.3.3+ds-1_amd64.deb ...
#19 15.84 Unpacking libtirpc3:amd64 (1.3.3+ds-1) ...
#19 15.87 Selecting previously unselected package libnsl2:amd64.
#19 15.87 Preparing to unpack .../10-libnsl2_1.3.0-2_amd64.deb ...
#19 15.87 Unpacking libnsl2:amd64 (1.3.0-2) ...
#19 15.89 Selecting previously unselected package readline-common.
#19 15.89 Preparing to unpack .../11-readline-common_8.2-1.3_all.deb ...
#19 15.89 Unpacking readline-common (8.2-1.3) ...
#19 15.91 Selecting previously unselected package libreadline8:amd64.
#19 15.91 Preparing to unpack .../12-libreadline8_8.2-1.3_amd64.deb ...
#19 15.91 Unpacking libreadline8:amd64 (8.2-1.3) ...
#19 15.94 Selecting previously unselected package libsqlite3-0:amd64.
#19 15.94 Preparing to unpack .../13-libsqlite3-0_3.40.1-2+deb12u2_amd64.deb ...
#19 15.94 Unpacking libsqlite3-0:amd64 (3.40.1-2+deb12u2) ...
#19 15.99 Selecting previously unselected package libpython3.11-stdlib:amd64.
#19 15.99 Preparing to unpack .../14-libpython3.11-stdlib_3.11.2-6+deb12u8_amd64.deb ...
#19 15.99 Unpacking libpython3.11-stdlib:amd64 (3.11.2-6+deb12u8) ...
#19 16.10 Selecting previously unselected package python3.11.
#19 16.10 Preparing to unpack .../15-python3.11_3.11.2-6+deb12u8_amd64.deb ...
#19 16.10 Unpacking python3.11 (3.11.2-6+deb12u8) ...
#19 16.12 Selecting previously unselected package libpython3-stdlib:amd64.
#19 16.13 Preparing to unpack .../16-libpython3-stdlib_3.11.2-1+b1_amd64.deb ...
#19 16.13 Unpacking libpython3-stdlib:amd64 (3.11.2-1+b1) ...
#19 16.15 Setting up python3-minimal (3.11.2-1+b1) ...
#19 16.25 Selecting previously unselected package python3.
#19 16.25 (Reading database ... (Reading database ... 5%(Reading database ... 10%(Reading database ... 15%(Reading database ... 20%(Reading database ... 25%(Reading database ... 30%(Reading database ... 35%(Reading database ... 40%(Reading database ... 45%(Reading database ... 50%(Reading database ... 55%(Reading database ... 60%(Reading database ... 65%(Reading database ... 70%(Reading database ... 75%(Reading database ... 80%(Reading database ... 85%(Reading database ... 90%(Reading database ... 95%(Reading database ... 100%(Reading database ... 8936 files and directories currently installed.)
#19 16.25 Preparing to unpack .../000-python3_3.11.2-1+b1_amd64.deb ...
#19 16.26 Unpacking python3 (3.11.2-1+b1) ...
#19 16.28 Selecting previously unselected package less.
#19 16.28 Preparing to unpack .../001-less_590-2.1~deb12u2_amd64.deb ...
#19 16.28 Unpacking less (590-2.1~deb12u2) ...
#19 16.32 Selecting previously unselected package netbase.
#19 16.32 Preparing to unpack .../002-netbase_6.4_all.deb ...
#19 16.32 Unpacking netbase (6.4) ...
#19 16.35 Selecting previously unselected package libproc2-0:amd64.
#19 16.35 Preparing to unpack .../003-libproc2-0_2%3a4.0.2-3_amd64.deb ...
#19 16.35 Unpacking libproc2-0:amd64 (2:4.0.2-3) ...
#19 16.38 Selecting previously unselected package procps.
#19 16.38 Preparing to unpack .../004-procps_2%3a4.0.2-3_amd64.deb ...
#19 16.39 Unpacking procps (2:4.0.2-3) ...
#19 16.45 Selecting previously unselected package openssl.
#19 16.45 Preparing to unpack .../005-openssl_3.0.20-1~deb12u2_amd64.deb ...
#19 16.45 Unpacking openssl (3.0.20-1~deb12u2) ...
#19 16.53 Selecting previously unselected package ca-certificates.
#19 16.53 Preparing to unpack .../006-ca-certificates_20230311+deb12u1_all.deb ...
#19 16.54 Unpacking ca-certificates (20230311+deb12u1) ...
#19 16.57 Selecting previously unselected package krb5-locales.
#19 16.57 Preparing to unpack .../007-krb5-locales_1.20.1-2+deb12u5_all.deb ...
#19 16.57 Unpacking krb5-locales (1.20.1-2+deb12u5) ...
#19 16.59 Selecting previously unselected package manpages.
#19 16.59 Preparing to unpack .../008-manpages_6.03-2_all.deb ...
#19 16.59 Unpacking manpages (6.03-2) ...
#19 16.66 Selecting previously unselected package libbsd0:amd64.
#19 16.66 Preparing to unpack .../009-libbsd0_0.11.7-2_amd64.deb ...
#19 16.66 Unpacking libbsd0:amd64 (0.11.7-2) ...
#19 16.70 Selecting previously unselected package libedit2:amd64.
#19 16.70 Preparing to unpack .../010-libedit2_3.1-20221030-2_amd64.deb ...
#19 16.70 Unpacking libedit2:amd64 (3.1-20221030-2) ...
#19 16.73 Selecting previously unselected package libcbor0.8:amd64.
#19 16.73 Preparing to unpack .../011-libcbor0.8_0.8.0-2+b1_amd64.deb ...
#19 16.73 Unpacking libcbor0.8:amd64 (0.8.0-2+b1) ...
#19 16.76 Selecting previously unselected package libfido2-1:amd64.
#19 16.76 Preparing to unpack .../012-libfido2-1_1.12.0-2+b1_amd64.deb ...
#19 16.76 Unpacking libfido2-1:amd64 (1.12.0-2+b1) ...
#19 16.78 Selecting previously unselected package openssh-client.
#19 16.78 Preparing to unpack .../013-openssh-client_1%3a9.2p1-2+deb12u10_amd64.deb ...
#19 16.79 Unpacking openssh-client (1:9.2p1-2+deb12u10) ...
#19 16.86 Selecting previously unselected package xz-utils.
#19 16.86 Preparing to unpack .../014-xz-utils_5.4.1-1+deb12u1_amd64.deb ...
#19 16.86 Unpacking xz-utils (5.4.1-1+deb12u1) ...
#19 16.90 Selecting previously unselected package binutils-common:amd64.
#19 16.90 Preparing to unpack .../015-binutils-common_2.40-2_amd64.deb ...
#19 16.90 Unpacking binutils-common:amd64 (2.40-2) ...
#19 17.05 Selecting previously unselected package libbinutils:amd64.
#19 17.05 Preparing to unpack .../016-libbinutils_2.40-2_amd64.deb ...
#19 17.06 Unpacking libbinutils:amd64 (2.40-2) ...
#19 17.11 Selecting previously unselected package libctf-nobfd0:amd64.
#19 17.11 Preparing to unpack .../017-libctf-nobfd0_2.40-2_amd64.deb ...
#19 17.11 Unpacking libctf-nobfd0:amd64 (2.40-2) ...
#19 17.14 Selecting previously unselected package libctf0:amd64.
#19 17.14 Preparing to unpack .../018-libctf0_2.40-2_amd64.deb ...
#19 17.14 Unpacking libctf0:amd64 (2.40-2) ...
#19 17.16 Selecting previously unselected package libgprofng0:amd64.
#19 17.17 Preparing to unpack .../019-libgprofng0_2.40-2_amd64.deb ...
#19 17.17 Unpacking libgprofng0:amd64 (2.40-2) ...
#19 17.23 Selecting previously unselected package libjansson4:amd64.
#19 17.23 Preparing to unpack .../020-libjansson4_2.14-2_amd64.deb ...
#19 17.23 Unpacking libjansson4:amd64 (2.14-2) ...
#19 17.25 Selecting previously unselected package binutils-x86-64-linux-gnu.
#19 17.25 Preparing to unpack .../021-binutils-x86-64-linux-gnu_2.40-2_amd64.deb ...
#19 17.26 Unpacking binutils-x86-64-linux-gnu (2.40-2) ...
#19 17.40 Selecting previously unselected package binutils.
#19 17.40 Preparing to unpack .../022-binutils_2.40-2_amd64.deb ...
#19 17.40 Unpacking binutils (2.40-2) ...
#19 17.42 Selecting previously unselected package libicu72:amd64.
#19 17.43 Preparing to unpack .../023-libicu72_72.1-3+deb12u1_amd64.deb ...
#19 17.43 Unpacking libicu72:amd64 (72.1-3+deb12u1) ...
#19 17.80 Selecting previously unselected package libxml2:amd64.
#19 17.80 Preparing to unpack .../024-libxml2_2.9.14+dfsg-1.3~deb12u6_amd64.deb ...
#19 17.80 Unpacking libxml2:amd64 (2.9.14+dfsg-1.3~deb12u6) ...
#19 17.86 Selecting previously unselected package libarchive13:amd64.
#19 17.86 Preparing to unpack .../025-libarchive13_3.6.2-1+deb12u4_amd64.deb ...
#19 17.86 Unpacking libarchive13:amd64 (3.6.2-1+deb12u4) ...
#19 17.90 Selecting previously unselected package libbrotli1:amd64.
#19 17.91 Preparing to unpack .../026-libbrotli1_1.0.9-2+b6_amd64.deb ...
#19 17.91 Unpacking libbrotli1:amd64 (1.0.9-2+b6) ...
#19 17.94 Selecting previously unselected package libsasl2-modules-db:amd64.
#19 17.94 Preparing to unpack .../027-libsasl2-modules-db_2.1.28+dfsg-10_amd64.deb ...
#19 17.95 Unpacking libsasl2-modules-db:amd64 (2.1.28+dfsg-10) ...
#19 17.97 Selecting previously unselected package libsasl2-2:amd64.
#19 17.97 Preparing to unpack .../028-libsasl2-2_2.1.28+dfsg-10_amd64.deb ...
#19 17.97 Unpacking libsasl2-2:amd64 (2.1.28+dfsg-10) ...
#19 18.00 Selecting previously unselected package libldap-2.5-0:amd64.
#19 18.00 Preparing to unpack .../029-libldap-2.5-0_2.5.13+dfsg-5_amd64.deb ...
#19 18.00 Unpacking libldap-2.5-0:amd64 (2.5.13+dfsg-5) ...
#19 18.03 Selecting previously unselected package libnghttp2-14:amd64.
#19 18.03 Preparing to unpack .../030-libnghttp2-14_1.52.0-1+deb12u3_amd64.deb ...
#19 18.04 Unpacking libnghttp2-14:amd64 (1.52.0-1+deb12u3) ...
#19 18.06 Selecting previously unselected package libpsl5:amd64.
#19 18.06 Preparing to unpack .../031-libpsl5_0.21.2-1_amd64.deb ...
#19 18.07 Unpacking libpsl5:amd64 (0.21.2-1) ...
#19 18.09 Selecting previously unselected package librtmp1:amd64.
#19 18.09 Preparing to unpack .../032-librtmp1_2.4+20151223.gitfa8646d.1-2+b2_amd64.deb ...
#19 18.09 Unpacking librtmp1:amd64 (2.4+20151223.gitfa8646d.1-2+b2) ...
#19 18.12 Selecting previously unselected package libssh2-1:amd64.
#19 18.12 Preparing to unpack .../033-libssh2-1_1.10.0-3+b1_amd64.deb ...
#19 18.12 Unpacking libssh2-1:amd64 (1.10.0-3+b1) ...
#19 18.15 Selecting previously unselected package libcurl4:amd64.
#19 18.15 Preparing to unpack .../034-libcurl4_7.88.1-10+deb12u15_amd64.deb ...
#19 18.16 Unpacking libcurl4:amd64 (7.88.1-10+deb12u15) ...
#19 18.21 Selecting previously unselected package libjsoncpp25:amd64.
#19 18.21 Preparing to unpack .../035-libjsoncpp25_1.9.5-4_amd64.deb ...
#19 18.21 Unpacking libjsoncpp25:amd64 (1.9.5-4) ...
#19 18.24 Selecting previously unselected package librhash0:amd64.
#19 18.24 Preparing to unpack .../036-librhash0_1.4.3-3_amd64.deb ...
#19 18.24 Unpacking librhash0:amd64 (1.4.3-3) ...
#19 18.26 Selecting previously unselected package libuv1:amd64.
#19 18.27 Preparing to unpack .../037-libuv1_1.44.2-1+deb12u1_amd64.deb ...
#19 18.27 Unpacking libuv1:amd64 (1.44.2-1+deb12u1) ...
#19 18.30 Selecting previously unselected package cmake-data.
#19 18.30 Preparing to unpack .../038-cmake-data_3.25.1-1_all.deb ...
#19 18.30 Unpacking cmake-data (3.25.1-1) ...
#19 18.55 Selecting previously unselected package cmake.
#19 18.56 Preparing to unpack .../039-cmake_3.25.1-1_amd64.deb ...
#19 18.56 Unpacking cmake (3.25.1-1) ...
#19 18.96 Selecting previously unselected package libisl23:amd64.
#19 18.96 Preparing to unpack .../040-libisl23_0.25-1.1_amd64.deb ...
#19 18.96 Unpacking libisl23:amd64 (0.25-1.1) ...
#19 19.01 Selecting previously unselected package libmpfr6:amd64.
#19 19.01 Preparing to unpack .../041-libmpfr6_4.2.0-1_amd64.deb ...
#19 19.01 Unpacking libmpfr6:amd64 (4.2.0-1) ...
#19 19.05 Selecting previously unselected package libmpc3:amd64.
#19 19.05 Preparing to unpack .../042-libmpc3_1.3.1-1_amd64.deb ...
#19 19.06 Unpacking libmpc3:amd64 (1.3.1-1) ...
#19 19.08 Selecting previously unselected package cpp-12.
#19 19.08 Preparing to unpack .../043-cpp-12_12.2.0-14+deb12u1_amd64.deb ...
#19 19.08 Unpacking cpp-12 (12.2.0-14+deb12u1) ...
#19 19.53 Selecting previously unselected package cpp.
#19 19.53 Preparing to unpack .../044-cpp_4%3a12.2.0-3_amd64.deb ...
#19 19.54 Unpacking cpp (4:12.2.0-3) ...
#19 19.57 Selecting previously unselected package fonts-dejavu-core.
#19 19.57 Preparing to unpack .../045-fonts-dejavu-core_2.37-6_all.deb ...
#19 19.57 Unpacking fonts-dejavu-core (2.37-6) ...
#19 19.68 Selecting previously unselected package fontconfig-config.
#19 19.68 Preparing to unpack .../046-fontconfig-config_2.14.1-4_amd64.deb ...
#19 19.73 Unpacking fontconfig-config (2.14.1-4) ...
#19 19.77 Selecting previously unselected package libcc1-0:amd64.
#19 19.78 Preparing to unpack .../047-libcc1-0_12.2.0-14+deb12u1_amd64.deb ...
#19 19.78 Unpacking libcc1-0:amd64 (12.2.0-14+deb12u1) ...
#19 19.81 Selecting previously unselected package libgomp1:amd64.
#19 19.81 Preparing to unpack .../048-libgomp1_12.2.0-14+deb12u1_amd64.deb ...
#19 19.82 Unpacking libgomp1:amd64 (12.2.0-14+deb12u1) ...
#19 19.85 Selecting previously unselected package libitm1:amd64.
#19 19.85 Preparing to unpack .../049-libitm1_12.2.0-14+deb12u1_amd64.deb ...
#19 19.86 Unpacking libitm1:amd64 (12.2.0-14+deb12u1) ...
#19 19.89 Selecting previously unselected package libatomic1:amd64.
#19 19.89 Preparing to unpack .../050-libatomic1_12.2.0-14+deb12u1_amd64.deb ...
#19 19.89 Unpacking libatomic1:amd64 (12.2.0-14+deb12u1) ...
#19 19.92 Selecting previously unselected package libasan8:amd64.
#19 19.92 Preparing to unpack .../051-libasan8_12.2.0-14+deb12u1_amd64.deb ...
#19 19.92 Unpacking libasan8:amd64 (12.2.0-14+deb12u1) ...
#19 20.08 Selecting previously unselected package liblsan0:amd64.
#19 20.08 Preparing to unpack .../052-liblsan0_12.2.0-14+deb12u1_amd64.deb ...
#19 20.08 Unpacking liblsan0:amd64 (12.2.0-14+deb12u1) ...
#19 20.15 Selecting previously unselected package libtsan2:amd64.
#19 20.16 Preparing to unpack .../053-libtsan2_12.2.0-14+deb12u1_amd64.deb ...
#19 20.16 Unpacking libtsan2:amd64 (12.2.0-14+deb12u1) ...
#19 20.32 Selecting previously unselected package libubsan1:amd64.
#19 20.32 Preparing to unpack .../054-libubsan1_12.2.0-14+deb12u1_amd64.deb ...
#19 20.33 Unpacking libubsan1:amd64 (12.2.0-14+deb12u1) ...
#19 20.40 Selecting previously unselected package libquadmath0:amd64.
#19 20.40 Preparing to unpack .../055-libquadmath0_12.2.0-14+deb12u1_amd64.deb ...
#19 20.41 Unpacking libquadmath0:amd64 (12.2.0-14+deb12u1) ...
#19 20.43 Selecting previously unselected package libgcc-12-dev:amd64.
#19 20.43 Preparing to unpack .../056-libgcc-12-dev_12.2.0-14+deb12u1_amd64.deb ...
#19 20.44 Unpacking libgcc-12-dev:amd64 (12.2.0-14+deb12u1) ...
#19 20.57 Selecting previously unselected package gcc-12.
#19 20.57 Preparing to unpack .../057-gcc-12_12.2.0-14+deb12u1_amd64.deb ...
#19 20.57 Unpacking gcc-12 (12.2.0-14+deb12u1) ...
#19 21.10 Selecting previously unselected package gcc.
#19 21.10 Preparing to unpack .../058-gcc_4%3a12.2.0-3_amd64.deb ...
#19 21.10 Unpacking gcc (4:12.2.0-3) ...
#19 21.12 Selecting previously unselected package libcurl3-gnutls:amd64.
#19 21.12 Preparing to unpack .../059-libcurl3-gnutls_7.88.1-10+deb12u15_amd64.deb ...
#19 21.13 Unpacking libcurl3-gnutls:amd64 (7.88.1-10+deb12u15) ...
#19 21.16 Selecting previously unselected package liberror-perl.
#19 21.16 Preparing to unpack .../060-liberror-perl_0.17029-2_all.deb ...
#19 21.16 Unpacking liberror-perl (0.17029-2) ...
#19 21.18 Selecting previously unselected package git-man.
#19 21.19 Preparing to unpack .../061-git-man_1%3a2.39.5-0+deb12u3_all.deb ...
#19 21.19 Unpacking git-man (1:2.39.5-0+deb12u3) ...
#19 21.27 Selecting previously unselected package git.
#19 21.27 Preparing to unpack .../062-git_1%3a2.39.5-0+deb12u3_amd64.deb ...
#19 21.27 Unpacking git (1:2.39.5-0+deb12u3) ...
#19 21.51 Selecting previously unselected package lbzip2.
#19 21.52 Preparing to unpack .../063-lbzip2_2.5-2.3_amd64.deb ...
#19 21.52 Unpacking lbzip2 (2.5-2.3) ...
#19 21.55 Selecting previously unselected package libabsl20220623:amd64.
#19 21.55 Preparing to unpack .../064-libabsl20220623_20220623.1-1+deb12u2_amd64.deb ...
#19 21.55 Unpacking libabsl20220623:amd64 (20220623.1-1+deb12u2) ...
#19 21.60 Selecting previously unselected package libaom3:amd64.
#19 21.60 Preparing to unpack .../065-libaom3_3.6.0-1+deb12u2_amd64.deb ...
#19 21.60 Unpacking libaom3:amd64 (3.6.0-1+deb12u2) ...
#19 21.72 Selecting previously unselected package libdav1d6:amd64.
#19 21.72 Preparing to unpack .../066-libdav1d6_1.0.0-2+deb12u1_amd64.deb ...
#19 21.73 Unpacking libdav1d6:amd64 (1.0.0-2+deb12u1) ...
#19 21.77 Selecting previously unselected package libgav1-1:amd64.
#19 21.78 Preparing to unpack .../067-libgav1-1_0.18.0-1+b1_amd64.deb ...
#19 21.78 Unpacking libgav1-1:amd64 (0.18.0-1+b1) ...
#19 21.82 Selecting previously unselected package librav1e0:amd64.
#19 21.82 Preparing to unpack .../068-librav1e0_0.5.1-6_amd64.deb ...
#19 21.83 Unpacking librav1e0:amd64 (0.5.1-6) ...
#19 21.89 Selecting previously unselected package libsvtav1enc1:amd64.
#19 21.89 Preparing to unpack .../069-libsvtav1enc1_1.4.1+dfsg-1_amd64.deb ...
#19 21.90 Unpacking libsvtav1enc1:amd64 (1.4.1+dfsg-1) ...
#19 22.04 Selecting previously unselected package libjpeg62-turbo:amd64.
#19 ...

#16 [contracts-builder  2/15] RUN apt-get update &&     apt-get install -y git python3 make g++ curl
#16 20.22 Preparing to unpack .../083-libtiff6_4.5.0-6+deb12u4_amd64.deb ...
#16 20.22 Unpacking libtiff6:amd64 (4.5.0-6+deb12u4) ...
#16 20.26 Selecting previously unselected package libxau6:amd64.
#16 20.27 Preparing to unpack .../084-libxau6_1%3a1.0.9-1_amd64.deb ...
#16 20.27 Unpacking libxau6:amd64 (1:1.0.9-1) ...
#16 20.30 Selecting previously unselected package libxdmcp6:amd64.
#16 20.30 Preparing to unpack .../085-libxdmcp6_1%3a1.1.2-3_amd64.deb ...
#16 20.30 Unpacking libxdmcp6:amd64 (1:1.1.2-3) ...
#16 20.34 Selecting previously unselected package libxcb1:amd64.
#16 20.34 Preparing to unpack .../086-libxcb1_1.15-1_amd64.deb ...
#16 20.34 Unpacking libxcb1:amd64 (1.15-1) ...
#16 20.37 Selecting previously unselected package libx11-data.
#16 20.37 Preparing to unpack .../087-libx11-data_2%3a1.8.4-2+deb12u2_all.deb ...
#16 20.38 Unpacking libx11-data (2:1.8.4-2+deb12u2) ...
#16 20.43 Selecting previously unselected package libx11-6:amd64.
#16 20.43 Preparing to unpack .../088-libx11-6_2%3a1.8.4-2+deb12u2_amd64.deb ...
#16 20.43 Unpacking libx11-6:amd64 (2:1.8.4-2+deb12u2) ...
#16 20.48 Selecting previously unselected package libxpm4:amd64.
#16 20.49 Preparing to unpack .../089-libxpm4_1%3a3.5.12-1.1+deb12u1_amd64.deb ...
#16 20.49 Unpacking libxpm4:amd64 (1:3.5.12-1.1+deb12u1) ...
#16 20.52 Selecting previously unselected package libgd3:amd64.
#16 20.52 Preparing to unpack .../090-libgd3_2.3.3-9_amd64.deb ...
#16 20.52 Unpacking libgd3:amd64 (2.3.3-9) ...
#16 20.56 Selecting previously unselected package libc-devtools.
#16 20.56 Preparing to unpack .../091-libc-devtools_2.36-9+deb12u14_amd64.deb ...
#16 20.56 Unpacking libc-devtools (2.36-9+deb12u14) ...
#16 20.59 Selecting previously unselected package libgpm2:amd64.
#16 20.59 Preparing to unpack .../092-libgpm2_1.20.7-10+b1_amd64.deb ...
#16 20.60 Unpacking libgpm2:amd64 (1.20.7-10+b1) ...
#16 20.62 Selecting previously unselected package libldap-common.
#16 20.62 Preparing to unpack .../093-libldap-common_2.5.13+dfsg-5_all.deb ...
#16 20.63 Unpacking libldap-common (2.5.13+dfsg-5) ...
#16 20.65 Selecting previously unselected package libsasl2-modules:amd64.
#16 20.66 Preparing to unpack .../094-libsasl2-modules_2.1.28+dfsg-10_amd64.deb ...
#16 20.66 Unpacking libsasl2-modules:amd64 (2.1.28+dfsg-10) ...
#16 20.69 Selecting previously unselected package libxext6:amd64.
#16 20.69 Preparing to unpack .../095-libxext6_2%3a1.3.4-1+b1_amd64.deb ...
#16 20.70 Unpacking libxext6:amd64 (2:1.3.4-1+b1) ...
#16 20.72 Selecting previously unselected package libxmuu1:amd64.
#16 20.72 Preparing to unpack .../096-libxmuu1_2%3a1.1.3-3_amd64.deb ...
#16 20.72 Unpacking libxmuu1:amd64 (2:1.1.3-3) ...
#16 20.75 Selecting previously unselected package make.
#16 20.75 Preparing to unpack .../097-make_4.3-4.1_amd64.deb ...
#16 20.76 Unpacking make (4.3-4.1) ...
#16 20.79 Selecting previously unselected package manpages-dev.
#16 20.79 Preparing to unpack .../098-manpages-dev_6.03-2_all.deb ...
#16 20.80 Unpacking manpages-dev (6.03-2) ...
#16 20.94 Selecting previously unselected package patch.
#16 20.95 Preparing to unpack .../099-patch_2.7.6-7_amd64.deb ...
#16 20.95 Unpacking patch (2.7.6-7) ...
#16 20.99 Selecting previously unselected package publicsuffix.
#16 ...

#25 [node-builder-base  6/19] RUN go mod download
#25 ...

#15 [brotli-library-builder 5/5] RUN apt-get update &&     apt-get install -y cmake make gcc git &&     ./scripts/build-brotli.sh -l -t /workspace/install/
#15 11.84 Get:56 http://deb.debian.org/debian bookworm/main amd64 cpp amd64 4:12.2.0-3 [6836 B]
#15 11.84 Get:57 http://deb.debian.org/debian bookworm/main amd64 fonts-dejavu-core all 2.37-6 [1068 kB]
#15 11.95 Get:58 http://deb.debian.org/debian bookworm/main amd64 fontconfig-config amd64 2.14.1-4 [315 kB]
#15 11.98 Get:59 http://deb.debian.org/debian bookworm/main amd64 libcc1-0 amd64 12.2.0-14+deb12u1 [41.7 kB]
#15 11.98 Get:60 http://deb.debian.org/debian bookworm/main amd64 libgomp1 amd64 12.2.0-14+deb12u1 [116 kB]
#15 11.99 Get:61 http://deb.debian.org/debian bookworm/main amd64 libitm1 amd64 12.2.0-14+deb12u1 [26.1 kB]
#15 12.00 Get:62 http://deb.debian.org/debian bookworm/main amd64 libatomic1 amd64 12.2.0-14+deb12u1 [9376 B]
#15 12.00 Get:63 http://deb.debian.org/debian bookworm/main amd64 libasan8 amd64 12.2.0-14+deb12u1 [2193 kB]
#15 12.20 Get:64 http://deb.debian.org/debian bookworm/main amd64 liblsan0 amd64 12.2.0-14+deb12u1 [969 kB]
#15 12.30 Get:65 http://deb.debian.org/debian bookworm/main amd64 libtsan2 amd64 12.2.0-14+deb12u1 [2197 kB]
#15 12.55 Get:66 http://deb.debian.org/debian bookworm/main amd64 libubsan1 amd64 12.2.0-14+deb12u1 [883 kB]
#15 12.65 Get:67 http://deb.debian.org/debian bookworm/main amd64 libquadmath0 amd64 12.2.0-14+deb12u1 [145 kB]
#15 12.66 Get:68 http://deb.debian.org/debian bookworm/main amd64 libgcc-12-dev amd64 12.2.0-14+deb12u1 [2437 kB]
#15 12.91 Get:69 http://deb.debian.org/debian bookworm/main amd64 gcc-12 amd64 12.2.0-14+deb12u1 [19.3 MB]
#15 14.51 Get:70 http://deb.debian.org/debian bookworm/main amd64 gcc amd64 4:12.2.0-3 [5216 B]
#15 14.51 Get:71 http://deb.debian.org/debian bookworm/main amd64 libcurl3-gnutls amd64 7.88.1-10+deb12u15 [386 kB]
#15 14.54 Get:72 http://deb.debian.org/debian bookworm/main amd64 liberror-perl all 0.17029-2 [29.0 kB]
#15 14.58 Get:73 http://deb.debian.org/debian bookworm/main amd64 git-man all 1:2.39.5-0+deb12u3 [2053 kB]
#15 14.72 Get:74 http://deb.debian.org/debian bookworm/main amd64 git amd64 1:2.39.5-0+deb12u3 [7264 kB]
#15 15.23 Get:75 http://deb.debian.org/debian bookworm/main amd64 libabsl20220623 amd64 20220623.1-1+deb12u2 [391 kB]
#15 15.26 Get:76 http://deb.debian.org/debian bookworm/main amd64 libaom3 amd64 3.6.0-1+deb12u2 [1850 kB]
#15 15.38 Get:77 http://deb.debian.org/debian bookworm/main amd64 libdav1d6 amd64 1.0.0-2+deb12u1 [513 kB]
#15 15.41 Get:78 http://deb.debian.org/debian bookworm/main amd64 libgav1-1 amd64 0.18.0-1+b1 [332 kB]
#15 15.44 Get:79 http://deb.debian.org/debian bookworm/main amd64 librav1e0 amd64 0.5.1-6 [763 kB]
#15 15.48 Get:80 http://deb.debian.org/debian bookworm/main amd64 libsvtav1enc1 amd64 1.4.1+dfsg-1 [2121 kB]
#15 15.64 Get:81 http://deb.debian.org/debian bookworm/main amd64 libjpeg62-turbo amd64 1:2.1.5-2 [166 kB]
#15 15.64 Get:82 http://deb.debian.org/debian bookworm/main amd64 libyuv0 amd64 0.0~git20230123.b2528b0-1 [168 kB]
#15 15.66 Get:83 http://deb.debian.org/debian bookworm/main amd64 libavif15 amd64 0.11.1-1+deb12u1 [94.4 kB]
#15 15.66 Get:84 http://deb.debian.org/debian bookworm/main amd64 libc-dev-bin amd64 2.36-9+deb12u14 [48.1 kB]
#15 15.66 Get:85 http://deb.debian.org/debian bookworm/main amd64 libpng16-16 amd64 1.6.39-2+deb12u5 [277 kB]
#15 15.68 Get:86 http://deb.debian.org/debian bookworm/main amd64 libfreetype6 amd64 2.12.1+dfsg-5+deb12u4 [398 kB]
#15 15.71 Get:87 http://deb.debian.org/debian bookworm/main amd64 libfontconfig1 amd64 2.14.1-4 [386 kB]
#15 15.75 Get:88 http://deb.debian.org/debian bookworm/main amd64 libde265-0 amd64 1.0.11-1+deb12u2 [185 kB]
#15 15.75 Get:89 http://deb.debian.org/debian bookworm/main amd64 libnuma1 amd64 2.0.16-1 [21.0 kB]
#15 15.76 Get:90 http://deb.debian.org/debian bookworm/main amd64 libx265-199 amd64 3.5-2+b1 [1150 kB]
#15 15.83 Get:91 http://deb.debian.org/debian bookworm/main amd64 libheif1 amd64 1.15.1-1+deb12u1 [215 kB]
#15 15.84 Get:92 http://deb.debian.org/debian bookworm/main amd64 libdeflate0 amd64 1.14-1 [61.4 kB]
#15 15.85 Get:93 http://deb.debian.org/debian bookworm/main amd64 libjbig0 amd64 2.1-6.1 [31.7 kB]
#15 15.85 Get:94 http://deb.debian.org/debian bookworm/main amd64 liblerc4 amd64 4.0.0+ds-2 [170 kB]
#15 15.86 Get:95 http://deb.debian.org/debian bookworm/main amd64 libwebp7 amd64 1.2.4-0.2+deb12u1 [286 kB]
#15 15.88 Get:96 http://deb.debian.org/debian bookworm/main amd64 libtiff6 amd64 4.5.0-6+deb12u4 [316 kB]
#15 15.90 Get:97 http://deb.debian.org/debian bookworm/main amd64 libxau6 amd64 1:1.0.9-1 [19.7 kB]
#15 15.90 Get:98 http://deb.debian.org/debian bookworm/main amd64 libxdmcp6 amd64 1:1.1.2-3 [26.3 kB]
#15 15.90 Get:99 http://deb.debian.org/debian bookworm/main amd64 libxcb1 amd64 1.15-1 [144 kB]
#15 15.91 Get:100 http://deb.debian.org/debian bookworm/main amd64 libx11-data all 2:1.8.4-2+deb12u2 [292 kB]
#15 15.93 Get:101 http://deb.debian.org/debian bookworm/main amd64 libx11-6 amd64 2:1.8.4-2+deb12u2 [760 kB]
#15 15.97 Get:102 http://deb.debian.org/debian bookworm/main amd64 libxpm4 amd64 1:3.5.12-1.1+deb12u1 [48.6 kB]
#15 15.98 Get:103 http://deb.debian.org/debian bookworm/main amd64 libgd3 amd64 2.3.3-9 [124 kB]
#15 15.98 Get:104 http://deb.debian.org/debian bookworm/main amd64 libc-devtools amd64 2.36-9+deb12u14 [55.7 kB]
#15 15.99 Get:105 http://deb.debian.org/debian-security bookworm-security/main amd64 linux-libc-dev amd64 6.1.177-1 [2307 kB]
#15 16.12 Get:106 http://deb.debian.org/debian bookworm/main amd64 libcrypt-dev amd64 1:4.4.33-2 [118 kB]
#15 16.13 Get:107 http://deb.debian.org/debian bookworm/main amd64 libtirpc-common all 1.3.3+ds-1 [14.0 kB]
#15 16.13 Get:108 http://deb.debian.org/debian bookworm/main amd64 libtirpc3 amd64 1.3.3+ds-1 [85.2 kB]
#15 16.14 Get:109 http://deb.debian.org/debian bookworm/main amd64 libnsl2 amd64 1.3.0-2 [39.5 kB]
#15 16.14 Get:110 http://deb.debian.org/debian bookworm/main amd64 libtirpc-dev amd64 1.3.3+ds-1 [191 kB]
#15 16.15 Get:111 http://deb.debian.org/debian bookworm/main amd64 libnsl-dev amd64 1.3.0-2 [66.4 kB]
#15 16.16 Get:112 http://deb.debian.org/debian bookworm/main amd64 rpcsvc-proto amd64 1.4.3-1 [63.3 kB]
#15 16.16 Get:113 http://deb.debian.org/debian bookworm/main amd64 libc6-dev amd64 2.36-9+deb12u14 [1904 kB]
#15 16.27 Get:114 http://deb.debian.org/debian bookworm/main amd64 libgpm2 amd64 1.20.7-10+b1 [14.2 kB]
#15 16.27 Get:115 http://deb.debian.org/debian bookworm/main amd64 libldap-common all 2.5.13+dfsg-5 [29.3 kB]
#15 16.27 Get:116 http://deb.debian.org/debian bookworm/main amd64 libsasl2-modules amd64 2.1.28+dfsg-10 [66.6 kB]
#15 16.28 Get:117 http://deb.debian.org/debian bookworm/main amd64 libxext6 amd64 2:1.3.4-1+b1 [52.9 kB]
#15 16.28 Get:118 http://deb.debian.org/debian bookworm/main amd64 libxmuu1 amd64 2:1.1.3-3 [23.9 kB]
#15 16.28 Get:119 http://deb.debian.org/debian bookworm/main amd64 make amd64 4.3-4.1 [396 kB]
#15 16.30 Get:120 http://deb.debian.org/debian bookworm/main amd64 manpages-dev all 6.03-2 [2030 kB]
#15 16.42 Get:121 http://deb.debian.org/debian bookworm/main amd64 patch amd64 2.7.6-7 [128 kB]
#15 16.43 Get:122 http://deb.debian.org/debian bookworm/main amd64 psmisc amd64 23.6-1 [259 kB]
#15 16.44 Get:123 http://deb.debian.org/debian bookworm/main amd64 publicsuffix all 20230209.2326-1 [126 kB]
#15 16.45 Get:124 http://deb.debian.org/debian bookworm/main amd64 xauth amd64 1:1.1.2-1 [36.0 kB]
#15 16.53 debconf: delaying package configuration, since apt-utils is not installed
#15 16.55 Fetched 115 MB in 9s (12.5 MB/s)
#15 16.56 Selecting previously unselected package perl-modules-5.36.
#15 16.56 (Reading database ... (Reading database ... 5%(Reading database ... 10%(Reading database ... 15%(Reading database ... 20%(Reading database ... 25%(Reading database ... 30%(Reading database ... 35%(Reading database ... 40%(Reading database ... 45%(Reading database ... 50%(Reading database ... 55%(Reading database ... 60%(Reading database ... 65%(Reading database ... 70%(Reading database ... 75%(Reading database ... 80%(Reading database ... 85%(Reading database ... 90%(Reading database ... 95%(Reading database ... 100%(Reading database ... 6096 files and directories currently installed.)
#15 16.56 Preparing to unpack .../000-perl-modules-5.36_5.36.0-7+deb12u3_all.deb ...
#15 16.57 Unpacking perl-modules-5.36 (5.36.0-7+deb12u3) ...
#15 16.83 Selecting previously unselected package libgdbm6:amd64.
#15 16.83 Preparing to unpack .../001-libgdbm6_1.23-3_amd64.deb ...
#15 16.84 Unpacking libgdbm6:amd64 (1.23-3) ...
#15 16.87 Selecting previously unselected package libgdbm-compat4:amd64.
#15 16.87 Preparing to unpack .../002-libgdbm-compat4_1.23-3_amd64.deb ...
#15 16.87 Unpacking libgdbm-compat4:amd64 (1.23-3) ...
#15 16.90 Selecting previously unselected package libperl5.36:amd64.
#15 16.90 Preparing to unpack .../003-libperl5.36_5.36.0-7+deb12u3_amd64.deb ...
#15 16.90 Unpacking libperl5.36:amd64 (5.36.0-7+deb12u3) ...
#15 17.14 Selecting previously unselected package perl.
#15 17.14 Preparing to unpack .../004-perl_5.36.0-7+deb12u3_amd64.deb ...
#15 17.15 Unpacking perl (5.36.0-7+deb12u3) ...
#15 17.18 Selecting previously unselected package less.
#15 17.18 Preparing to unpack .../005-less_590-2.1~deb12u2_amd64.deb ...
#15 17.19 Unpacking less (590-2.1~deb12u2) ...
#15 17.21 Selecting previously unselected package netbase.
#15 17.22 Preparing to unpack .../006-netbase_6.4_all.deb ...
#15 17.22 Unpacking netbase (6.4) ...
#15 17.25 Selecting previously unselected package libncursesw6:amd64.
#15 17.25 Preparing to unpack .../007-libncursesw6_6.4-4_amd64.deb ...
#15 17.25 Unpacking libncursesw6:amd64 (6.4-4) ...
#15 17.28 Selecting previously unselected package libproc2-0:amd64.
#15 17.28 Preparing to unpack .../008-libproc2-0_2%3a4.0.2-3_amd64.deb ...
#15 17.28 Unpacking libproc2-0:amd64 (2:4.0.2-3) ...
#15 17.31 Selecting previously unselected package procps.
#15 17.31 Preparing to unpack .../009-procps_2%3a4.0.2-3_amd64.deb ...
#15 17.31 Unpacking procps (2:4.0.2-3) ...
#15 17.37 Selecting previously unselected package libssl3:amd64.
#15 17.37 Preparing to unpack .../010-libssl3_3.0.20-1~deb12u2_amd64.deb ...
#15 17.38 Unpacking libssl3:amd64 (3.0.20-1~deb12u2) ...
#15 17.50 Selecting previously unselected package openssl.
#15 17.50 Preparing to unpack .../011-openssl_3.0.20-1~deb12u2_amd64.deb ...
#15 17.50 Unpacking openssl (3.0.20-1~deb12u2) ...
#15 17.59 Selecting previously unselected package ca-certificates.
#15 17.59 Preparing to unpack .../012-ca-certificates_20230311+deb12u1_all.deb ...
#15 17.59 Unpacking ca-certificates (20230311+deb12u1) ...
#15 17.63 Selecting previously unselected package krb5-locales.
#15 17.63 Preparing to unpack .../013-krb5-locales_1.20.1-2+deb12u5_all.deb ...
#15 17.63 Unpacking krb5-locales (1.20.1-2+deb12u5) ...
#15 17.65 Selecting previously unselected package manpages.
#15 17.65 Preparing to unpack .../014-manpages_6.03-2_all.deb ...
#15 17.66 Unpacking manpages (6.03-2) ...
#15 17.72 Selecting previously unselected package libbsd0:amd64.
#15 17.72 Preparing to unpack .../015-libbsd0_0.11.7-2_amd64.deb ...
#15 17.73 Unpacking libbsd0:amd64 (0.11.7-2) ...
#15 17.75 Selecting previously unselected package libedit2:amd64.
#15 17.75 Preparing to unpack .../016-libedit2_3.1-20221030-2_amd64.deb ...
#15 17.76 Unpacking libedit2:amd64 (3.1-20221030-2) ...
#15 17.78 Selecting previously unselected package libcbor0.8:amd64.
#15 17.78 Preparing to unpack .../017-libcbor0.8_0.8.0-2+b1_amd64.deb ...
#15 17.79 Unpacking libcbor0.8:amd64 (0.8.0-2+b1) ...
#15 17.81 Selecting previously unselected package libfido2-1:amd64.
#15 17.81 Preparing to unpack .../018-libfido2-1_1.12.0-2+b1_amd64.deb ...
#15 17.81 Unpacking libfido2-1:amd64 (1.12.0-2+b1) ...
#15 17.83 Selecting previously unselected package libkrb5support0:amd64.
#15 17.83 Preparing to unpack .../019-libkrb5support0_1.20.1-2+deb12u5_amd64.deb ...
#15 17.84 Unpacking libkrb5support0:amd64 (1.20.1-2+deb12u5) ...
#15 17.86 Selecting previously unselected package libk5crypto3:amd64.
#15 17.86 Preparing to unpack .../020-libk5crypto3_1.20.1-2+deb12u5_amd64.deb ...
#15 17.86 Unpacking libk5crypto3:amd64 (1.20.1-2+deb12u5) ...
#15 17.89 Selecting previously unselected package libkeyutils1:amd64.
#15 17.89 Preparing to unpack .../021-libkeyutils1_1.6.3-2_amd64.deb ...
#15 17.89 Unpacking libkeyutils1:amd64 (1.6.3-2) ...
#15 17.91 Selecting previously unselected package libkrb5-3:amd64.
#15 17.91 Preparing to unpack .../022-libkrb5-3_1.20.1-2+deb12u5_amd64.deb ...
#15 17.91 Unpacking libkrb5-3:amd64 (1.20.1-2+deb12u5) ...
#15 17.95 Selecting previously unselected package libgssapi-krb5-2:amd64.
#15 17.95 Preparing to unpack .../023-libgssapi-krb5-2_1.20.1-2+deb12u5_amd64.deb ...
#15 17.96 Unpacking libgssapi-krb5-2:amd64 (1.20.1-2+deb12u5) ...
#15 17.99 Selecting previously unselected package openssh-client.
#15 17.99 Preparing to unpack .../024-openssh-client_1%3a9.2p1-2+deb12u10_amd64.deb ...
#15 17.99 Unpacking openssh-client (1:9.2p1-2+deb12u10) ...
#15 18.06 Selecting previously unselected package binutils-common:amd64.
#15 18.06 Preparing to unpack .../025-binutils-common_2.40-2_amd64.deb ...
#15 18.06 Unpacking binutils-common:amd64 (2.40-2) ...
#15 18.20 Selecting previously unselected package libbinutils:amd64.
#15 18.21 Preparing to unpack .../026-libbinutils_2.40-2_amd64.deb ...
#15 18.21 Unpacking libbinutils:amd64 (2.40-2) ...
#15 18.25 Selecting previously unselected package libctf-nobfd0:amd64.
#15 18.25 Preparing to unpack .../027-libctf-nobfd0_2.40-2_amd64.deb ...
#15 18.26 Unpacking libctf-nobfd0:amd64 (2.40-2) ...
#15 18.28 Selecting previously unselected package libctf0:amd64.
#15 18.29 Preparing to unpack .../028-libctf0_2.40-2_amd64.deb ...
#15 18.29 Unpacking libctf0:amd64 (2.40-2) ...
#15 18.32 Selecting previously unselected package libgprofng0:amd64.
#15 18.32 Preparing to unpack .../029-libgprofng0_2.40-2_amd64.deb ...
#15 18.32 Unpacking libgprofng0:amd64 (2.40-2) ...
#15 18.38 Selecting previously unselected package libjansson4:amd64.
#15 18.38 Preparing to unpack .../030-libjansson4_2.14-2_amd64.deb ...
#15 18.39 Unpacking libjansson4:amd64 (2.14-2) ...
#15 18.41 Selecting previously unselected package binutils-x86-64-linux-gnu.
#15 18.41 Preparing to unpack .../031-binutils-x86-64-linux-gnu_2.40-2_amd64.deb ...
#15 18.41 Unpacking binutils-x86-64-linux-gnu (2.40-2) ...
#15 18.58 Selecting previously unselected package binutils.
#15 18.58 Preparing to unpack .../032-binutils_2.40-2_amd64.deb ...
#15 18.58 Unpacking binutils (2.40-2) ...
#15 18.62 Selecting previously unselected package libicu72:amd64.
#15 18.62 Preparing to unpack .../033-libicu72_72.1-3+deb12u1_amd64.deb ...
#15 18.62 Unpacking libicu72:amd64 (72.1-3+deb12u1) ...
#15 19.03 Selecting previously unselected package libxml2:amd64.
#15 19.04 Preparing to unpack .../034-libxml2_2.9.14+dfsg-1.3~deb12u6_amd64.deb ...
#15 19.05 Unpacking libxml2:amd64 (2.9.14+dfsg-1.3~deb12u6) ...
#15 19.11 Selecting previously unselected package libarchive13:amd64.
#15 19.11 Preparing to unpack .../035-libarchive13_3.6.2-1+deb12u4_amd64.deb ...
#15 19.11 Unpacking libarchive13:amd64 (3.6.2-1+deb12u4) ...
#15 19.15 Selecting previously unselected package libbrotli1:amd64.
#15 19.15 Preparing to unpack .../036-libbrotli1_1.0.9-2+b6_amd64.deb ...
#15 19.16 Unpacking libbrotli1:amd64 (1.0.9-2+b6) ...
#15 19.19 Selecting previously unselected package libsasl2-modules-db:amd64.
#15 19.19 Preparing to unpack .../037-libsasl2-modules-db_2.1.28+dfsg-10_amd64.deb ...
#15 19.19 Unpacking libsasl2-modules-db:amd64 (2.1.28+dfsg-10) ...
#15 19.22 Selecting previously unselected package libsasl2-2:amd64.
#15 19.22 Preparing to unpack .../038-libsasl2-2_2.1.28+dfsg-10_amd64.deb ...
#15 19.22 Unpacking libsasl2-2:amd64 (2.1.28+dfsg-10) ...
#15 19.24 Selecting previously unselected package libldap-2.5-0:amd64.
#15 19.24 Preparing to unpack .../039-libldap-2.5-0_2.5.13+dfsg-5_amd64.deb ...
#15 19.25 Unpacking libldap-2.5-0:amd64 (2.5.13+dfsg-5) ...
#15 19.28 Selecting previously unselected package libnghttp2-14:amd64.
#15 19.28 Preparing to unpack .../040-libnghttp2-14_1.52.0-1+deb12u3_amd64.deb ...
#15 19.28 Unpacking libnghttp2-14:amd64 (1.52.0-1+deb12u3) ...
#15 19.31 Selecting previously unselected package libpsl5:amd64.
#15 19.31 Preparing to unpack .../041-libpsl5_0.21.2-1_amd64.deb ...
#15 19.31 Unpacking libpsl5:amd64 (0.21.2-1) ...
#15 19.36 Selecting previously unselected package librtmp1:amd64.
#15 19.36 Preparing to unpack .../042-librtmp1_2.4+20151223.gitfa8646d.1-2+b2_amd64.deb ...
#15 19.37 Unpacking librtmp1:amd64 (2.4+20151223.gitfa8646d.1-2+b2) ...
#15 19.40 Selecting previously unselected package libssh2-1:amd64.
#15 19.40 Preparing to unpack .../043-libssh2-1_1.10.0-3+b1_amd64.deb ...
#15 19.40 Unpacking libssh2-1:amd64 (1.10.0-3+b1) ...
#15 19.44 Selecting previously unselected package libcurl4:amd64.
#15 19.44 Preparing to unpack .../044-libcurl4_7.88.1-10+deb12u15_amd64.deb ...
#15 19.44 Unpacking libcurl4:amd64 (7.88.1-10+deb12u15) ...
#15 19.48 Selecting previously unselected package libexpat1:amd64.
#15 19.49 Preparing to unpack .../045-libexpat1_2.5.0-1+deb12u2_amd64.deb ...
#15 19.49 Unpacking libexpat1:amd64 (2.5.0-1+deb12u2) ...
#15 19.52 Selecting previously unselected package libjsoncpp25:amd64.
#15 19.52 Preparing to unpack .../046-libjsoncpp25_1.9.5-4_amd64.deb ...
#15 19.52 Unpacking libjsoncpp25:amd64 (1.9.5-4) ...
#15 19.55 Selecting previously unselected package librhash0:amd64.
#15 19.55 Preparing to unpack .../047-librhash0_1.4.3-3_amd64.deb ...
#15 19.55 Unpacking librhash0:amd64 (1.4.3-3) ...
#15 19.58 Selecting previously unselected package libuv1:amd64.
#15 19.58 Preparing to unpack .../048-libuv1_1.44.2-1+deb12u1_amd64.deb ...
#15 19.59 Unpacking libuv1:amd64 (1.44.2-1+deb12u1) ...
#15 19.62 Selecting previously unselected package cmake-data.
#15 19.62 Preparing to unpack .../049-cmake-data_3.25.1-1_all.deb ...
#15 19.63 Unpacking cmake-data (3.25.1-1) ...
#15 19.94 Selecting previously unselected package cmake.
#15 19.95 Preparing to unpack .../050-cmake_3.25.1-1_amd64.deb ...
#15 19.95 Unpacking cmake (3.25.1-1) ...
#15 20.36 Selecting previously unselected package libisl23:amd64.
#15 20.36 Preparing to unpack .../051-libisl23_0.25-1.1_amd64.deb ...
#15 20.36 Unpacking libisl23:amd64 (0.25-1.1) ...
#15 20.42 Selecting previously unselected package libmpfr6:amd64.
#15 20.42 Preparing to unpack .../052-libmpfr6_4.2.0-1_amd64.deb ...
#15 20.42 Unpacking libmpfr6:amd64 (4.2.0-1) ...
#15 20.46 Selecting previously unselected package libmpc3:amd64.
#15 20.46 Preparing to unpack .../053-libmpc3_1.3.1-1_amd64.deb ...
#15 20.46 Unpacking libmpc3:amd64 (1.3.1-1) ...
#15 20.49 Selecting previously unselected package cpp-12.
#15 20.49 Preparing to unpack .../054-cpp-12_12.2.0-14+deb12u1_amd64.deb ...
#15 20.49 Unpacking cpp-12 (12.2.0-14+deb12u1) ...
#15 20.95 Selecting previously unselected package cpp.
#15 20.95 Preparing to unpack .../055-cpp_4%3a12.2.0-3_amd64.deb ...
#15 20.95 Unpacking cpp (4:12.2.0-3) ...
#15 20.97 Selecting previously unselected package fonts-dejavu-core.
#15 20.97 Preparing to unpack .../056-fonts-dejavu-core_2.37-6_all.deb ...
#15 20.98 Unpacking fonts-dejavu-core (2.37-6) ...
#15 21.07 Selecting previously unselected package fontconfig-config.
#15 21.07 Preparing to unpack .../057-fontconfig-config_2.14.1-4_amd64.deb ...
#15 21.13 Unpacking fontconfig-config (2.14.1-4) ...
#15 21.17 Selecting previously unselected package libcc1-0:amd64.
#15 21.17 Preparing to unpack .../058-libcc1-0_12.2.0-14+deb12u1_amd64.deb ...
#15 21.18 Unpacking libcc1-0:amd64 (12.2.0-14+deb12u1) ...
#15 21.21 Selecting previously unselected package libgomp1:amd64.
#15 21.21 Preparing to unpack .../059-libgomp1_12.2.0-14+deb12u1_amd64.deb ...
#15 21.21 Unpacking libgomp1:amd64 (12.2.0-14+deb12u1) ...
#15 21.24 Selecting previously unselected package libitm1:amd64.
#15 21.24 Preparing to unpack .../060-libitm1_12.2.0-14+deb12u1_amd64.deb ...
#15 21.25 Unpacking libitm1:amd64 (12.2.0-14+deb12u1) ...
#15 21.28 Selecting previously unselected package libatomic1:amd64.
#15 21.28 Preparing to unpack .../061-libatomic1_12.2.0-14+deb12u1_amd64.deb ...
#15 21.28 Unpacking libatomic1:amd64 (12.2.0-14+deb12u1) ...
#15 21.31 Selecting previously unselected package libasan8:amd64.
#15 21.31 Preparing to unpack .../062-libasan8_12.2.0-14+deb12u1_amd64.deb ...
#15 21.31 Unpacking libasan8:amd64 (12.2.0-14+deb12u1) ...
#15 21.46 Selecting previously unselected package liblsan0:amd64.
#15 21.46 Preparing to unpack .../063-liblsan0_12.2.0-14+deb12u1_amd64.deb ...
#15 21.46 Unpacking liblsan0:amd64 (12.2.0-14+deb12u1) ...
#15 21.54 Selecting previously unselected package libtsan2:amd64.
#15 21.54 Preparing to unpack .../064-libtsan2_12.2.0-14+deb12u1_amd64.deb ...
#15 21.55 Unpacking libtsan2:amd64 (12.2.0-14+deb12u1) ...
#15 21.69 Selecting previously unselected package libubsan1:amd64.
#15 21.69 Preparing to unpack .../065-libubsan1_12.2.0-14+deb12u1_amd64.deb ...
#15 21.70 Unpacking libubsan1:amd64 (12.2.0-14+deb12u1) ...
#15 21.78 Selecting previously unselected package libquadmath0:amd64.
#15 21.78 Preparing to unpack .../066-libquadmath0_12.2.0-14+deb12u1_amd64.deb ...
#15 21.78 Unpacking libquadmath0:amd64 (12.2.0-14+deb12u1) ...
#15 21.82 Selecting previously unselected package libgcc-12-dev:amd64.
#15 21.82 Preparing to unpack .../067-libgcc-12-dev_12.2.0-14+deb12u1_amd64.deb ...
#15 21.82 Unpacking libgcc-12-dev:amd64 (12.2.0-14+deb12u1) ...
#15 22.09 Selecting previously unselected package gcc-12.
#15 22.09 Preparing to unpack .../068-gcc-12_12.2.0-14+deb12u1_amd64.deb ...
#15 22.09 Unpacking gcc-12 (12.2.0-14+deb12u1) ...
#15 ...

#19 [brotli-wasm-builder 3/6] RUN apt-get update &&     apt-get install -y cmake make git lbzip2 python3 xz-utils &&     git clone --depth 1 --branch 3.1.46 https://github.com/emscripten-core/emsdk.git &&     test "$(git -C emsdk rev-parse HEAD)" = "93360d3670018769b424e4e8f1d3d9b26d32c977" &&     cd emsdk &&     ./emsdk install 3.1.7 &&     ./emsdk activate 3.1.7
#19 22.04 Preparing to unpack .../070-libjpeg62-turbo_1%3a2.1.5-2_amd64.deb ...
#19 22.04 Unpacking libjpeg62-turbo:amd64 (1:2.1.5-2) ...
#19 22.08 Selecting previously unselected package libyuv0:amd64.
#19 22.08 Preparing to unpack .../071-libyuv0_0.0~git20230123.b2528b0-1_amd64.deb ...
#19 22.08 Unpacking libyuv0:amd64 (0.0~git20230123.b2528b0-1) ...
#19 22.12 Selecting previously unselected package libavif15:amd64.
#19 22.13 Preparing to unpack .../072-libavif15_0.11.1-1+deb12u1_amd64.deb ...
#19 22.13 Unpacking libavif15:amd64 (0.11.1-1+deb12u1) ...
#19 22.15 Selecting previously unselected package libc-dev-bin.
#19 22.16 Preparing to unpack .../073-libc-dev-bin_2.36-9+deb12u14_amd64.deb ...
#19 22.16 Unpacking libc-dev-bin (2.36-9+deb12u14) ...
#19 22.19 Selecting previously unselected package libpng16-16:amd64.
#19 22.19 Preparing to unpack .../074-libpng16-16_1.6.39-2+deb12u5_amd64.deb ...
#19 22.19 Unpacking libpng16-16:amd64 (1.6.39-2+deb12u5) ...
#19 22.23 Selecting previously unselected package libfreetype6:amd64.
#19 22.23 Preparing to unpack .../075-libfreetype6_2.12.1+dfsg-5+deb12u4_amd64.deb ...
#19 22.23 Unpacking libfreetype6:amd64 (2.12.1+dfsg-5+deb12u4) ...
#19 22.28 Selecting previously unselected package libfontconfig1:amd64.
#19 22.28 Preparing to unpack .../076-libfontconfig1_2.14.1-4_amd64.deb ...
#19 22.29 Unpacking libfontconfig1:amd64 (2.14.1-4) ...
#19 22.33 Selecting previously unselected package libde265-0:amd64.
#19 22.33 Preparing to unpack .../077-libde265-0_1.0.11-1+deb12u2_amd64.deb ...
#19 22.33 Unpacking libde265-0:amd64 (1.0.11-1+deb12u2) ...
#19 22.37 Selecting previously unselected package libnuma1:amd64.
#19 22.37 Preparing to unpack .../078-libnuma1_2.0.16-1_amd64.deb ...
#19 22.37 Unpacking libnuma1:amd64 (2.0.16-1) ...
#19 22.40 Selecting previously unselected package libx265-199:amd64.
#19 22.40 Preparing to unpack .../079-libx265-199_3.5-2+b1_amd64.deb ...
#19 22.41 Unpacking libx265-199:amd64 (3.5-2+b1) ...
#19 22.50 Selecting previously unselected package libheif1:amd64.
#19 22.50 Preparing to unpack .../080-libheif1_1.15.1-1+deb12u1_amd64.deb ...
#19 22.51 Unpacking libheif1:amd64 (1.15.1-1+deb12u1) ...
#19 22.54 Selecting previously unselected package libdeflate0:amd64.
#19 22.54 Preparing to unpack .../081-libdeflate0_1.14-1_amd64.deb ...
#19 22.55 Unpacking libdeflate0:amd64 (1.14-1) ...
#19 22.58 Selecting previously unselected package libjbig0:amd64.
#19 22.58 Preparing to unpack .../082-libjbig0_2.1-6.1_amd64.deb ...
#19 22.58 Unpacking libjbig0:amd64 (2.1-6.1) ...
#19 22.60 Selecting previously unselected package liblerc4:amd64.
#19 22.60 Preparing to unpack .../083-liblerc4_4.0.0+ds-2_amd64.deb ...
#19 22.61 Unpacking liblerc4:amd64 (4.0.0+ds-2) ...
#19 22.66 Selecting previously unselected package libwebp7:amd64.
#19 22.66 Preparing to unpack .../084-libwebp7_1.2.4-0.2+deb12u1_amd64.deb ...
#19 22.66 Unpacking libwebp7:amd64 (1.2.4-0.2+deb12u1) ...
#19 22.71 Selecting previously unselected package libtiff6:amd64.
#19 22.72 Preparing to unpack .../085-libtiff6_4.5.0-6+deb12u4_amd64.deb ...
#19 22.72 Unpacking libtiff6:amd64 (4.5.0-6+deb12u4) ...
#19 22.76 Selecting previously unselected package libxau6:amd64.
#19 22.76 Preparing to unpack .../086-libxau6_1%3a1.0.9-1_amd64.deb ...
#19 22.77 Unpacking libxau6:amd64 (1:1.0.9-1) ...
#19 22.80 Selecting previously unselected package libxdmcp6:amd64.
#19 22.80 Preparing to unpack .../087-libxdmcp6_1%3a1.1.2-3_amd64.deb ...
#19 22.80 Unpacking libxdmcp6:amd64 (1:1.1.2-3) ...
#19 23.03 Selecting previously unselected package libxcb1:amd64.
#19 23.03 Preparing to unpack .../088-libxcb1_1.15-1_amd64.deb ...
#19 23.04 Unpacking libxcb1:amd64 (1.15-1) ...
#19 23.06 Selecting previously unselected package libx11-data.
#19 23.06 Preparing to unpack .../089-libx11-data_2%3a1.8.4-2+deb12u2_all.deb ...
#19 23.06 Unpacking libx11-data (2:1.8.4-2+deb12u2) ...
#19 23.11 Selecting previously unselected package libx11-6:amd64.
#19 23.11 Preparing to unpack .../090-libx11-6_2%3a1.8.4-2+deb12u2_amd64.deb ...
#19 23.11 Unpacking libx11-6:amd64 (2:1.8.4-2+deb12u2) ...
#19 23.17 Selecting previously unselected package libxpm4:amd64.
#19 23.17 Preparing to unpack .../091-libxpm4_1%3a3.5.12-1.1+deb12u1_amd64.deb ...
#19 23.17 Unpacking libxpm4:amd64 (1:3.5.12-1.1+deb12u1) ...
#19 23.20 Selecting previously unselected package libgd3:amd64.
#19 23.20 Preparing to unpack .../092-libgd3_2.3.3-9_amd64.deb ...
#19 23.21 Unpacking libgd3:amd64 (2.3.3-9) ...
#19 23.23 Selecting previously unselected package libc-devtools.
#19 23.23 Preparing to unpack .../093-libc-devtools_2.36-9+deb12u14_amd64.deb ...
#19 23.24 Unpacking libc-devtools (2.36-9+deb12u14) ...
#19 23.26 Selecting previously unselected package linux-libc-dev:amd64.
#19 23.26 Preparing to unpack .../094-linux-libc-dev_6.1.177-1_amd64.deb ...
#19 23.26 Unpacking linux-libc-dev:amd64 (6.1.177-1) ...
#19 23.44 Selecting previously unselected package libcrypt-dev:amd64.
#19 23.45 Preparing to unpack .../095-libcrypt-dev_1%3a4.4.33-2_amd64.deb ...
#19 23.45 Unpacking libcrypt-dev:amd64 (1:4.4.33-2) ...
#19 23.47 Selecting previously unselected package libtirpc-dev:amd64.
#19 23.47 Preparing to unpack .../096-libtirpc-dev_1.3.3+ds-1_amd64.deb ...
#19 23.48 Unpacking libtirpc-dev:amd64 (1.3.3+ds-1) ...
#19 23.52 Selecting previously unselected package libnsl-dev:amd64.
#19 23.52 Preparing to unpack .../097-libnsl-dev_1.3.0-2_amd64.deb ...
#19 23.52 Unpacking libnsl-dev:amd64 (1.3.0-2) ...
#19 23.55 Selecting previously unselected package rpcsvc-proto.
#19 23.55 Preparing to unpack .../098-rpcsvc-proto_1.4.3-1_amd64.deb ...
#19 23.56 Unpacking rpcsvc-proto (1.4.3-1) ...
#19 23.58 Selecting previously unselected package libc6-dev:amd64.
#19 23.59 Preparing to unpack .../099-libc6-dev_2.36-9+deb12u14_amd64.deb ...
#19 23.59 Unpacking libc6-dev:amd64 (2.36-9+deb12u14) ...
#19 23.71 Selecting previously unselected package libgpm2:amd64.
#19 23.72 Preparing to unpack .../100-libgpm2_1.20.7-10+b1_amd64.deb ...
#19 23.72 Unpacking libgpm2:amd64 (1.20.7-10+b1) ...
#19 23.75 Selecting previously unselected package libldap-common.
#19 23.75 Preparing to unpack .../101-libldap-common_2.5.13+dfsg-5_all.deb ...
#19 23.75 Unpacking libldap-common (2.5.13+dfsg-5) ...
#19 23.79 Selecting previously unselected package libsasl2-modules:amd64.
#19 23.79 Preparing to unpack .../102-libsasl2-modules_2.1.28+dfsg-10_amd64.deb ...
#19 23.79 Unpacking libsasl2-modules:amd64 (2.1.28+dfsg-10) ...
#19 23.83 Selecting previously unselected package libxext6:amd64.
#19 23.83 Preparing to unpack .../103-libxext6_2%3a1.3.4-1+b1_amd64.deb ...
#19 23.83 Unpacking libxext6:amd64 (2:1.3.4-1+b1) ...
#19 23.86 Selecting previously unselected package libxmuu1:amd64.
#19 23.86 Preparing to unpack .../104-libxmuu1_2%3a1.1.3-3_amd64.deb ...
#19 23.86 Unpacking libxmuu1:amd64 (2:1.1.3-3) ...
#19 24.20 Selecting previously unselected package make.
#19 24.20 Preparing to unpack .../105-make_4.3-4.1_amd64.deb ...
#19 24.32 Unpacking make (4.3-4.1) ...
#19 24.56 Selecting previously unselected package manpages-dev.
#19 24.56 Preparing to unpack .../106-manpages-dev_6.03-2_all.deb ...
#19 24.58 Unpacking manpages-dev (6.03-2) ...
#19 25.10 Selecting previously unselected package patch.
#19 25.10 Preparing to unpack .../107-patch_2.7.6-7_amd64.deb ...
#19 25.13 Unpacking patch (2.7.6-7) ...
#19 25.47 Selecting previously unselected package psmisc.
#19 25.48 Preparing to unpack .../108-psmisc_23.6-1_amd64.deb ...
#19 25.50 Unpacking psmisc (23.6-1) ...
#19 ...

#25 [node-builder-base  6/19] RUN go mod download
#25 DONE 13.0s

#19 [brotli-wasm-builder 3/6] RUN apt-get update &&     apt-get install -y cmake make git lbzip2 python3 xz-utils &&     git clone --depth 1 --branch 3.1.46 https://github.com/emscripten-core/emsdk.git &&     test "$(git -C emsdk rev-parse HEAD)" = "93360d3670018769b424e4e8f1d3d9b26d32c977" &&     cd emsdk &&     ./emsdk install 3.1.7 &&     ./emsdk activate 3.1.7
#19 25.68 Selecting previously unselected package publicsuffix.
#19 25.69 Preparing to unpack .../109-publicsuffix_20230209.2326-1_all.deb ...
#19 25.69 Unpacking publicsuffix (20230209.2326-1) ...
#19 25.71 Selecting previously unselected package xauth.
#19 25.72 Preparing to unpack .../110-xauth_1%3a1.1.2-1_amd64.deb ...
#19 25.72 Unpacking xauth (1:1.1.2-1) ...
#19 25.75 Setting up media-types (10.0.0) ...
#19 25.77 Setting up libaom3:amd64 (3.6.0-1+deb12u2) ...
#19 25.78 Setting up libabsl20220623:amd64 (20220623.1-1+deb12u2) ...
#19 25.79 Setting up libxau6:amd64 (1:1.0.9-1) ...
#19 25.80 Setting up libkeyutils1:amd64 (1.6.3-2) ...
#19 25.81 Setting up libpsl5:amd64 (0.21.2-1) ...
#19 25.82 Setting up libgpm2:amd64 (1.20.7-10+b1) ...
#19 25.83 Setting up libicu72:amd64 (72.1-3+deb12u1) ...
#19 25.84 Setting up liblerc4:amd64 (4.0.0+ds-2) ...
#19 25.85 Setting up psmisc (23.6-1) ...
#19 25.86 Setting up manpages (6.03-2) ...
#19 25.87 Setting up libtirpc-common (1.3.3+ds-1) ...
#19 25.88 Setting up libcbor0.8:amd64 (0.8.0-2+b1) ...
#19 25.88 Setting up libbrotli1:amd64 (1.0.9-2+b6) ...
#19 25.89 Setting up libsqlite3-0:amd64 (3.40.1-2+deb12u2) ...
#19 25.90 Setting up libsasl2-modules:amd64 (2.1.28+dfsg-10) ...
#19 25.91 Setting up binutils-common:amd64 (2.40-2) ...
#19 25.92 Setting up libnghttp2-14:amd64 (1.52.0-1+deb12u3) ...
#19 25.93 Setting up libdeflate0:amd64 (1.14-1) ...
#19 25.94 Setting up less (590-2.1~deb12u2) ...
#19 25.95 Setting up linux-libc-dev:amd64 (6.1.177-1) ...
#19 25.96 Setting up libctf-nobfd0:amd64 (2.40-2) ...
#19 25.97 Setting up krb5-locales (1.20.1-2+deb12u5) ...
#19 25.98 Setting up libsvtav1enc1:amd64 (1.4.1+dfsg-1) ...
#19 25.99 Setting up libgomp1:amd64 (12.2.0-14+deb12u1) ...
#19 26.00 Setting up libldap-common (2.5.13+dfsg-5) ...
#19 26.01 Setting up libjbig0:amd64 (2.1-6.1) ...
#19 26.02 Setting up librav1e0:amd64 (0.5.1-6) ...
#19 26.03 Setting up libjansson4:amd64 (2.14-2) ...
#19 26.04 Setting up libkrb5support0:amd64 (1.20.1-2+deb12u5) ...
#19 26.05 Setting up libsasl2-modules-db:amd64 (2.1.28+dfsg-10) ...
#19 26.06 Setting up perl-modules-5.36 (5.36.0-7+deb12u3) ...
#19 26.07 Setting up libuv1:amd64 (1.44.2-1+deb12u1) ...
#19 26.08 Setting up rpcsvc-proto (1.4.3-1) ...
#19 26.09 Setting up libjpeg62-turbo:amd64 (1:2.1.5-2) ...
#19 26.11 Setting up libx11-data (2:1.8.4-2+deb12u2) ...
#19 26.12 Setting up make (4.3-4.1) ...
#19 26.12 Setting up libmpfr6:amd64 (4.2.0-1) ...
#19 26.13 Setting up librtmp1:amd64 (2.4+20151223.gitfa8646d.1-2+b2) ...
#19 26.15 Setting up xz-utils (5.4.1-1+deb12u1) ...
#19 26.15 update-alternatives: using /usr/bin/xz to provide /usr/bin/lzma (lzma) in auto mode
#19 26.15 update-alternatives: warning: skip creation of /usr/share/man/man1/lzma.1.gz because associated file /usr/share/man/man1/xz.1.gz (of link group lzma) doesn't exist
#19 26.15 update-alternatives: warning: skip creation of /usr/share/man/man1/unlzma.1.gz because associated file /usr/share/man/man1/unxz.1.gz (of link group lzma) doesn't exist
#19 26.15 update-alternatives: warning: skip creation of /usr/share/man/man1/lzcat.1.gz because associated file /usr/share/man/man1/xzcat.1.gz (of link group lzma) doesn't exist
#19 26.15 update-alternatives: warning: skip creation of /usr/share/man/man1/lzmore.1.gz because associated file /usr/share/man/man1/xzmore.1.gz (of link group lzma) doesn't exist
#19 26.15 update-alternatives: warning: skip creation of /usr/share/man/man1/lzless.1.gz because associated file /usr/share/man/man1/xzless.1.gz (of link group lzma) doesn't exist
#19 26.15 update-alternatives: warning: skip creation of /usr/share/man/man1/lzdiff.1.gz because associated file /usr/share/man/man1/xzdiff.1.gz (of link group lzma) doesn't exist
#19 26.15 update-alternatives: warning: skip creation of /usr/share/man/man1/lzcmp.1.gz because associated file /usr/share/man/man1/xzcmp.1.gz (of link group lzma) doesn't exist
#19 26.15 update-alternatives: warning: skip creation of /usr/share/man/man1/lzgrep.1.gz because associated file /usr/share/man/man1/xzgrep.1.gz (of link group lzma) doesn't exist
#19 26.15 update-alternatives: warning: skip creation of /usr/share/man/man1/lzegrep.1.gz because associated file /usr/share/man/man1/xzegrep.1.gz (of link group lzma) doesn't exist
#19 26.15 update-alternatives: warning: skip creation of /usr/share/man/man1/lzfgrep.1.gz because associated file /usr/share/man/man1/xzfgrep.1.gz (of link group lzma) doesn't exist
#19 26.16 Setting up libquadmath0:amd64 (12.2.0-14+deb12u1) ...
#19 26.17 Setting up libproc2-0:amd64 (2:4.0.2-3) ...
#19 26.18 Setting up libpng16-16:amd64 (1.6.39-2+deb12u5) ...
#19 26.19 Setting up libmpc3:amd64 (1.3.1-1) ...
#19 26.20 Setting up libatomic1:amd64 (12.2.0-14+deb12u1) ...
#19 26.21 Setting up patch (2.7.6-7) ...
#19 26.22 Setting up libjsoncpp25:amd64 (1.9.5-4) ...
#19 26.23 Setting up fonts-dejavu-core (2.37-6) ...
#19 26.28 Setting up libgav1-1:amd64 (0.18.0-1+b1) ...
#19 26.29 Setting up libncursesw6:amd64 (6.4-4) ...
#19 26.31 Setting up libk5crypto3:amd64 (1.20.1-2+deb12u5) ...
#19 26.33 Setting up libdav1d6:amd64 (1.0.0-2+deb12u1) ...
#19 26.34 Setting up libsasl2-2:amd64 (2.1.28+dfsg-10) ...
#19 26.34 Setting up libwebp7:amd64 (1.2.4-0.2+deb12u1) ...
#19 26.35 Setting up libubsan1:amd64 (12.2.0-14+deb12u1) ...
#19 26.36 Setting up libnuma1:amd64 (2.0.16-1) ...
#19 26.37 Setting up librhash0:amd64 (1.4.3-3) ...
#19 26.38 Setting up libcrypt-dev:amd64 (1:4.4.33-2) ...
#19 26.39 Setting up libtiff6:amd64 (4.5.0-6+deb12u4) ...
#19 26.41 Setting up libasan8:amd64 (12.2.0-14+deb12u1) ...
#19 26.42 Setting up procps (2:4.0.2-3) ...
#19 26.45 Setting up git-man (1:2.39.5-0+deb12u3) ...
#19 26.46 Setting up libssh2-1:amd64 (1.10.0-3+b1) ...
#19 26.47 Setting up netbase (6.4) ...
#19 26.50 Setting up cmake-data (3.25.1-1) ...
#19 26.51 Setting up libkrb5-3:amd64 (1.20.1-2+deb12u5) ...
#19 26.52 Setting up libtsan2:amd64 (12.2.0-14+deb12u1) ...
#19 26.53 Setting up libbinutils:amd64 (2.40-2) ...
#19 26.54 Setting up lbzip2 (2.5-2.3) ...
#19 26.55 Setting up libfido2-1:amd64 (1.12.0-2+b1) ...
#19 26.56 Setting up libisl23:amd64 (0.25-1.1) ...
#19 26.57 Setting up libde265-0:amd64 (1.0.11-1+deb12u2) ...
#19 26.59 Setting up libc-dev-bin (2.36-9+deb12u14) ...
#19 26.60 Setting up openssl (3.0.20-1~deb12u2) ...
#19 26.61 Setting up libbsd0:amd64 (0.11.7-2) ...
#19 26.62 Setting up libyuv0:amd64 (0.0~git20230123.b2528b0-1) ...
#19 26.64 Setting up readline-common (8.2-1.3) ...
#19 26.65 Setting up publicsuffix (20230209.2326-1) ...
#19 26.66 Setting up libxml2:amd64 (2.9.14+dfsg-1.3~deb12u6) ...
#19 26.67 Setting up libcc1-0:amd64 (12.2.0-14+deb12u1) ...
#19 26.68 Setting up liblsan0:amd64 (12.2.0-14+deb12u1) ...
#19 26.70 Setting up libitm1:amd64 (12.2.0-14+deb12u1) ...
#19 26.70 Setting up libgdbm6:amd64 (1.23-3) ...
#19 26.71 Setting up libctf0:amd64 (2.40-2) ...
#19 26.72 Setting up manpages-dev (6.03-2) ...
#19 26.73 Setting up libxdmcp6:amd64 (1:1.1.2-3) ...
#19 26.74 Setting up cpp-12 (12.2.0-14+deb12u1) ...
#19 26.75 Setting up libxcb1:amd64 (1.15-1) ...
#19 26.76 Setting up libavif15:amd64 (0.11.1-1+deb12u1) ...
#19 26.77 Setting up libarchive13:amd64 (3.6.2-1+deb12u4) ...
#19 26.81 Setting up fontconfig-config (2.14.1-4) ...
#19 27.02 debconf: unable to initialize frontend: Dialog
#19 27.02 debconf: (TERM is not set, so the dialog frontend is not usable.)
#19 27.02 debconf: falling back to frontend: Readline
#19 27.02 debconf: unable to initialize frontend: Readline
#19 27.02 debconf: (This frontend requires a controlling tty.)
#19 27.02 debconf: falling back to frontend: Teletype
#19 27.33 Setting up libedit2:amd64 (3.1-20221030-2) ...
#19 ...

#26 [node-builder-base  7/19] COPY . ./
#26 DONE 3.0s

#19 [brotli-wasm-builder 3/6] RUN apt-get update &&     apt-get install -y cmake make git lbzip2 python3 xz-utils &&     git clone --depth 1 --branch 3.1.46 https://github.com/emscripten-core/emsdk.git &&     test "$(git -C emsdk rev-parse HEAD)" = "93360d3670018769b424e4e8f1d3d9b26d32c977" &&     cd emsdk &&     ./emsdk install 3.1.7 &&     ./emsdk activate 3.1.7
#19 28.71 Setting up libreadline8:amd64 (8.2-1.3) ...
#19 28.72 Setting up libldap-2.5-0:amd64 (2.5.13+dfsg-5) ...
#19 28.73 Setting up ca-certificates (20230311+deb12u1) ...
#19 28.79 debconf: unable to initialize frontend: Dialog
#19 28.79 debconf: (TERM is not set, so the dialog frontend is not usable.)
#19 28.79 debconf: falling back to frontend: Readline
#19 28.79 debconf: unable to initialize frontend: Readline
#19 28.79 debconf: (This frontend requires a controlling tty.)
#19 28.79 debconf: falling back to frontend: Teletype
#19 28.97 Updating certificates in /etc/ssl/certs...
#19 ...

#16 [contracts-builder  2/15] RUN apt-get update &&     apt-get install -y git python3 make g++ curl
#16 20.99 Preparing to unpack .../100-publicsuffix_20230209.2326-1_all.deb ...
#16 21.00 Unpacking publicsuffix (20230209.2326-1) ...
#16 21.03 Selecting previously unselected package xauth.
#16 21.03 Preparing to unpack .../101-xauth_1%3a1.1.2-1_amd64.deb ...
#16 21.03 Unpacking xauth (1:1.1.2-1) ...
#16 21.07 Setting up media-types (10.0.0) ...
#16 21.09 Setting up libaom3:amd64 (3.6.0-1+deb12u2) ...
#16 21.22 Setting up libabsl20220623:amd64 (20220623.1-1+deb12u2) ...
#16 21.31 Setting up libxau6:amd64 (1:1.0.9-1) ...
#16 21.32 Setting up libkeyutils1:amd64 (1.6.3-2) ...
#16 21.33 Setting up libpsl5:amd64 (0.21.2-1) ...
#16 21.34 Setting up libgpm2:amd64 (1.20.7-10+b1) ...
#16 21.35 Setting up liblerc4:amd64 (4.0.0+ds-2) ...
#16 21.36 Setting up manpages (6.03-2) ...
#16 21.37 Setting up libtirpc-common (1.3.3+ds-1) ...
#16 21.39 Setting up libcbor0.8:amd64 (0.8.0-2+b1) ...
#16 21.39 Setting up libbrotli1:amd64 (1.0.9-2+b6) ...
#16 21.41 Setting up libsqlite3-0:amd64 (3.40.1-2+deb12u2) ...
#16 21.41 Setting up libsasl2-modules:amd64 (2.1.28+dfsg-10) ...
#16 21.43 Setting up binutils-common:amd64 (2.40-2) ...
#16 21.44 Setting up libnghttp2-14:amd64 (1.52.0-1+deb12u3) ...
#16 21.45 Setting up libdeflate0:amd64 (1.14-1) ...
#16 21.45 Setting up less (590-2.1~deb12u2) ...
#16 21.47 Setting up linux-libc-dev:amd64 (6.1.177-1) ...
#16 21.48 Setting up libctf-nobfd0:amd64 (2.40-2) ...
#16 21.49 Setting up krb5-locales (1.20.1-2+deb12u5) ...
#16 21.50 Setting up libsvtav1enc1:amd64 (1.4.1+dfsg-1) ...
#16 21.51 Setting up libgomp1:amd64 (12.2.0-14+deb12u1) ...
#16 21.52 Setting up libldap-common (2.5.13+dfsg-5) ...
#16 21.53 Setting up libjbig0:amd64 (2.1-6.1) ...
#16 21.53 Setting up librav1e0:amd64 (0.5.1-6) ...
#16 21.54 Setting up libjansson4:amd64 (2.14-2) ...
#16 21.55 Setting up libkrb5support0:amd64 (1.20.1-2+deb12u5) ...
#16 21.56 Setting up libsasl2-modules-db:amd64 (2.1.28+dfsg-10) ...
#16 21.57 Setting up perl-modules-5.36 (5.36.0-7+deb12u3) ...
#16 21.58 Setting up rpcsvc-proto (1.4.3-1) ...
#16 21.59 Setting up libjpeg62-turbo:amd64 (1:2.1.5-2) ...
#16 21.59 Setting up libx11-data (2:1.8.4-2+deb12u2) ...
#16 21.60 Setting up make (4.3-4.1) ...
#16 21.64 Setting up libmpfr6:amd64 (4.2.0-1) ...
#16 21.68 Setting up librtmp1:amd64 (2.4+20151223.gitfa8646d.1-2+b2) ...
#16 21.71 Setting up libquadmath0:amd64 (12.2.0-14+deb12u1) ...
#16 21.72 Setting up libpng16-16:amd64 (1.6.39-2+deb12u5) ...
#16 21.73 Setting up libmpc3:amd64 (1.3.1-1) ...
#16 21.74 Setting up libatomic1:amd64 (12.2.0-14+deb12u1) ...
#16 21.75 Setting up patch (2.7.6-7) ...
#16 21.76 Setting up fonts-dejavu-core (2.37-6) ...
#16 21.82 Setting up libgav1-1:amd64 (0.18.0-1+b1) ...
#16 21.83 Setting up libncursesw6:amd64 (6.4-4) ...
#16 21.84 Setting up libk5crypto3:amd64 (1.20.1-2+deb12u5) ...
#16 21.85 Setting up libdav1d6:amd64 (1.0.0-2+deb12u1) ...
#16 21.86 Setting up libsasl2-2:amd64 (2.1.28+dfsg-10) ...
#16 21.87 Setting up libwebp7:amd64 (1.2.4-0.2+deb12u1) ...
#16 21.88 Setting up libubsan1:amd64 (12.2.0-14+deb12u1) ...
#16 21.89 Setting up libnuma1:amd64 (2.0.16-1) ...
#16 21.90 Setting up libcrypt-dev:amd64 (1:4.4.33-2) ...
#16 21.91 Setting up libtiff6:amd64 (4.5.0-6+deb12u4) ...
#16 21.92 Setting up libasan8:amd64 (12.2.0-14+deb12u1) ...
#16 21.93 Setting up git-man (1:2.39.5-0+deb12u3) ...
#16 21.95 Setting up libssh2-1:amd64 (1.10.0-3+b1) ...
#16 21.95 Setting up netbase (6.4) ...
#16 21.97 Setting up libkrb5-3:amd64 (1.20.1-2+deb12u5) ...
#16 21.98 Setting up libtsan2:amd64 (12.2.0-14+deb12u1) ...
#16 21.99 Setting up libbinutils:amd64 (2.40-2) ...
#16 22.00 Setting up libfido2-1:amd64 (1.12.0-2+b1) ...
#16 22.01 Setting up libisl23:amd64 (0.25-1.1) ...
#16 22.03 Setting up libde265-0:amd64 (1.0.11-1+deb12u2) ...
#16 22.04 Setting up libc-dev-bin (2.36-9+deb12u14) ...
#16 22.06 Setting up openssl (3.0.20-1~deb12u2) ...
#16 22.07 Setting up libbsd0:amd64 (0.11.7-2) ...
#16 22.08 Setting up libyuv0:amd64 (0.0~git20230123.b2528b0-1) ...
#16 22.09 Setting up readline-common (8.2-1.3) ...
#16 22.10 Setting up publicsuffix (20230209.2326-1) ...
#16 22.11 Setting up libcc1-0:amd64 (12.2.0-14+deb12u1) ...
#16 22.12 Setting up liblsan0:amd64 (12.2.0-14+deb12u1) ...
#16 22.13 Setting up libitm1:amd64 (12.2.0-14+deb12u1) ...
#16 22.14 Setting up libgdbm6:amd64 (1.23-3) ...
#16 22.20 Setting up libctf0:amd64 (2.40-2) ...
#16 22.38 Setting up manpages-dev (6.03-2) ...
#16 22.61 Setting up libxdmcp6:amd64 (1:1.1.2-3) ...
#16 22.79 Setting up cpp-12 (12.2.0-14+deb12u1) ...
#16 22.87 Setting up libxcb1:amd64 (1.15-1) ...
#16 23.03 Setting up libavif15:amd64 (0.11.1-1+deb12u1) ...
#16 23.30 Setting up fontconfig-config (2.14.1-4) ...
#16 23.56 debconf: unable to initialize frontend: Dialog
#16 23.56 debconf: (TERM is not set, so the dialog frontend is not usable.)
#16 23.56 debconf: falling back to frontend: Readline
#16 23.57 debconf: unable to initialize frontend: Readline
#16 23.57 debconf: (This frontend requires a controlling tty.)
#16 23.57 debconf: falling back to frontend: Teletype
#16 23.77 Setting up libedit2:amd64 (3.1-20221030-2) ...
#16 23.95 Setting up libreadline8:amd64 (8.2-1.3) ...
#16 23.96 Setting up libldap-2.5-0:amd64 (2.5.13+dfsg-5) ...
#16 23.97 Setting up ca-certificates (20230311+deb12u1) ...
#16 24.02 debconf: unable to initialize frontend: Dialog
#16 24.02 debconf: (TERM is not set, so the dialog frontend is not usable.)
#16 24.02 debconf: falling back to frontend: Readline
#16 24.03 debconf: unable to initialize frontend: Readline
#16 24.03 debconf: (This frontend requires a controlling tty.)
#16 24.03 debconf: falling back to frontend: Teletype
#16 24.21 Updating certificates in /etc/ssl/certs...
#16 24.49 142 added, 0 removed; done.
#16 24.51 Setting up libgprofng0:amd64 (2.40-2) ...
#16 24.52 Setting up libfreetype6:amd64 (2.12.1+dfsg-5+deb12u4) ...
#16 24.53 Setting up libgcc-12-dev:amd64 (12.2.0-14+deb12u1) ...
#16 24.54 Setting up libgssapi-krb5-2:amd64 (1.20.1-2+deb12u5) ...
#16 24.55 Setting up libgdbm-compat4:amd64 (1.23-3) ...
#16 24.56 Setting up libx265-199:amd64 (3.5-2+b1) ...
#16 24.57 Setting up cpp (4:12.2.0-3) ...
#16 24.59 Setting up libcurl4:amd64 (7.88.1-10+deb12u15) ...
#16 24.61 Setting up libx11-6:amd64 (2:1.8.4-2+deb12u2) ...
#16 24.62 Setting up curl (7.88.1-10+deb12u15) ...
#16 24.62 Setting up libfontconfig1:amd64 (2.14.1-4) ...
#16 24.63 Setting up libperl5.36:amd64 (5.36.0-7+deb12u3) ...
#16 24.64 Setting up libxmuu1:amd64 (2:1.1.3-3) ...
#16 24.66 Setting up binutils-x86-64-linux-gnu (2.40-2) ...
#16 24.67 Setting up libtirpc3:amd64 (1.3.3+ds-1) ...
#16 24.67 Setting up libxpm4:amd64 (1:3.5.12-1.1+deb12u1) ...
#16 24.69 Setting up openssh-client (1:9.2p1-2+deb12u10) ...
#16 24.74 Setting up libheif1:amd64 (1.15.1-1+deb12u1) ...
#16 24.75 Setting up libxext6:amd64 (2:1.3.4-1+b1) ...
#16 24.76 Setting up libcurl3-gnutls:amd64 (7.88.1-10+deb12u15) ...
#16 24.77 Setting up binutils (2.40-2) ...
#16 24.78 Setting up perl (5.36.0-7+deb12u3) ...
#16 24.80 Setting up libtirpc-dev:amd64 (1.3.3+ds-1) ...
#16 24.81 Setting up gcc-12 (12.2.0-14+deb12u1) ...
#16 24.83 Setting up libgd3:amd64 (2.3.3-9) ...
#16 24.84 Setting up xauth (1:1.1.2-1) ...
#16 24.85 Setting up libnsl2:amd64 (1.3.0-2) ...
#16 24.86 Setting up libc-devtools (2.36-9+deb12u14) ...
#16 24.87 Setting up libpython3.11-stdlib:amd64 (3.11.2-6+deb12u8) ...
#16 24.88 Setting up gcc (4:12.2.0-3) ...
#16 24.90 Setting up liberror-perl (0.17029-2) ...
#16 24.91 Setting up git (1:2.39.5-0+deb12u3) ...
#16 24.92 Setting up libnsl-dev:amd64 (1.3.0-2) ...
#16 24.94 Setting up libc6-dev:amd64 (2.36-9+deb12u14) ...
#16 24.95 Setting up libpython3-stdlib:amd64 (3.11.2-1+b1) ...
#16 24.96 Setting up python3.11 (3.11.2-6+deb12u8) ...
#16 25.56 Setting up libstdc++-12-dev:amd64 (12.2.0-14+deb12u1) ...
#16 26.86 Setting up python3 (3.11.2-1+b1) ...
#16 27.00 running python rtupdate hooks for python3.11...
#16 27.00 running python post-rtupdate hooks for python3.11...
#16 27.05 Setting up g++-12 (12.2.0-14+deb12u1) ...
#16 27.06 Setting up g++ (4:12.2.0-3) ...
#16 27.07 update-alternatives: using /usr/bin/g++ to provide /usr/bin/c++ (c++) in auto mode
#16 27.07 Processing triggers for libc-bin (2.36-9+deb12u14) ...
#16 27.09 Processing triggers for ca-certificates (20230311+deb12u1) ...
#16 27.10 Updating certificates in /etc/ssl/certs...
#16 27.30 0 added, 0 removed; done.
#16 27.30 Running hooks in /etc/ca-certificates/update.d...
#16 27.30 done.
#16 DONE 27.4s

#24 [prover-header-builder  3/11] RUN export DEBIAN_FRONTEND=noninteractive &&     apt-get update &&     apt-get install -y make clang wabt &&     cargo install --force cbindgen --version 0.29.2
#24 10.14 Preparing to unpack .../08-libstdc++-12-dev_12.2.0-14+deb12u1_amd64.deb ...
#24 10.15 Unpacking libstdc++-12-dev:amd64 (12.2.0-14+deb12u1) ...
#24 10.28 Selecting previously unselected package libgc1:amd64.
#24 10.28 Preparing to unpack .../09-libgc1_1%3a8.2.2-3_amd64.deb ...
#24 10.28 Unpacking libgc1:amd64 (1:8.2.2-3) ...
#24 10.31 Selecting previously unselected package libobjc4:amd64.
#24 10.31 Preparing to unpack .../10-libobjc4_12.2.0-14+deb12u1_amd64.deb ...
#24 10.31 Unpacking libobjc4:amd64 (12.2.0-14+deb12u1) ...
#24 10.34 Selecting previously unselected package libobjc-12-dev:amd64.
#24 10.34 Preparing to unpack .../11-libobjc-12-dev_12.2.0-14+deb12u1_amd64.deb ...
#24 10.34 Unpacking libobjc-12-dev:amd64 (12.2.0-14+deb12u1) ...
#24 10.37 Selecting previously unselected package libclang-common-14-dev.
#24 10.37 Preparing to unpack .../12-libclang-common-14-dev_1%3a14.0.6-12_all.deb ...
#24 10.37 Unpacking libclang-common-14-dev (1:14.0.6-12) ...
#24 10.45 Selecting previously unselected package llvm-14-linker-tools.
#24 10.45 Preparing to unpack .../13-llvm-14-linker-tools_1%3a14.0.6-12_amd64.deb ...
#24 10.46 Unpacking llvm-14-linker-tools (1:14.0.6-12) ...
#24 10.57 Selecting previously unselected package libclang1-14.
#24 10.57 Preparing to unpack .../14-libclang1-14_1%3a14.0.6-12_amd64.deb ...
#24 10.57 Unpacking libclang1-14 (1:14.0.6-12) ...
#24 10.93 Selecting previously unselected package clang-14.
#24 10.93 Preparing to unpack .../15-clang-14_1%3a14.0.6-12_amd64.deb ...
#24 10.93 Unpacking clang-14 (1:14.0.6-12) ...
#24 10.96 Selecting previously unselected package clang.
#24 10.96 Preparing to unpack .../16-clang_1%3a14.0-55.7~deb12u1_amd64.deb ...
#24 10.97 Unpacking clang (1:14.0-55.7~deb12u1) ...
#24 10.99 Selecting previously unselected package icu-devtools.
#24 10.99 Preparing to unpack .../17-icu-devtools_72.1-3+deb12u1_amd64.deb ...
#24 11.00 Unpacking icu-devtools (72.1-3+deb12u1) ...
#24 11.03 Selecting previously unselected package libc6-i386.
#24 11.03 Preparing to unpack .../18-libc6-i386_2.36-9+deb12u14_amd64.deb ...
#24 11.04 Unpacking libc6-i386 (2.36-9+deb12u14) ...
#24 11.22 Selecting previously unselected package lib32gcc-s1.
#24 11.22 Preparing to unpack .../19-lib32gcc-s1_12.2.0-14+deb12u1_amd64.deb ...
#24 11.23 Unpacking lib32gcc-s1 (12.2.0-14+deb12u1) ...
#24 11.26 Selecting previously unselected package lib32stdc++6.
#24 11.27 Preparing to unpack .../20-lib32stdc++6_12.2.0-14+deb12u1_amd64.deb ...
#24 11.27 Unpacking lib32stdc++6 (12.2.0-14+deb12u1) ...
#24 11.33 Selecting previously unselected package libbrotli1:amd64.
#24 11.33 Preparing to unpack .../21-libbrotli1_1.0.9-2+b6_amd64.deb ...
#24 11.33 Unpacking libbrotli1:amd64 (1.0.9-2+b6) ...
#24 11.37 Selecting previously unselected package libclang-rt-14-dev:amd64.
#24 11.37 Preparing to unpack .../22-libclang-rt-14-dev_1%3a14.0.6-12_amd64.deb ...
#24 11.37 Unpacking libclang-rt-14-dev:amd64 (1:14.0.6-12) ...
#24 11.57 Selecting previously unselected package libsasl2-modules-db:amd64.
#24 11.57 Preparing to unpack .../23-libsasl2-modules-db_2.1.28+dfsg-10_amd64.deb ...
#24 11.57 Unpacking libsasl2-modules-db:amd64 (2.1.28+dfsg-10) ...
#24 11.61 Selecting previously unselected package libsasl2-2:amd64.
#24 11.61 Preparing to unpack .../24-libsasl2-2_2.1.28+dfsg-10_amd64.deb ...
#24 11.61 Unpacking libsasl2-2:amd64 (2.1.28+dfsg-10) ...
#24 11.65 Selecting previously unselected package libldap-2.5-0:amd64.
#24 11.65 Preparing to unpack .../25-libldap-2.5-0_2.5.13+dfsg-5_amd64.deb ...
#24 11.66 Unpacking libldap-2.5-0:amd64 (2.5.13+dfsg-5) ...
#24 11.70 Selecting previously unselected package libnghttp2-14:amd64.
#24 11.70 Preparing to unpack .../26-libnghttp2-14_1.52.0-1+deb12u3_amd64.deb ...
#24 11.70 Unpacking libnghttp2-14:amd64 (1.52.0-1+deb12u3) ...
#24 11.74 Selecting previously unselected package libnspr4:amd64.
#24 11.74 Preparing to unpack .../27-libnspr4_2%3a4.35-1_amd64.deb ...
#24 11.75 Unpacking libnspr4:amd64 (2:4.35-1) ...
#24 11.79 Selecting previously unselected package libnss3:amd64.
#24 11.79 Preparing to unpack .../28-libnss3_2%3a3.87.1-1+deb12u3_amd64.deb ...
#24 11.80 Unpacking libnss3:amd64 (2:3.87.1-1+deb12u3) ...
#24 11.90 Selecting previously unselected package libpsl5:amd64.
#24 11.90 Preparing to unpack .../29-libpsl5_0.21.2-1_amd64.deb ...
#24 11.91 Unpacking libpsl5:amd64 (0.21.2-1) ...
#24 11.93 Selecting previously unselected package librtmp1:amd64.
#24 11.93 Preparing to unpack .../30-librtmp1_2.4+20151223.gitfa8646d.1-2+b2_amd64.deb ...
#24 11.93 Unpacking librtmp1:amd64 (2.4+20151223.gitfa8646d.1-2+b2) ...
#24 11.97 Selecting previously unselected package libssh2-1:amd64.
#24 11.97 Preparing to unpack .../31-libssh2-1_1.10.0-3+b1_amd64.deb ...
#24 11.97 Unpacking libssh2-1:amd64 (1.10.0-3+b1) ...
#24 12.00 Selecting previously unselected package nss-plugin-pem:amd64.
#24 12.00 Preparing to unpack .../32-nss-plugin-pem_1.0.8+1-1_amd64.deb ...
#24 12.00 Unpacking nss-plugin-pem:amd64 (1.0.8+1-1) ...
#24 12.03 Selecting previously unselected package libcurl3-nss:amd64.
#24 12.03 Preparing to unpack .../33-libcurl3-nss_7.88.1-10+deb12u15_amd64.deb ...
#24 12.03 Unpacking libcurl3-nss:amd64 (7.88.1-10+deb12u15) ...
#24 12.07 Selecting previously unselected package libffi-dev:amd64.
#24 12.07 Preparing to unpack .../34-libffi-dev_3.4.4-1_amd64.deb ...
#24 12.07 Unpacking libffi-dev:amd64 (3.4.4-1) ...
#24 12.09 Selecting previously unselected package libgpm2:amd64.
#24 12.09 Preparing to unpack .../35-libgpm2_1.20.7-10+b1_amd64.deb ...
#24 12.10 Unpacking libgpm2:amd64 (1.20.7-10+b1) ...
#24 12.11 Selecting previously unselected package libicu-dev:amd64.
#24 12.11 Preparing to unpack .../36-libicu-dev_72.1-3+deb12u1_amd64.deb ...
#24 12.12 Unpacking libicu-dev:amd64 (72.1-3+deb12u1) ...
#24 12.49 Selecting previously unselected package libldap-common.
#24 12.50 Preparing to unpack .../37-libldap-common_2.5.13+dfsg-5_all.deb ...
#24 12.50 Unpacking libldap-common (2.5.13+dfsg-5) ...
#24 12.52 Selecting previously unselected package libncurses6:amd64.
#24 12.53 Preparing to unpack .../38-libncurses6_6.4-4_amd64.deb ...
#24 12.53 Unpacking libncurses6:amd64 (6.4-4) ...
#24 12.55 Selecting previously unselected package libncurses-dev:amd64.
#24 12.55 Preparing to unpack .../39-libncurses-dev_6.4-4_amd64.deb ...
#24 12.56 Unpacking libncurses-dev:amd64 (6.4-4) ...
#24 12.60 Selecting previously unselected package libpfm4:amd64.
#24 12.60 Preparing to unpack .../40-libpfm4_4.13.0-1_amd64.deb ...
#24 12.60 Unpacking libpfm4:amd64 (4.13.0-1) ...
#24 12.64 Selecting previously unselected package libsasl2-modules:amd64.
#24 12.64 Preparing to unpack .../41-libsasl2-modules_2.1.28+dfsg-10_amd64.deb ...
#24 12.65 Unpacking libsasl2-modules:amd64 (2.1.28+dfsg-10) ...
#24 12.67 Selecting previously unselected package libtinfo-dev:amd64.
#24 12.67 Preparing to unpack .../42-libtinfo-dev_6.4-4_amd64.deb ...
#24 12.67 Unpacking libtinfo-dev:amd64 (6.4-4) ...
#24 12.70 Selecting previously unselected package libxml2-dev:amd64.
#24 12.70 Preparing to unpack .../43-libxml2-dev_2.9.14+dfsg-1.3~deb12u6_amd64.deb ...
#24 12.70 Unpacking libxml2-dev:amd64 (2.9.14+dfsg-1.3~deb12u6) ...
#24 12.77 Selecting previously unselected package libyaml-0-2:amd64.
#24 12.77 Preparing to unpack .../44-libyaml-0-2_0.2.5-1_amd64.deb ...
#24 12.77 Unpacking libyaml-0-2:amd64 (0.2.5-1) ...
#24 12.79 Selecting previously unselected package libz3-dev:amd64.
#24 12.79 Preparing to unpack .../45-libz3-dev_4.8.12-3.1_amd64.deb ...
#24 12.80 Unpacking libz3-dev:amd64 (4.8.12-3.1) ...
#24 12.82 Selecting previously unselected package llvm-14-runtime.
#24 12.83 Preparing to unpack .../46-llvm-14-runtime_1%3a14.0.6-12_amd64.deb ...
#24 12.83 Unpacking llvm-14-runtime (1:14.0.6-12) ...
#24 12.87 Selecting previously unselected package llvm-14.
#24 12.87 Preparing to unpack .../47-llvm-14_1%3a14.0.6-12_amd64.deb ...
#24 12.88 Unpacking llvm-14 (1:14.0.6-12) ...
#24 13.28 Selecting previously unselected package python3-pkg-resources.
#24 13.28 Preparing to unpack .../48-python3-pkg-resources_66.1.1-1+deb12u2_all.deb ...
#24 13.29 Unpacking python3-pkg-resources (66.1.1-1+deb12u2) ...
#24 13.33 Selecting previously unselected package python3-pygments.
#24 13.33 Preparing to unpack .../49-python3-pygments_2.14.0+dfsg-1_all.deb ...
#24 13.33 Unpacking python3-pygments (2.14.0+dfsg-1) ...
#24 13.40 Selecting previously unselected package python3-yaml.
#24 13.40 Preparing to unpack .../50-python3-yaml_6.0-3+b2_amd64.deb ...
#24 13.40 Unpacking python3-yaml (6.0-3+b2) ...
#24 13.43 Selecting previously unselected package llvm-14-tools.
#24 13.43 Preparing to unpack .../51-llvm-14-tools_1%3a14.0.6-12_amd64.deb ...
#24 13.43 Unpacking llvm-14-tools (1:14.0.6-12) ...
#24 13.51 Selecting previously unselected package llvm-14-dev.
#24 13.51 Preparing to unpack .../52-llvm-14-dev_1%3a14.0.6-12_amd64.deb ...
#24 13.51 Unpacking llvm-14-dev (1:14.0.6-12) ...
#24 14.13 Selecting previously unselected package make.
#24 14.14 Preparing to unpack .../53-make_4.3-4.1_amd64.deb ...
#24 14.14 Unpacking make (4.3-4.1) ...
#24 14.18 Selecting previously unselected package publicsuffix.
#24 14.18 Preparing to unpack .../54-publicsuffix_20230209.2326-1_all.deb ...
#24 14.18 Unpacking publicsuffix (20230209.2326-1) ...
#24 14.21 Selecting previously unselected package wabt.
#24 14.21 Preparing to unpack .../55-wabt_1.0.32-1_amd64.deb ...
#24 14.21 Unpacking wabt (1.0.32-1) ...
#24 14.37 Setting up media-types (10.0.0) ...
#24 14.38 Setting up libpipeline1:amd64 (1.5.7-1) ...
#24 14.39 Setting up libpsl5:amd64 (0.21.2-1) ...
#24 14.39 Setting up libgpm2:amd64 (1.20.7-10+b1) ...
#24 14.41 Setting up libicu72:amd64 (72.1-3+deb12u1) ...
#24 14.42 Setting up libyaml-0-2:amd64 (0.2.5-1) ...
#24 14.44 Setting up libbrotli1:amd64 (1.0.9-2+b6) ...
#24 14.45 Setting up libsqlite3-0:amd64 (3.40.1-2+deb12u2) ...
#24 14.46 Setting up libsasl2-modules:amd64 (2.1.28+dfsg-10) ...
#24 14.47 Setting up libnghttp2-14:amd64 (1.52.0-1+deb12u3) ...
#24 14.49 Setting up libffi-dev:amd64 (3.4.4-1) ...
#24 14.50 Setting up libldap-common (2.5.13+dfsg-5) ...
#24 14.51 Setting up libsasl2-modules-db:amd64 (2.1.28+dfsg-10) ...
#24 14.52 Setting up libz3-4:amd64 (4.8.12-3.1) ...
#24 14.53 Setting up libpfm4:amd64 (4.13.0-1) ...
#24 14.54 Setting up make (4.3-4.1) ...
#24 14.55 Setting up libnspr4:amd64 (2:4.35-1) ...
#24 14.56 Setting up librtmp1:amd64 (2.4+20151223.gitfa8646d.1-2+b2) ...
#24 14.57 Setting up libncurses6:amd64 (6.4-4) ...
#24 14.58 Setting up binfmt-support (2.2.2-2) ...
#24 14.60 invoke-rc.d: could not determine current runlevel
#24 14.60 invoke-rc.d: policy-rc.d denied execution of start.
#24 14.68 Setting up icu-devtools (72.1-3+deb12u1) ...
#24 14.69 Setting up wabt (1.0.32-1) ...
#24 14.70 Setting up libncursesw6:amd64 (6.4-4) ...
#24 14.71 Setting up libgc1:amd64 (1:8.2.2-3) ...
#24 14.72 Setting up libsasl2-2:amd64 (2.1.28+dfsg-10) ...
#24 14.73 Setting up libc6-i386 (2.36-9+deb12u14) ...
#24 14.74 Setting up libssh2-1:amd64 (1.10.0-3+b1) ...
#24 14.75 Setting up libc-dev-bin (2.36-9+deb12u14) ...
#24 14.77 Setting up libbsd0:amd64 (0.11.7-2) ...
#24 14.78 Setting up readline-common (8.2-1.3) ...
#24 14.89 Setting up publicsuffix (20230209.2326-1) ...
#24 15.03 Setting up libxml2:amd64 (2.9.14+dfsg-1.3~deb12u6) ...
#24 15.26 Setting up libz3-dev:amd64 (4.8.12-3.1) ...
#24 15.41 Setting up libedit2:amd64 (3.1-20221030-2) ...
#24 15.49 Setting up libreadline8:amd64 (8.2-1.3) ...
#24 15.58 Setting up libobjc4:amd64 (12.2.0-14+deb12u1) ...
#24 15.71 Setting up libnss3:amd64 (2:3.87.1-1+deb12u3) ...
#24 15.99 Setting up libldap-2.5-0:amd64 (2.5.13+dfsg-5) ...
#24 16.09 Setting up lib32gcc-s1 (12.2.0-14+deb12u1) ...
#24 16.25 Setting up lib32stdc++6 (12.2.0-14+deb12u1) ...
#24 16.41 Setting up libllvm14:amd64 (1:14.0.6-12) ...
#24 16.59 Setting up libobjc-12-dev:amd64 (12.2.0-14+deb12u1) ...
#24 16.60 Setting up libc6-dev:amd64 (2.36-9+deb12u14) ...
#24 16.61 Setting up llvm-14-linker-tools (1:14.0.6-12) ...
#24 16.62 Setting up libicu-dev:amd64 (72.1-3+deb12u1) ...
#24 16.63 Setting up libncurses-dev:amd64 (6.4-4) ...
#24 16.64 Setting up libstdc++-12-dev:amd64 (12.2.0-14+deb12u1) ...
#24 16.65 Setting up libpython3.11-stdlib:amd64 (3.11.2-6+deb12u8) ...
#24 16.66 Setting up nss-plugin-pem:amd64 (1.0.8+1-1) ...
#24 16.67 Setting up libclang1-14 (1:14.0.6-12) ...
#24 16.69 Setting up libxml2-dev:amd64 (2.9.14+dfsg-1.3~deb12u6) ...
#24 16.70 Setting up llvm-14-runtime (1:14.0.6-12) ...
#24 16.71 Setting up libclang-rt-14-dev:amd64 (1:14.0.6-12) ...
#24 16.72 Setting up libclang-common-14-dev (1:14.0.6-12) ...
#24 16.73 Setting up libclang-cpp14 (1:14.0.6-12) ...
#24 16.74 Setting up libcurl3-nss:amd64 (7.88.1-10+deb12u15) ...
#24 16.75 Setting up libpython3-stdlib:amd64 (3.11.2-1+b1) ...
#24 16.76 Setting up llvm-14 (1:14.0.6-12) ...
#24 16.77 Setting up libtinfo-dev:amd64 (6.4-4) ...
#24 16.78 Setting up python3.11 (3.11.2-6+deb12u8) ...
#24 17.25 Setting up clang-14 (1:14.0.6-12) ...
#24 17.26 Setting up python3 (3.11.2-1+b1) ...
#24 17.32 Setting up clang (1:14.0-55.7~deb12u1) ...
#24 17.34 Setting up python3-pkg-resources (66.1.1-1+deb12u2) ...
#24 17.51 Setting up python3-yaml (6.0-3+b2) ...
#24 17.60 Setting up python3-pygments (2.14.0+dfsg-1) ...
#24 18.12 Setting up llvm-14-tools (1:14.0.6-12) ...
#24 19.19 Setting up llvm-14-dev (1:14.0.6-12) ...
#24 19.63 Processing triggers for libc-bin (2.36-9+deb12u14) ...
#24 19.71     Updating crates.io index
#24 19.92  Downloading crates ...
#24 ...

#20 [prover-builder  3/16] RUN export DEBIAN_FRONTEND=noninteractive &&     apt-get update &&     apt-get install -y make wget gpg software-properties-common zlib1g-dev libstdc++-12-dev wabt
#20 10.26 Selecting previously unselected package make.
#20 10.26 Preparing to unpack .../61-make_4.3-4.1_amd64.deb ...
#20 10.26 Unpacking make (4.3-4.1) ...
#20 10.31 Selecting previously unselected package xml-core.
#20 10.31 Preparing to unpack .../62-xml-core_0.18+nmu1_all.deb ...
#20 10.31 Unpacking xml-core (0.18+nmu1) ...
#20 10.34 Selecting previously unselected package polkitd.
#20 10.34 Preparing to unpack .../63-polkitd_122-3_amd64.deb ...
#20 10.35 Unpacking polkitd (122-3) ...
#20 10.38 Selecting previously unselected package packagekit.
#20 10.38 Preparing to unpack .../64-packagekit_1.2.6-5+deb12u1_amd64.deb ...
#20 10.39 Unpacking packagekit (1.2.6-5+deb12u1) ...
#20 10.44 Selecting previously unselected package packagekit-tools.
#20 10.45 Preparing to unpack .../65-packagekit-tools_1.2.6-5+deb12u1_amd64.deb ...
#20 10.45 Unpacking packagekit-tools (1.2.6-5+deb12u1) ...
#20 10.48 Selecting previously unselected package publicsuffix.
#20 10.48 Preparing to unpack .../66-publicsuffix_20230209.2326-1_all.deb ...
#20 10.48 Unpacking publicsuffix (20230209.2326-1) ...
#20 10.51 Selecting previously unselected package python-apt-common.
#20 10.51 Preparing to unpack .../67-python-apt-common_2.6.0_all.deb ...
#20 10.52 Unpacking python-apt-common (2.6.0) ...
#20 10.57 Selecting previously unselected package python3-apt.
#20 10.57 Preparing to unpack .../68-python3-apt_2.6.0_amd64.deb ...
#20 10.57 Unpacking python3-apt (2.6.0) ...
#20 10.60 Selecting previously unselected package python3-blinker.
#20 10.60 Preparing to unpack .../69-python3-blinker_1.5-1_all.deb ...
#20 10.61 Unpacking python3-blinker (1.5-1) ...
#20 10.62 Selecting previously unselected package python3-cffi-backend:amd64.
#20 10.62 Preparing to unpack .../70-python3-cffi-backend_1.15.1-5+b1_amd64.deb ...
#20 10.63 Unpacking python3-cffi-backend:amd64 (1.15.1-5+b1) ...
#20 10.65 Selecting previously unselected package python3-cryptography.
#20 10.65 Preparing to unpack .../71-python3-cryptography_38.0.4-3+deb12u1_amd64.deb ...
#20 10.66 Unpacking python3-cryptography (38.0.4-3+deb12u1) ...
#20 10.73 Selecting previously unselected package python3-dbus.
#20 10.73 Preparing to unpack .../72-python3-dbus_1.3.2-4+b1_amd64.deb ...
#20 10.73 Unpacking python3-dbus (1.3.2-4+b1) ...
#20 10.77 Selecting previously unselected package python3-distro.
#20 10.77 Preparing to unpack .../73-python3-distro_1.8.0-1_all.deb ...
#20 10.77 Unpacking python3-distro (1.8.0-1) ...
#20 10.80 Selecting previously unselected package python3-gi.
#20 10.80 Preparing to unpack .../74-python3-gi_3.42.2-3+b1_amd64.deb ...
#20 10.80 Unpacking python3-gi (3.42.2-3+b1) ...
#20 10.84 Selecting previously unselected package python3-pyparsing.
#20 10.84 Preparing to unpack .../75-python3-pyparsing_3.0.9-1_all.deb ...
#20 10.84 Unpacking python3-pyparsing (3.0.9-1) ...
#20 10.87 Selecting previously unselected package python3-httplib2.
#20 10.87 Preparing to unpack .../76-python3-httplib2_0.20.4-3_all.deb ...
#20 10.87 Unpacking python3-httplib2 (0.20.4-3) ...
#20 10.90 Selecting previously unselected package python3-jwt.
#20 10.90 Preparing to unpack .../77-python3-jwt_2.6.0-1+deb12u1_all.deb ...
#20 10.91 Unpacking python3-jwt (2.6.0-1+deb12u1) ...
#20 10.94 Selecting previously unselected package python3-pkg-resources.
#20 10.94 Preparing to unpack .../78-python3-pkg-resources_66.1.1-1+deb12u2_all.deb ...
#20 10.94 Unpacking python3-pkg-resources (66.1.1-1+deb12u2) ...
#20 10.98 Selecting previously unselected package python3-lazr.uri.
#20 10.98 Preparing to unpack .../79-python3-lazr.uri_1.0.6-3_all.deb ...
#20 10.99 Unpacking python3-lazr.uri (1.0.6-3) ...
#20 11.02 Selecting previously unselected package python3-wadllib.
#20 11.02 Preparing to unpack .../80-python3-wadllib_1.3.6-4_all.deb ...
#20 11.02 Unpacking python3-wadllib (1.3.6-4) ...
#20 11.04 Selecting previously unselected package python3-oauthlib.
#20 11.04 Preparing to unpack .../81-python3-oauthlib_3.2.2-1_all.deb ...
#20 11.05 Unpacking python3-oauthlib (3.2.2-1) ...
#20 11.08 Selecting previously unselected package python3-six.
#20 11.08 Preparing to unpack .../82-python3-six_1.16.0-4_all.deb ...
#20 11.08 Unpacking python3-six (1.16.0-4) ...
#20 11.10 Selecting previously unselected package python3-lazr.restfulclient.
#20 11.10 Preparing to unpack .../83-python3-lazr.restfulclient_0.14.5-1_all.deb ...
#20 11.10 Unpacking python3-lazr.restfulclient (0.14.5-1) ...
#20 11.14 Selecting previously unselected package python3-software-properties.
#20 11.14 Preparing to unpack .../84-python3-software-properties_0.99.30-4.1~deb12u1_all.deb ...
#20 11.14 Unpacking python3-software-properties (0.99.30-4.1~deb12u1) ...
#20 11.17 Selecting previously unselected package software-properties-common.
#20 11.17 Preparing to unpack .../85-software-properties-common_0.99.30-4.1~deb12u1_all.deb ...
#20 11.17 Unpacking software-properties-common (0.99.30-4.1~deb12u1) ...
#20 11.21 Selecting previously unselected package wabt.
#20 11.21 Preparing to unpack .../86-wabt_1.0.32-1_amd64.deb ...
#20 11.22 Unpacking wabt (1.0.32-1) ...
#20 11.35 Selecting previously unselected package xdg-user-dirs.
#20 11.35 Preparing to unpack .../87-xdg-user-dirs_0.18-1_amd64.deb ...
#20 11.36 Unpacking xdg-user-dirs (0.18-1) ...
#20 11.39 Selecting previously unselected package zlib1g-dev:amd64.
#20 11.39 Preparing to unpack .../88-zlib1g-dev_1%3a1.2.13.dfsg-1_amd64.deb ...
#20 11.39 Unpacking zlib1g-dev:amd64 (1:1.2.13.dfsg-1) ...
#20 11.43 Setting up libksba8:amd64 (1.6.3-2) ...
#20 11.44 Setting up media-types (10.0.0) ...
#20 11.45 Setting up systemd-sysv (252.39-1~deb12u2) ...
#20 11.46 Setting up libpsl5:amd64 (0.21.2-1) ...
#20 11.47 Setting up libgpm2:amd64 (1.20.7-10+b1) ...
#20 11.48 Setting up libicu72:amd64 (72.1-3+deb12u1) ...
#20 11.49 Setting up wget (1.21.3-1+deb12u1) ...
#20 11.51 Setting up xdg-user-dirs (0.18-1) ...
#20 11.53 Setting up libstdc++-12-dev:amd64 (12.2.0-14+deb12u1) ...
#20 11.54 Setting up libyaml-0-2:amd64 (0.2.5-1) ...
#20 11.56 Setting up libglib2.0-0:amd64 (2.74.6-2+deb12u9) ...
#20 11.57 No schema files found: doing nothing.
#20 11.57 Setting up distro-info-data (0.58+deb12u7) ...
#20 11.58 Setting up libxmlb2:amd64 (0.3.22-1~deb12u1) ...
#20 11.60 Setting up libbrotli1:amd64 (1.0.9-2+b6) ...
#20 11.61 Setting up libsqlite3-0:amd64 (3.40.1-2+deb12u2) ...
#20 11.62 Setting up libsasl2-modules:amd64 (2.1.28+dfsg-10) ...
#20 11.63 Setting up libnghttp2-14:amd64 (1.52.0-1+deb12u3) ...
#20 11.65 Setting up libpackagekit-glib2-18:amd64 (1.2.6-5+deb12u1) ...
#20 11.66 Setting up libnss-systemd:amd64 (252.39-1~deb12u2) ...
#20 11.68 Setting up libnpth0:amd64 (1.6-3) ...
#20 11.69 Setting up libassuan0:amd64 (2.5.5-5) ...
#20 11.70 Setting up libldap-common (2.5.13+dfsg-5) ...
#20 11.71 Setting up libunwind8:amd64 (1.6.2-3) ...
#20 11.72 Setting up libsasl2-modules-db:amd64 (2.1.28+dfsg-10) ...
#20 11.74 Setting up libcap2-bin (1:2.66-4+deb12u3+b1) ...
#20 11.75 Setting up libglib2.0-data (2.74.6-2+deb12u9) ...
#20 11.77 Setting up make (4.3-4.1) ...
#20 11.78 Setting up gnupg-l10n (2.2.40-1.1+deb12u2) ...
#20 11.79 Setting up librtmp1:amd64 (2.4+20151223.gitfa8646d.1-2+b2) ...
#20 11.80 Setting up libdbus-1-3:amd64 (1.14.10-1~deb12u1) ...
#20 11.81 Setting up systemd-timesyncd (252.39-1~deb12u2) ...
#20 11.83 Creating group 'systemd-timesync' with GID 997.
#20 11.83 Creating user 'systemd-timesync' (systemd Time Synchronization) with UID 997 and GID 997.
#20 11.92 Created symlink /etc/systemd/system/dbus-org.freedesktop.timesync1.service → /lib/systemd/system/systemd-timesyncd.service.
#20 11.92 Created symlink /etc/systemd/system/sysinit.target.wants/systemd-timesyncd.service → /lib/systemd/system/systemd-timesyncd.service.
#20 11.92 Setting up wabt (1.0.32-1) ...
#20 11.93 Setting up libncursesw6:amd64 (6.4-4) ...
#20 11.94 Setting up libsasl2-2:amd64 (2.1.28+dfsg-10) ...
#20 11.95 Setting up zlib1g-dev:amd64 (1:1.2.13.dfsg-1) ...
#20 11.96 Setting up python-apt-common (2.6.0) ...
#20 11.97 Setting up libduktape207:amd64 (2.7.0-2) ...
#20 11.97 Setting up dbus-session-bus-common (1.14.10-1~deb12u1) ...
#20 11.98 Setting up libgirepository-1.0-1:amd64 (1.74.0-3) ...
#20 11.99 Setting up libssh2-1:amd64 (1.10.0-3+b1) ...
#20 12.00 Setting up sgml-base (1.31) ...
#20 12.02 Setting up libstemmer0d:amd64 (2.2.0-2) ...
#20 12.03 Setting up lsb-release (12.0-1) ...
#20 12.03 Setting up dbus-system-bus-common (1.14.10-1~deb12u1) ...
#20 12.09 Setting up libelf1:amd64 (0.188-2.1) ...
#20 12.09 Setting up libpam-cap:amd64 (1:2.66-4+deb12u3+b1) ...
#20 12.17 Setting up readline-common (8.2-1.3) ...
#20 12.18 Setting up publicsuffix (20230209.2326-1) ...
#20 12.19 Setting up libxml2:amd64 (2.9.14+dfsg-1.3~deb12u6) ...
#20 12.19 Setting up iso-codes (4.15.0-1) ...
#20 12.20 Setting up dbus-bin (1.14.10-1~deb12u1) ...
#20 12.20 Setting up libpolkit-gobject-1-0:amd64 (122-3) ...
#20 12.21 Setting up pinentry-curses (1.2.1-1) ...
#20 12.22 Setting up libdw1:amd64 (0.188-2.1) ...
#20 12.23 Setting up libreadline8:amd64 (8.2-1.3) ...
#20 12.23 Setting up libglib2.0-bin (2.74.6-2+deb12u9) ...
#20 12.24 Setting up dbus-daemon (1.14.10-1~deb12u1) ...
#20 12.25 Setting up libldap-2.5-0:amd64 (2.5.13+dfsg-5) ...
#20 12.25 Setting up dbus (1.14.10-1~deb12u1) ...
#20 12.27 invoke-rc.d: could not determine current runlevel
#20 12.27 invoke-rc.d: policy-rc.d denied execution of start.
#20 12.28 Setting up shared-mime-info (2.2-1) ...
#20 14.10 Setting up gir1.2-glib-2.0:amd64 (1.74.0-3) ...
#20 14.11 Setting up xml-core (0.18+nmu1) ...
#20 14.27 Setting up gpgconf (2.2.40-1.1+deb12u2) ...
#20 14.31 Setting up libpam-systemd:amd64 (252.39-1~deb12u2) ...
#20 14.43 Setting up libpolkit-agent-1-0:amd64 (122-3) ...
#20 14.45 Setting up gpg (2.2.40-1.1+deb12u2) ...
#20 14.46 Setting up libgstreamer1.0-0:amd64 (1.22.0-2+deb12u1) ...
#20 14.46 Setcap worked! gst-ptp-helper is not suid!
#20 14.47 Setting up gnupg-utils (2.2.40-1.1+deb12u2) ...
#20 14.48 Setting up gpg-agent (2.2.40-1.1+deb12u2) ...
#20 14.57 Created symlink /etc/systemd/user/sockets.target.wants/gpg-agent-browser.socket → /usr/lib/systemd/user/gpg-agent-browser.socket.
#20 14.64 Created symlink /etc/systemd/user/sockets.target.wants/gpg-agent-extra.socket → /usr/lib/systemd/user/gpg-agent-extra.socket.
#20 14.71 Created symlink /etc/systemd/user/sockets.target.wants/gpg-agent-ssh.socket → /usr/lib/systemd/user/gpg-agent-ssh.socket.
#20 14.78 Created symlink /etc/systemd/user/sockets.target.wants/gpg-agent.socket → /usr/lib/systemd/user/gpg-agent.socket.
#20 14.82 Setting up libpython3.11-stdlib:amd64 (3.11.2-6+deb12u8) ...
#20 14.96 Setting up gpgsm (2.2.40-1.1+deb12u2) ...
#20 15.19 Setting up libcurl3-gnutls:amd64 (7.88.1-10+deb12u15) ...
#20 15.40 Setting up libappstream4:amd64 (0.16.1-2+b1) ...
#20 15.48 Setting up dirmngr (2.2.40-1.1+deb12u2) ...
#20 15.59 Created symlink /etc/systemd/user/sockets.target.wants/dirmngr.socket → /usr/lib/systemd/user/dirmngr.socket.
#20 15.63 Setting up gir1.2-packagekitglib-1.0 (1.2.6-5+deb12u1) ...
#20 15.98 Setting up dbus-user-session (1.14.10-1~deb12u1) ...
#20 16.14 Setting up appstream (0.16.1-2+b1) ...
#20 16.40 ? Metadata cache was updated successfully.
#20 16.59 Setting up gpg-wks-server (2.2.40-1.1+deb12u2) ...
#20 16.60 Setting up libpython3-stdlib:amd64 (3.11.2-1+b1) ...
#20 16.61 Setting up python3.11 (3.11.2-6+deb12u8) ...
#20 17.08 Setting up gpg-wks-client (2.2.40-1.1+deb12u2) ...
#20 17.09 Setting up python3 (3.11.2-1+b1) ...
#20 17.15 Setting up python3-six (1.16.0-4) ...
#20 17.24 Setting up python3-pyparsing (3.0.9-1) ...
#20 17.35 Setting up python3-gi (3.42.2-3+b1) ...
#20 17.46 Setting up gnupg (2.2.40-1.1+deb12u2) ...
#20 17.47 Setting up python3-httplib2 (0.20.4-3) ...
#20 17.55 Setting up python3-cffi-backend:amd64 (1.15.1-5+b1) ...
#20 17.57 Setting up python3-blinker (1.5-1) ...
#20 17.64 Setting up python3-pkg-resources (66.1.1-1+deb12u2) ...
#20 17.86 Setting up python3-dbus (1.3.2-4+b1) ...
#20 17.98 Setting up python3-distro (1.8.0-1) ...
#20 18.21 Setting up python3-jwt (2.6.0-1+deb12u1) ...
#20 19.61 Setting up python3-apt (2.6.0) ...
#20 19.72 Setting up python3-lazr.uri (1.0.6-3) ...
#20 19.80 Setting up python3-cryptography (38.0.4-3+deb12u1) ...
#20 19.95 Setting up python3-wadllib (1.3.6-4) ...
#20 20.05 Setting up python3-oauthlib (3.2.2-1) ...
#20 20.16 Setting up python3-lazr.restfulclient (0.14.5-1) ...
#20 20.24 Setting up python3-software-properties (0.99.30-4.1~deb12u1) ...
#20 20.32 Processing triggers for libc-bin (2.36-9+deb12u13) ...
#20 20.34 Processing triggers for systemd (252.39-1~deb12u2) ...
#20 20.35 Processing triggers for sgml-base (1.31) ...
#20 ...

#27 [contracts-builder  3/15] RUN curl -L https://foundry.paradigm.xyz | bash && . ~/.bashrc && ~/.foundry/bin/foundryup -i 1.2.3
#27 0.177   % Total    % Received % Xferd  Average Speed   Time    Time     Time  Current
#27 0.177                                  Dload  Upload   Total   Spent    Left  Speed
#27 0.178   0     0    0     0    0     0      0      0 --:--:-- --:--:-- --:--:--     0100   167    0   167    0     0   2154      0 --:--:-- --:--:-- --:--:--  2168
#27 0.364 100  2198  100  2198    0     0  11761      0 --:--:-- --:--:-- --:--:-- 11761
#27 0.364 Installing foundryup...
#27 0.493 
#27 0.493 Detected your preferred shell is bash and added foundryup to PATH.
#27 0.493 Run 'source /root/.bashrc' or start a new terminal session to use foundryup.
#27 0.493 Then, simply run 'foundryup' to install Foundry.
#27 0.496 
#27 0.496 
#27 0.496 .xOx.xOx.xOx.xOx.xOx.xOx.xOx.xOx.xOx.xOx.xOx.xOx.xOx.xOx.xOx.xOx.xOx.xOx
#27 0.496 
#27 0.496  ╔═╗ ╔═╗ ╦ ╦ ╔╗╔ ╔╦╗ ╦═╗ ╦ ╦         Portable and modular toolkit
#27 0.496  ╠╣  ║ ║ ║ ║ ║║║  ║║ ╠╦╝ ╚╦╝    for Ethereum Application Development
#27 0.496  ╚   ╚═╝ ╚═╝ ╝╚╝ ═╩╝ ╩╚═  ╩                 written in Rust.
#27 0.496 
#27 0.496 .xOx.xOx.xOx.xOx.xOx.xOx.xOx.xOx.xOx.xOx.xOx.xOx.xOx.xOx.xOx.xOx.xOx.xOx
#27 0.496 
#27 0.496 Repo       : https://github.com/foundry-rs/foundry
#27 0.496 Book       : https://book.getfoundry.sh/
#27 0.496 Chat       : https://t.me/foundry_rs/
#27 0.496 Support    : https://t.me/foundry_support/
#27 0.496 Contribute : https://github.com/foundry-rs/foundry/blob/HEAD/CONTRIBUTING.md
#27 0.496 
#27 0.496 .xOx.xOx.xOx.xOx.xOx.xOx.xOx.xOx.xOx.xOx.xOx.xOx.xOx.xOx.xOx.xOx.xOx.xOx
#27 0.496 
#27 0.496 foundryup: checking if foundryup is up to date...
#27 0.568 foundryup: foundryup is up to date.
#27 0.568 foundryup: warning: Make sure no foundry process is running during the install process!
#27 0.568 foundryup: installing foundry (version v1.2.3, tag v1.2.3)
#27 0.571 foundryup: checking if forge, cast, anvil, chisel, and solar for v1.2.3 version are already installed
#27 ...

#20 [prover-builder  3/16] RUN export DEBIAN_FRONTEND=noninteractive &&     apt-get update &&     apt-get install -y make wget gpg software-properties-common zlib1g-dev libstdc++-12-dev wabt
#20 20.37 Setting up polkitd (122-3) ...
#20 20.38 Creating group 'polkitd' with GID 996.
#20 20.38 Creating user 'polkitd' (polkit) with UID 996 and GID 996.
#20 20.40 invoke-rc.d: could not determine current runlevel
#20 20.40 invoke-rc.d: policy-rc.d denied execution of reload.
#20 20.47 start-stop-daemon: unable to stat /usr/libexec/polkitd (No such file or directory)
#20 20.47 Setting up packagekit (1.2.6-5+deb12u1) ...
#20 20.51 invoke-rc.d: could not determine current runlevel
#20 20.51 invoke-rc.d: policy-rc.d denied execution of force-reload.
#20 20.51 Failed to open connection to "system" message bus: Failed to connect to socket /run/dbus/system_bus_socket: No such file or directory
#20 20.58 Created symlink /etc/systemd/user/sockets.target.wants/pk-debconf-helper.socket → /usr/lib/systemd/user/pk-debconf-helper.socket.
#20 20.59 Setting up packagekit-tools (1.2.6-5+deb12u1) ...
#20 20.60 Setting up software-properties-common (0.99.30-4.1~deb12u1) ...
#20 20.68 Processing triggers for dbus (1.14.10-1~deb12u1) ...
#20 DONE 20.8s

#27 [contracts-builder  3/15] RUN curl -L https://foundry.paradigm.xyz | bash && . ~/.bashrc && ~/.foundry/bin/foundryup -i 1.2.3
#27 0.730 ######################################################################## 100.0%
#27 0.733 foundryup: no attestation found for this release, skipping SHA verification
#27 0.733 foundryup: binaries not found or do not match expected hashes, downloading new binaries
#27 0.733 foundryup: downloading forge, cast, anvil, chisel, and solar for v1.2.3 version
#27 0.912 #=#=#                                                                         ##O#-#                                                                        #########                                                                 12.5%######################                                                    30.6%##################################                                        48.4%#############################################                             63.0%#####################################################                     74.7%##############################################################            87.4%######################################################################## 100.0%
#27 2.747 forge
#27 3.111 cast
#27 3.343 anvil
#27 3.464 chisel
#27 3.628 foundryup: downloading manpages
#27 3.744 #=#=#                                                                         ##O#-#                                                                        ######################################################################## 100.0%
#27 3.906 foundryup: no attestation found for these binaries, skipping SHA verification for downloaded binaries
#27 ...

#15 [brotli-library-builder 5/5] RUN apt-get update &&     apt-get install -y cmake make gcc git &&     ./scripts/build-brotli.sh -l -t /workspace/install/
#15 22.58 Selecting previously unselected package gcc.
#15 22.59 Preparing to unpack .../069-gcc_4%3a12.2.0-3_amd64.deb ...
#15 22.59 Unpacking gcc (4:12.2.0-3) ...
#15 22.62 Selecting previously unselected package libcurl3-gnutls:amd64.
#15 22.62 Preparing to unpack .../070-libcurl3-gnutls_7.88.1-10+deb12u15_amd64.deb ...
#15 22.62 Unpacking libcurl3-gnutls:amd64 (7.88.1-10+deb12u15) ...
#15 22.66 Selecting previously unselected package liberror-perl.
#15 22.66 Preparing to unpack .../071-liberror-perl_0.17029-2_all.deb ...
#15 22.67 Unpacking liberror-perl (0.17029-2) ...
#15 22.69 Selecting previously unselected package git-man.
#15 22.69 Preparing to unpack .../072-git-man_1%3a2.39.5-0+deb12u3_all.deb ...
#15 22.70 Unpacking git-man (1:2.39.5-0+deb12u3) ...
#15 22.77 Selecting previously unselected package git.
#15 22.77 Preparing to unpack .../073-git_1%3a2.39.5-0+deb12u3_amd64.deb ...
#15 22.78 Unpacking git (1:2.39.5-0+deb12u3) ...
#15 23.44 Selecting previously unselected package libabsl20220623:amd64.
#15 23.44 Preparing to unpack .../074-libabsl20220623_20220623.1-1+deb12u2_amd64.deb ...
#15 23.53 Unpacking libabsl20220623:amd64 (20220623.1-1+deb12u2) ...
#15 23.81 Selecting previously unselected package libaom3:amd64.
#15 23.81 Preparing to unpack .../075-libaom3_3.6.0-1+deb12u2_amd64.deb ...
#15 23.95 Unpacking libaom3:amd64 (3.6.0-1+deb12u2) ...
#15 24.41 Selecting previously unselected package libdav1d6:amd64.
#15 24.41 Preparing to unpack .../076-libdav1d6_1.0.0-2+deb12u1_amd64.deb ...
#15 24.47 Unpacking libdav1d6:amd64 (1.0.0-2+deb12u1) ...
#15 24.74 Selecting previously unselected package libgav1-1:amd64.
#15 24.74 Preparing to unpack .../077-libgav1-1_0.18.0-1+b1_amd64.deb ...
#15 24.74 Unpacking libgav1-1:amd64 (0.18.0-1+b1) ...
#15 24.79 Selecting previously unselected package librav1e0:amd64.
#15 24.79 Preparing to unpack .../078-librav1e0_0.5.1-6_amd64.deb ...
#15 24.79 Unpacking librav1e0:amd64 (0.5.1-6) ...
#15 24.86 Selecting previously unselected package libsvtav1enc1:amd64.
#15 24.86 Preparing to unpack .../079-libsvtav1enc1_1.4.1+dfsg-1_amd64.deb ...
#15 24.86 Unpacking libsvtav1enc1:amd64 (1.4.1+dfsg-1) ...
#15 24.99 Selecting previously unselected package libjpeg62-turbo:amd64.
#15 25.00 Preparing to unpack .../080-libjpeg62-turbo_1%3a2.1.5-2_amd64.deb ...
#15 25.00 Unpacking libjpeg62-turbo:amd64 (1:2.1.5-2) ...
#15 25.03 Selecting previously unselected package libyuv0:amd64.
#15 25.03 Preparing to unpack .../081-libyuv0_0.0~git20230123.b2528b0-1_amd64.deb ...
#15 25.04 Unpacking libyuv0:amd64 (0.0~git20230123.b2528b0-1) ...
#15 25.07 Selecting previously unselected package libavif15:amd64.
#15 25.07 Preparing to unpack .../082-libavif15_0.11.1-1+deb12u1_amd64.deb ...
#15 25.08 Unpacking libavif15:amd64 (0.11.1-1+deb12u1) ...
#15 25.10 Selecting previously unselected package libc-dev-bin.
#15 25.10 Preparing to unpack .../083-libc-dev-bin_2.36-9+deb12u14_amd64.deb ...
#15 25.12 Unpacking libc-dev-bin (2.36-9+deb12u14) ...
#15 25.15 Selecting previously unselected package libpng16-16:amd64.
#15 25.15 Preparing to unpack .../084-libpng16-16_1.6.39-2+deb12u5_amd64.deb ...
#15 25.15 Unpacking libpng16-16:amd64 (1.6.39-2+deb12u5) ...
#15 25.19 Selecting previously unselected package libfreetype6:amd64.
#15 25.19 Preparing to unpack .../085-libfreetype6_2.12.1+dfsg-5+deb12u4_amd64.deb ...
#15 25.19 Unpacking libfreetype6:amd64 (2.12.1+dfsg-5+deb12u4) ...
#15 25.24 Selecting previously unselected package libfontconfig1:amd64.
#15 25.24 Preparing to unpack .../086-libfontconfig1_2.14.1-4_amd64.deb ...
#15 25.24 Unpacking libfontconfig1:amd64 (2.14.1-4) ...
#15 25.27 Selecting previously unselected package libde265-0:amd64.
#15 25.27 Preparing to unpack .../087-libde265-0_1.0.11-1+deb12u2_amd64.deb ...
#15 25.28 Unpacking libde265-0:amd64 (1.0.11-1+deb12u2) ...
#15 25.32 Selecting previously unselected package libnuma1:amd64.
#15 25.32 Preparing to unpack .../088-libnuma1_2.0.16-1_amd64.deb ...
#15 25.32 Unpacking libnuma1:amd64 (2.0.16-1) ...
#15 25.35 Selecting previously unselected package libx265-199:amd64.
#15 25.35 Preparing to unpack .../089-libx265-199_3.5-2+b1_amd64.deb ...
#15 25.35 Unpacking libx265-199:amd64 (3.5-2+b1) ...
#15 25.44 Selecting previously unselected package libheif1:amd64.
#15 25.44 Preparing to unpack .../090-libheif1_1.15.1-1+deb12u1_amd64.deb ...
#15 25.45 Unpacking libheif1:amd64 (1.15.1-1+deb12u1) ...
#15 25.49 Selecting previously unselected package libdeflate0:amd64.
#15 25.49 Preparing to unpack .../091-libdeflate0_1.14-1_amd64.deb ...
#15 25.49 Unpacking libdeflate0:amd64 (1.14-1) ...
#15 25.52 Selecting previously unselected package libjbig0:amd64.
#15 25.53 Preparing to unpack .../092-libjbig0_2.1-6.1_amd64.deb ...
#15 25.53 Unpacking libjbig0:amd64 (2.1-6.1) ...
#15 25.56 Selecting previously unselected package liblerc4:amd64.
#15 25.56 Preparing to unpack .../093-liblerc4_4.0.0+ds-2_amd64.deb ...
#15 25.56 Unpacking liblerc4:amd64 (4.0.0+ds-2) ...
#15 25.60 Selecting previously unselected package libwebp7:amd64.
#15 25.60 Preparing to unpack .../094-libwebp7_1.2.4-0.2+deb12u1_amd64.deb ...
#15 25.61 Unpacking libwebp7:amd64 (1.2.4-0.2+deb12u1) ...
#15 25.65 Selecting previously unselected package libtiff6:amd64.
#15 25.65 Preparing to unpack .../095-libtiff6_4.5.0-6+deb12u4_amd64.deb ...
#15 25.65 Unpacking libtiff6:amd64 (4.5.0-6+deb12u4) ...
#15 25.69 Selecting previously unselected package libxau6:amd64.
#15 25.69 Preparing to unpack .../096-libxau6_1%3a1.0.9-1_amd64.deb ...
#15 25.69 Unpacking libxau6:amd64 (1:1.0.9-1) ...
#15 25.72 Selecting previously unselected package libxdmcp6:amd64.
#15 25.72 Preparing to unpack .../097-libxdmcp6_1%3a1.1.2-3_amd64.deb ...
#15 25.72 Unpacking libxdmcp6:amd64 (1:1.1.2-3) ...
#15 25.75 Selecting previously unselected package libxcb1:amd64.
#15 25.75 Preparing to unpack .../098-libxcb1_1.15-1_amd64.deb ...
#15 25.76 Unpacking libxcb1:amd64 (1.15-1) ...
#15 25.78 Selecting previously unselected package libx11-data.
#15 25.78 Preparing to unpack .../099-libx11-data_2%3a1.8.4-2+deb12u2_all.deb ...
#15 25.79 Unpacking libx11-data (2:1.8.4-2+deb12u2) ...
#15 25.94 Selecting previously unselected package libx11-6:amd64.
#15 25.94 Preparing to unpack .../100-libx11-6_2%3a1.8.4-2+deb12u2_amd64.deb ...
#15 26.00 Unpacking libx11-6:amd64 (2:1.8.4-2+deb12u2) ...
#15 26.13 Selecting previously unselected package libxpm4:amd64.
#15 26.13 Preparing to unpack .../101-libxpm4_1%3a3.5.12-1.1+deb12u1_amd64.deb ...
#15 26.15 Unpacking libxpm4:amd64 (1:3.5.12-1.1+deb12u1) ...
#15 27.77 Selecting previously unselected package libgd3:amd64.
#15 27.77 Preparing to unpack .../102-libgd3_2.3.3-9_amd64.deb ...
#15 27.77 Unpacking libgd3:amd64 (2.3.3-9) ...
#15 27.81 Selecting previously unselected package libc-devtools.
#15 27.81 Preparing to unpack .../103-libc-devtools_2.36-9+deb12u14_amd64.deb ...
#15 27.81 Unpacking libc-devtools (2.36-9+deb12u14) ...
#15 27.84 Selecting previously unselected package linux-libc-dev:amd64.
#15 27.84 Preparing to unpack .../104-linux-libc-dev_6.1.177-1_amd64.deb ...
#15 27.84 Unpacking linux-libc-dev:amd64 (6.1.177-1) ...
#15 27.94 Selecting previously unselected package libcrypt-dev:amd64.
#15 27.94 Preparing to unpack .../105-libcrypt-dev_1%3a4.4.33-2_amd64.deb ...
#15 27.95 Unpacking libcrypt-dev:amd64 (1:4.4.33-2) ...
#15 27.97 Selecting previously unselected package libtirpc-common.
#15 27.97 Preparing to unpack .../106-libtirpc-common_1.3.3+ds-1_all.deb ...
#15 27.97 Unpacking libtirpc-common (1.3.3+ds-1) ...
#15 28.00 Selecting previously unselected package libtirpc3:amd64.
#15 28.00 Preparing to unpack .../107-libtirpc3_1.3.3+ds-1_amd64.deb ...
#15 28.00 Unpacking libtirpc3:amd64 (1.3.3+ds-1) ...
#15 28.03 Selecting previously unselected package libnsl2:amd64.
#15 28.03 Preparing to unpack .../108-libnsl2_1.3.0-2_amd64.deb ...
#15 28.03 Unpacking libnsl2:amd64 (1.3.0-2) ...
#15 28.05 Selecting previously unselected package libtirpc-dev:amd64.
#15 28.06 Preparing to unpack .../109-libtirpc-dev_1.3.3+ds-1_amd64.deb ...
#15 28.06 Unpacking libtirpc-dev:amd64 (1.3.3+ds-1) ...
#15 28.10 Selecting previously unselected package libnsl-dev:amd64.
#15 28.10 Preparing to unpack .../110-libnsl-dev_1.3.0-2_amd64.deb ...
#15 28.10 Unpacking libnsl-dev:amd64 (1.3.0-2) ...
#15 28.17 Selecting previously unselected package rpcsvc-proto.
#15 28.17 Preparing to unpack .../111-rpcsvc-proto_1.4.3-1_amd64.deb ...
#15 28.18 Unpacking rpcsvc-proto (1.4.3-1) ...
#15 28.21 Selecting previously unselected package libc6-dev:amd64.
#15 28.21 Preparing to unpack .../112-libc6-dev_2.36-9+deb12u14_amd64.deb ...
#15 28.22 Unpacking libc6-dev:amd64 (2.36-9+deb12u14) ...
#15 28.35 Selecting previously unselected package libgpm2:amd64.
#15 28.35 Preparing to unpack .../113-libgpm2_1.20.7-10+b1_amd64.deb ...
#15 28.35 Unpacking libgpm2:amd64 (1.20.7-10+b1) ...
#15 28.38 Selecting previously unselected package libldap-common.
#15 28.38 Preparing to unpack .../114-libldap-common_2.5.13+dfsg-5_all.deb ...
#15 28.39 Unpacking libldap-common (2.5.13+dfsg-5) ...
#15 28.42 Selecting previously unselected package libsasl2-modules:amd64.
#15 28.42 Preparing to unpack .../115-libsasl2-modules_2.1.28+dfsg-10_amd64.deb ...
#15 28.43 Unpacking libsasl2-modules:amd64 (2.1.28+dfsg-10) ...
#15 28.46 Selecting previously unselected package libxext6:amd64.
#15 28.46 Preparing to unpack .../116-libxext6_2%3a1.3.4-1+b1_amd64.deb ...
#15 28.47 Unpacking libxext6:amd64 (2:1.3.4-1+b1) ...
#15 28.49 Selecting previously unselected package libxmuu1:amd64.
#15 28.50 Preparing to unpack .../117-libxmuu1_2%3a1.1.3-3_amd64.deb ...
#15 28.50 Unpacking libxmuu1:amd64 (2:1.1.3-3) ...
#15 28.52 Selecting previously unselected package make.
#15 28.52 Preparing to unpack .../118-make_4.3-4.1_amd64.deb ...
#15 28.53 Unpacking make (4.3-4.1) ...
#15 28.57 Selecting previously unselected package manpages-dev.
#15 28.57 Preparing to unpack .../119-manpages-dev_6.03-2_all.deb ...
#15 28.57 Unpacking manpages-dev (6.03-2) ...
#15 28.70 Selecting previously unselected package patch.
#15 28.70 Preparing to unpack .../120-patch_2.7.6-7_amd64.deb ...
#15 28.70 Unpacking patch (2.7.6-7) ...
#15 28.74 Selecting previously unselected package psmisc.
#15 28.74 Preparing to unpack .../121-psmisc_23.6-1_amd64.deb ...
#15 28.74 Unpacking psmisc (23.6-1) ...
#15 28.77 Selecting previously unselected package publicsuffix.
#15 28.78 Preparing to unpack .../122-publicsuffix_20230209.2326-1_all.deb ...
#15 28.78 Unpacking publicsuffix (20230209.2326-1) ...
#15 28.80 Selecting previously unselected package xauth.
#15 28.80 Preparing to unpack .../123-xauth_1%3a1.1.2-1_amd64.deb ...
#15 28.81 Unpacking xauth (1:1.1.2-1) ...
#15 28.84 Setting up libexpat1:amd64 (2.5.0-1+deb12u2) ...
#15 28.85 Setting up libaom3:amd64 (3.6.0-1+deb12u2) ...
#15 28.94 Setting up libabsl20220623:amd64 (20220623.1-1+deb12u2) ...
#15 28.94 Setting up libxau6:amd64 (1:1.0.9-1) ...
#15 28.95 Setting up libkeyutils1:amd64 (1.6.3-2) ...
#15 28.97 Setting up libpsl5:amd64 (0.21.2-1) ...
#15 28.98 Setting up libgpm2:amd64 (1.20.7-10+b1) ...
#15 28.99 Setting up libicu72:amd64 (72.1-3+deb12u1) ...
#15 28.99 Setting up liblerc4:amd64 (4.0.0+ds-2) ...
#15 29.00 Setting up psmisc (23.6-1) ...
#15 29.01 Setting up manpages (6.03-2) ...
#15 29.02 Setting up libtirpc-common (1.3.3+ds-1) ...
#15 29.03 Setting up libcbor0.8:amd64 (0.8.0-2+b1) ...
#15 29.04 Setting up libbrotli1:amd64 (1.0.9-2+b6) ...
#15 29.05 Setting up binutils-common:amd64 (2.40-2) ...
#15 29.06 Setting up libssl3:amd64 (3.0.20-1~deb12u2) ...
#15 29.07 Setting up libnghttp2-14:amd64 (1.52.0-1+deb12u3) ...
#15 29.07 Setting up libdeflate0:amd64 (1.14-1) ...
#15 29.08 Setting up less (590-2.1~deb12u2) ...
#15 29.10 Setting up linux-libc-dev:amd64 (6.1.177-1) ...
#15 29.11 Setting up libctf-nobfd0:amd64 (2.40-2) ...
#15 29.11 Setting up krb5-locales (1.20.1-2+deb12u5) ...
#15 29.12 Setting up libsvtav1enc1:amd64 (1.4.1+dfsg-1) ...
#15 29.13 Setting up libgomp1:amd64 (12.2.0-14+deb12u1) ...
#15 29.13 Setting up libldap-common (2.5.13+dfsg-5) ...
#15 29.14 Setting up libjbig0:amd64 (2.1-6.1) ...
#15 29.15 Setting up librav1e0:amd64 (0.5.1-6) ...
#15 29.16 Setting up libjansson4:amd64 (2.14-2) ...
#15 29.16 Setting up libkrb5support0:amd64 (1.20.1-2+deb12u5) ...
#15 29.17 Setting up libsasl2-modules-db:amd64 (2.1.28+dfsg-10) ...
#15 29.18 Setting up perl-modules-5.36 (5.36.0-7+deb12u3) ...
#15 29.19 Setting up libuv1:amd64 (1.44.2-1+deb12u1) ...
#15 29.20 Setting up rpcsvc-proto (1.4.3-1) ...
#15 29.21 Setting up libjpeg62-turbo:amd64 (1:2.1.5-2) ...
#15 29.22 Setting up libx11-data (2:1.8.4-2+deb12u2) ...
#15 29.23 Setting up make (4.3-4.1) ...
#15 29.23 Setting up libmpfr6:amd64 (4.2.0-1) ...
#15 29.24 Setting up librtmp1:amd64 (2.4+20151223.gitfa8646d.1-2+b2) ...
#15 29.25 Setting up libquadmath0:amd64 (12.2.0-14+deb12u1) ...
#15 29.26 Setting up libproc2-0:amd64 (2:4.0.2-3) ...
#15 29.27 Setting up libpng16-16:amd64 (1.6.39-2+deb12u5) ...
#15 29.27 Setting up libmpc3:amd64 (1.3.1-1) ...
#15 29.29 Setting up libatomic1:amd64 (12.2.0-14+deb12u1) ...
#15 29.30 Setting up patch (2.7.6-7) ...
#15 29.31 Setting up libjsoncpp25:amd64 (1.9.5-4) ...
#15 29.32 Setting up fonts-dejavu-core (2.37-6) ...
#15 29.35 Setting up libgav1-1:amd64 (0.18.0-1+b1) ...
#15 29.36 Setting up libncursesw6:amd64 (6.4-4) ...
#15 29.37 Setting up libk5crypto3:amd64 (1.20.1-2+deb12u5) ...
#15 29.38 Setting up libdav1d6:amd64 (1.0.0-2+deb12u1) ...
#15 29.39 Setting up libsasl2-2:amd64 (2.1.28+dfsg-10) ...
#15 29.39 Setting up libwebp7:amd64 (1.2.4-0.2+deb12u1) ...
#15 29.40 Setting up libubsan1:amd64 (12.2.0-14+deb12u1) ...
#15 29.40 Setting up libnuma1:amd64 (2.0.16-1) ...
#15 29.41 Setting up librhash0:amd64 (1.4.3-3) ...
#15 29.42 Setting up libcrypt-dev:amd64 (1:4.4.33-2) ...
#15 29.43 Setting up libtiff6:amd64 (4.5.0-6+deb12u4) ...
#15 29.43 Setting up libasan8:amd64 (12.2.0-14+deb12u1) ...
#15 29.44 Setting up procps (2:4.0.2-3) ...
#15 29.46 Setting up git-man (1:2.39.5-0+deb12u3) ...
#15 29.47 Setting up libssh2-1:amd64 (1.10.0-3+b1) ...
#15 29.48 Setting up netbase (6.4) ...
#15 29.50 Setting up cmake-data (3.25.1-1) ...
#15 29.51 Setting up libkrb5-3:amd64 (1.20.1-2+deb12u5) ...
#15 29.51 Setting up libtsan2:amd64 (12.2.0-14+deb12u1) ...
#15 29.52 Setting up libbinutils:amd64 (2.40-2) ...
#15 29.54 Setting up libfido2-1:amd64 (1.12.0-2+b1) ...
#15 29.55 Setting up libisl23:amd64 (0.25-1.1) ...
#15 29.56 Setting up libde265-0:amd64 (1.0.11-1+deb12u2) ...
#15 29.57 Setting up libc-dev-bin (2.36-9+deb12u14) ...
#15 29.58 Setting up openssl (3.0.20-1~deb12u2) ...
#15 29.59 Setting up libbsd0:amd64 (0.11.7-2) ...
#15 29.60 Setting up libyuv0:amd64 (0.0~git20230123.b2528b0-1) ...
#15 29.61 Setting up publicsuffix (20230209.2326-1) ...
#15 29.62 Setting up libxml2:amd64 (2.9.14+dfsg-1.3~deb12u6) ...
#15 29.63 Setting up libcc1-0:amd64 (12.2.0-14+deb12u1) ...
#15 29.65 Setting up liblsan0:amd64 (12.2.0-14+deb12u1) ...
#15 29.66 Setting up libitm1:amd64 (12.2.0-14+deb12u1) ...
#15 29.67 Setting up libgdbm6:amd64 (1.23-3) ...
#15 29.69 Setting up libctf0:amd64 (2.40-2) ...
#15 29.70 Setting up manpages-dev (6.03-2) ...
#15 29.71 Setting up libxdmcp6:amd64 (1:1.1.2-3) ...
#15 29.72 Setting up cpp-12 (12.2.0-14+deb12u1) ...
#15 29.73 Setting up libxcb1:amd64 (1.15-1) ...
#15 29.74 Setting up libavif15:amd64 (0.11.1-1+deb12u1) ...
#15 29.75 Setting up libarchive13:amd64 (3.6.2-1+deb12u4) ...
#15 29.76 Setting up fontconfig-config (2.14.1-4) ...
#15 29.82 debconf: unable to initialize frontend: Dialog
#15 29.82 debconf: (TERM is not set, so the dialog frontend is not usable.)
#15 29.82 debconf: falling back to frontend: Readline
#15 29.82 debconf: unable to initialize frontend: Readline
#15 29.82 debconf: (This frontend requires a controlling tty.)
#15 29.82 debconf: falling back to frontend: Teletype
#15 29.90 Setting up libedit2:amd64 (3.1-20221030-2) ...
#15 29.91 Setting up libsasl2-modules:amd64 (2.1.28+dfsg-10) ...
#15 29.93 Setting up libldap-2.5-0:amd64 (2.5.13+dfsg-5) ...
#15 29.94 Setting up ca-certificates (20230311+deb12u1) ...
#15 30.03 debconf: unable to initialize frontend: Dialog
#15 30.03 debconf: (TERM is not set, so the dialog frontend is not usable.)
#15 30.03 debconf: falling back to frontend: Readline
#15 30.04 debconf: unable to initialize frontend: Readline
#15 30.04 debconf: (This frontend requires a controlling tty.)
#15 30.04 debconf: falling back to frontend: Teletype
#15 30.55 Updating certificates in /etc/ssl/certs...
#15 31.19 142 added, 0 removed; done.
#15 31.22 Setting up libgprofng0:amd64 (2.40-2) ...
#15 31.28 Setting up libfreetype6:amd64 (2.12.1+dfsg-5+deb12u4) ...
#15 31.29 Setting up libgcc-12-dev:amd64 (12.2.0-14+deb12u1) ...
#15 31.29 Setting up libgssapi-krb5-2:amd64 (1.20.1-2+deb12u5) ...
#15 31.30 Setting up libgdbm-compat4:amd64 (1.23-3) ...
#15 31.31 Setting up libx265-199:amd64 (3.5-2+b1) ...
#15 31.31 Setting up cpp (4:12.2.0-3) ...
#15 31.32 Setting up libcurl4:amd64 (7.88.1-10+deb12u15) ...
#15 31.33 Setting up libx11-6:amd64 (2:1.8.4-2+deb12u2) ...
#15 31.34 Setting up libfontconfig1:amd64 (2.14.1-4) ...
#15 31.35 Setting up libperl5.36:amd64 (5.36.0-7+deb12u3) ...
#15 31.36 Setting up libxmuu1:amd64 (2:1.1.3-3) ...
#15 31.36 Setting up binutils-x86-64-linux-gnu (2.40-2) ...
#15 31.37 Setting up libtirpc3:amd64 (1.3.3+ds-1) ...
#15 31.39 Setting up libxpm4:amd64 (1:3.5.12-1.1+deb12u1) ...
#15 31.39 Setting up openssh-client (1:9.2p1-2+deb12u10) ...
#15 31.45 Setting up libheif1:amd64 (1.15.1-1+deb12u1) ...
#15 31.45 Setting up libxext6:amd64 (2:1.3.4-1+b1) ...
#15 31.46 Setting up libcurl3-gnutls:amd64 (7.88.1-10+deb12u15) ...
#15 31.47 Setting up binutils (2.40-2) ...
#15 31.48 Setting up perl (5.36.0-7+deb12u3) ...
#15 31.49 Setting up libtirpc-dev:amd64 (1.3.3+ds-1) ...
#15 31.50 Setting up gcc-12 (12.2.0-14+deb12u1) ...
#15 31.51 Setting up libgd3:amd64 (2.3.3-9) ...
#15 31.51 Setting up xauth (1:1.1.2-1) ...
#15 31.52 Setting up libnsl2:amd64 (1.3.0-2) ...
#15 31.53 Setting up cmake (3.25.1-1) ...
#15 31.53 Setting up libc-devtools (2.36-9+deb12u14) ...
#15 31.54 Setting up gcc (4:12.2.0-3) ...
#15 31.56 Setting up liberror-perl (0.17029-2) ...
#15 31.57 Setting up git (1:2.39.5-0+deb12u3) ...
#15 31.58 Setting up libnsl-dev:amd64 (1.3.0-2) ...
#15 31.59 Setting up libc6-dev:amd64 (2.36-9+deb12u14) ...
#15 31.60 Processing triggers for libc-bin (2.36-9+deb12u14) ...
#15 31.62 Processing triggers for ca-certificates (20230311+deb12u1) ...
#15 31.62 Updating certificates in /etc/ssl/certs...
#15 31.93 0 added, 0 removed; done.
#15 31.93 Running hooks in /etc/ca-certificates/update.d...
#15 31.93 done.
#15 31.97 CMake Deprecation Warning at CMakeLists.txt:5 (cmake_minimum_required):
#15 31.97   Compatibility with CMake < 2.8.12 will be removed from a future version of
#15 31.97   CMake.
#15 31.97 
#15 31.97   Update the VERSION argument <min> value or use a ...<max> suffix to tell
#15 31.97   CMake that the project does not need compatibility with older versions.
#15 31.97 
#15 31.97 
#15 32.01 -- The C compiler identification is GNU 12.2.0
#15 32.02 -- Detecting C compiler ABI info
#15 32.07 -- Detecting C compiler ABI info - done
#15 32.08 -- Check for working C compiler: /usr/bin/cc - skipped
#15 32.08 -- Detecting C compile features
#15 32.08 -- Detecting C compile features - done
#15 32.08 -- Build type is 'Release'
#15 32.08 -- Performing Test BROTLI_EMSCRIPTEN
#15 32.13 -- Performing Test BROTLI_EMSCRIPTEN - Failed
#15 32.13 -- Compiler is not EMSCRIPTEN
#15 32.13 -- Looking for log2
#15 32.27 -- Looking for log2 - not found
#15 32.27 -- Looking for log2
#15 32.39 -- Looking for log2 - found
#15 32.41 -- Configuring done
#15 32.44 -- Generating done
#15 32.45 CMake Warning:
#15 32.45   Manually-specified variables were not used by the project:
#15 32.45 
#15 32.45     CMAKE_POLICY_VERSION_MINIMUM
#15 32.45 
#15 32.45 
#15 32.45 -- Build files have been written to: /workspace/brotli/buildfiles/build-local
#15 32.49 [  8%] Building C object CMakeFiles/brotlicommon.dir/c/common/shared_dictionary.c.o
#15 32.49 [ 11%] Building C object CMakeFiles/brotlicommon.dir/c/common/platform.c.o
#15 32.49 [ 12%] Building C object CMakeFiles/brotlicommon-static.dir/c/common/dictionary.c.o
#15 32.49 [ 11%] Building C object CMakeFiles/brotlicommon-static.dir/c/common/platform.c.o
#15 32.49 [ 11%] Building C object CMakeFiles/brotlicommon.dir/c/common/constants.c.o
#15 32.49 [ 12%] Building C object CMakeFiles/brotlicommon.dir/c/common/transform.c.o
#15 32.49 [ 11%] Building C object CMakeFiles/brotlicommon-static.dir/c/common/context.c.o
#15 32.49 [ 11%] Building C object CMakeFiles/brotlicommon.dir/c/common/context.c.o
#15 32.49 [ 11%] Building C object CMakeFiles/brotlicommon-static.dir/c/common/transform.c.o
#15 32.49 [ 14%] Building C object CMakeFiles/brotlicommon-static.dir/c/common/shared_dictionary.c.o
#15 32.49 [ 15%] Building C object CMakeFiles/brotlicommon.dir/c/common/dictionary.c.o
#15 32.49 [ 17%] Building C object CMakeFiles/brotlicommon-static.dir/c/common/constants.c.o
#15 32.69 [ 18%] Linking C static library libbrotlicommon-static.a
#15 32.71 [ 20%] Linking C shared library libbrotlicommon.so
#15 32.73 [ 20%] Built target brotlicommon-static
#15 32.76 [ 21%] Building C object CMakeFiles/brotlidec-static.dir/c/dec/bit_reader.c.o
#15 32.76 [ 22%] Building C object CMakeFiles/brotlidec-static.dir/c/dec/decode.c.o
#15 32.76 [ 24%] Building C object CMakeFiles/brotlidec-static.dir/c/dec/huffman.c.o
#15 32.77 [ 27%] Building C object CMakeFiles/brotlidec-static.dir/c/dec/state.c.o
#15 32.77 [ 27%] Building C object CMakeFiles/brotlienc-static.dir/c/enc/backward_references.c.o
#15 32.78 [ 28%] Building C object CMakeFiles/brotlienc-static.dir/c/enc/bit_cost.c.o
#15 32.78 [ 30%] Building C object CMakeFiles/brotlienc-static.dir/c/enc/backward_references_hq.c.o
#15 32.80 [ 31%] Building C object CMakeFiles/brotlienc-static.dir/c/enc/block_splitter.c.o
#15 32.81 [ 32%] Building C object CMakeFiles/brotlienc-static.dir/c/enc/brotli_bit_stream.c.o
#15 32.82 [ 32%] Built target brotlicommon
#15 32.83 [ 34%] Building C object CMakeFiles/brotlienc-static.dir/c/enc/command.c.o
#15 32.84 [ 35%] Building C object CMakeFiles/brotlienc-static.dir/c/enc/compound_dictionary.c.o
#15 32.85 [ 37%] Building C object CMakeFiles/brotlienc-static.dir/c/enc/compress_fragment.c.o
#15 32.85 [ 38%] Building C object CMakeFiles/brotlienc-static.dir/c/enc/compress_fragment_two_pass.c.o
#15 32.86 [ 40%] Building C object CMakeFiles/brotlienc-static.dir/c/enc/cluster.c.o
#15 32.87 [ 41%] Building C object CMakeFiles/brotlidec.dir/c/dec/bit_reader.c.o
#15 32.88 [ 42%] Building C object CMakeFiles/brotlienc.dir/c/enc/backward_references.c.o
#15 32.88 [ 44%] Building C object CMakeFiles/brotlidec.dir/c/dec/decode.c.o
#15 32.90 [ 45%] Building C object CMakeFiles/brotlienc.dir/c/enc/backward_references_hq.c.o
#15 32.91 [ 47%] Building C object CMakeFiles/brotlienc.dir/c/enc/bit_cost.c.o
#15 32.92 [ 48%] Building C object CMakeFiles/brotlienc-static.dir/c/enc/dictionary_hash.c.o
#15 32.92 [ 50%] Building C object CMakeFiles/brotlienc-static.dir/c/enc/encode.c.o
#15 32.92 [ 51%] Building C object CMakeFiles/brotlidec.dir/c/dec/huffman.c.o
#15 32.92 [ 52%] Building C object CMakeFiles/brotlienc.dir/c/enc/block_splitter.c.o
#15 32.93 [ 54%] Building C object CMakeFiles/brotlienc-static.dir/c/enc/entropy_encode.c.o
#15 32.93 [ 55%] Building C object CMakeFiles/brotlienc-static.dir/c/enc/encoder_dict.c.o
#15 32.93 [ 57%] Building C object CMakeFiles/brotlienc-static.dir/c/enc/fast_log.c.o
#15 32.95 [ 58%] Building C object CMakeFiles/brotlienc.dir/c/enc/cluster.c.o
#15 32.95 [ 60%] Building C object CMakeFiles/brotlienc.dir/c/enc/brotli_bit_stream.c.o
#15 32.96 [ 62%] Building C object CMakeFiles/brotlienc-static.dir/c/enc/histogram.c.o
#15 32.96 [ 62%] Building C object CMakeFiles/brotlidec.dir/c/dec/state.c.o
#15 32.97 [ 64%] Building C object CMakeFiles/brotlienc.dir/c/enc/compound_dictionary.c.o
#15 32.98 [ 65%] Building C object CMakeFiles/brotlienc.dir/c/enc/command.c.o
#15 33.00 [ 67%] Building C object CMakeFiles/brotlienc.dir/c/enc/compress_fragment.c.o
#15 33.03 [ 68%] Building C object CMakeFiles/brotlienc-static.dir/c/enc/literal_cost.c.o
#15 33.04 [ 70%] Building C object CMakeFiles/brotlienc.dir/c/enc/compress_fragment_two_pass.c.o
#15 33.06 [ 72%] Building C object CMakeFiles/brotlienc-static.dir/c/enc/metablock.c.o
#15 33.06 [ 72%] Building C object CMakeFiles/brotlienc-static.dir/c/enc/memory.c.o
#15 33.07 [ 74%] Building C object CMakeFiles/brotlienc-static.dir/c/enc/static_dict.c.o
#15 33.08 [ 75%] Building C object CMakeFiles/brotlienc.dir/c/enc/encode.c.o
#15 33.09 [ 77%] Building C object CMakeFiles/brotlienc.dir/c/enc/dictionary_hash.c.o
#15 33.10 [ 78%] Building C object CMakeFiles/brotlienc.dir/c/enc/encoder_dict.c.o
#15 33.10 [ 80%] Building C object CMakeFiles/brotlienc.dir/c/enc/entropy_encode.c.o
#15 33.14 [ 81%] Building C object CMakeFiles/brotlienc-static.dir/c/enc/utf8_util.c.o
#15 33.16 [ 82%] Building C object CMakeFiles/brotlienc.dir/c/enc/fast_log.c.o
#15 33.21 [ 84%] Building C object CMakeFiles/brotlienc.dir/c/enc/literal_cost.c.o
#15 33.21 [ 85%] Building C object CMakeFiles/brotlienc.dir/c/enc/histogram.c.o
#15 33.25 [ 87%] Building C object CMakeFiles/brotlienc.dir/c/enc/memory.c.o
#15 33.37 [ 88%] Building C object CMakeFiles/brotlienc.dir/c/enc/static_dict.c.o
#15 33.37 [ 90%] Building C object CMakeFiles/brotlienc.dir/c/enc/metablock.c.o
#15 33.42 [ 91%] Building C object CMakeFiles/brotlienc.dir/c/enc/utf8_util.c.o
#15 ...

#27 [contracts-builder  3/15] RUN curl -L https://foundry.paradigm.xyz | bash && . ~/.bashrc && ~/.foundry/bin/foundryup -i 1.2.3
#27 4.399 foundryup: warning: Make sure no foundry process is running during the install process!
#27 4.436 foundryup: use - forge 1.2.3-v1.2.3 (a813a2cee7 2025-06-08T14:03:06.325571356Z)
#27 4.478 foundryup: use - cast 1.2.3-v1.2.3 (a813a2cee7 2025-06-08T14:03:06.325571356Z)
#27 4.497 foundryup: use - anvil 1.2.3-v1.2.3 (a813a2cee7 2025-06-08T14:03:06.325571356Z)
#27 4.515 foundryup: use - chisel 1.2.3-v1.2.3 (a813a2cee7 2025-06-08T14:03:06.325571356Z)
#27 DONE 5.5s

#19 [brotli-wasm-builder 3/6] RUN apt-get update &&     apt-get install -y cmake make git lbzip2 python3 xz-utils &&     git clone --depth 1 --branch 3.1.46 https://github.com/emscripten-core/emsdk.git &&     test "$(git -C emsdk rev-parse HEAD)" = "93360d3670018769b424e4e8f1d3d9b26d32c977" &&     cd emsdk &&     ./emsdk install 3.1.7 &&     ./emsdk activate 3.1.7
#19 29.25 142 added, 0 removed; done.
#19 29.28 Setting up libgprofng0:amd64 (2.40-2) ...
#19 29.29 Setting up libfreetype6:amd64 (2.12.1+dfsg-5+deb12u4) ...
#19 29.30 Setting up libgcc-12-dev:amd64 (12.2.0-14+deb12u1) ...
#19 29.31 Setting up libgssapi-krb5-2:amd64 (1.20.1-2+deb12u5) ...
#19 29.32 Setting up libgdbm-compat4:amd64 (1.23-3) ...
#19 29.33 Setting up libx265-199:amd64 (3.5-2+b1) ...
#19 29.34 Setting up cpp (4:12.2.0-3) ...
#19 29.36 Setting up libcurl4:amd64 (7.88.1-10+deb12u15) ...
#19 29.37 Setting up libx11-6:amd64 (2:1.8.4-2+deb12u2) ...
#19 29.37 Setting up libfontconfig1:amd64 (2.14.1-4) ...
#19 29.38 Setting up libperl5.36:amd64 (5.36.0-7+deb12u3) ...
#19 29.39 Setting up libxmuu1:amd64 (2:1.1.3-3) ...
#19 29.40 Setting up binutils-x86-64-linux-gnu (2.40-2) ...
#19 29.42 Setting up libtirpc3:amd64 (1.3.3+ds-1) ...
#19 29.43 Setting up libxpm4:amd64 (1:3.5.12-1.1+deb12u1) ...
#19 29.44 Setting up openssh-client (1:9.2p1-2+deb12u10) ...
#19 29.49 Setting up libheif1:amd64 (1.15.1-1+deb12u1) ...
#19 29.50 Setting up libxext6:amd64 (2:1.3.4-1+b1) ...
#19 29.51 Setting up libcurl3-gnutls:amd64 (7.88.1-10+deb12u15) ...
#19 29.52 Setting up binutils (2.40-2) ...
#19 29.53 Setting up perl (5.36.0-7+deb12u3) ...
#19 29.54 Setting up libtirpc-dev:amd64 (1.3.3+ds-1) ...
#19 29.56 Setting up gcc-12 (12.2.0-14+deb12u1) ...
#19 29.57 Setting up libgd3:amd64 (2.3.3-9) ...
#19 29.59 Setting up xauth (1:1.1.2-1) ...
#19 29.60 Setting up libnsl2:amd64 (1.3.0-2) ...
#19 29.61 Setting up cmake (3.25.1-1) ...
#19 29.62 Setting up libc-devtools (2.36-9+deb12u14) ...
#19 29.63 Setting up libpython3.11-stdlib:amd64 (3.11.2-6+deb12u8) ...
#19 29.64 Setting up gcc (4:12.2.0-3) ...
#19 29.66 Setting up liberror-perl (0.17029-2) ...
#19 29.67 Setting up git (1:2.39.5-0+deb12u3) ...
#19 29.69 Setting up libnsl-dev:amd64 (1.3.0-2) ...
#19 29.70 Setting up libc6-dev:amd64 (2.36-9+deb12u14) ...
#19 29.71 Setting up libpython3-stdlib:amd64 (3.11.2-1+b1) ...
#19 29.72 Setting up python3.11 (3.11.2-6+deb12u8) ...
#19 30.17 Setting up python3 (3.11.2-1+b1) ...
#19 30.18 running python rtupdate hooks for python3.11...
#19 30.18 running python post-rtupdate hooks for python3.11...
#19 30.23 Processing triggers for libc-bin (2.36-9+deb12u14) ...
#19 30.25 Processing triggers for ca-certificates (20230311+deb12u1) ...
#19 30.26 Updating certificates in /etc/ssl/certs...
#19 30.46 0 added, 0 removed; done.
#19 30.46 Running hooks in /etc/ca-certificates/update.d...
#19 30.46 done.
#19 30.50 Cloning into 'emsdk'...
#19 30.80 Note: switching to '93360d3670018769b424e4e8f1d3d9b26d32c977'.
#19 30.80 
#19 30.80 You are in 'detached HEAD' state. You can look around, make experimental
#19 30.80 changes and commit them, and you can discard any commits you make in this
#19 30.80 state without impacting any branches by switching back to a branch.
#19 30.80 
#19 30.80 If you want to create a new branch to retain commits you create, you may
#19 30.80 do so (now or later) by using -c with the switch command. Example:
#19 30.80 
#19 30.80   git switch -c <new-branch-name>
#19 30.80 
#19 30.80 Or undo this operation with:
#19 30.80 
#19 30.80   git switch -
#19 30.80 
#19 30.80 Turn off this advice by setting config variable advice.detachedHead to false
#19 30.80 
#19 31.24 Resolving SDK version '3.1.7' to 'sdk-releases-d0e637fe48197587d981f79e8114757731d0c2a9-64bit'
#19 31.24 Installing SDK 'sdk-releases-d0e637fe48197587d981f79e8114757731d0c2a9-64bit'..
#19 31.24 Installing tool 'node-16.20.0-64bit'..
#19 31.24 Downloading: /workspace/emsdk/downloads/node-v16.20.0-linux-x64.tar.xz from https://storage.googleapis.com/webassembly/emscripten-releases-builds/deps/node-v16.20.0-linux-x64.tar.xz, 22559772 Bytes
#19 31.24  [----------------------------------------------------------------------------]
#19 33.54 Unpacking '/workspace/emsdk/downloads/node-v16.20.0-linux-x64.tar.xz' to '/workspace/emsdk/node/16.20.0_64bit'
#19 33.54 Done installing tool 'node-16.20.0-64bit'.
#19 33.54 Installing tool 'releases-d0e637fe48197587d981f79e8114757731d0c2a9-64bit'..
#19 33.54 Downloading: /workspace/emsdk/downloads/d0e637fe48197587d981f79e8114757731d0c2a9-wasm-binaries.tbz2 from https://storage.googleapis.com/webassembly/emscripten-releases-builds/linux/d0e637fe48197587d981f79e8114757731d0c2a9/wasm-binaries.tbz2, 294244629 Bytes
#19 33.54  [-------------
#19 ...

#28 [contracts-builder  4/15] WORKDIR /workspace
#28 DONE 0.1s

#29 [contracts-builder  5/15] COPY contracts-legacy/package.json contracts-legacy/yarn.lock contracts-legacy/
#29 DONE 0.1s

#19 [brotli-wasm-builder 3/6] RUN apt-get update &&     apt-get install -y cmake make git lbzip2 python3 xz-utils &&     git clone --depth 1 --branch 3.1.46 https://github.com/emscripten-core/emsdk.git &&     test "$(git -C emsdk rev-parse HEAD)" = "93360d3670018769b424e4e8f1d3d9b26d32c977" &&     cd emsdk &&     ./emsdk install 3.1.7 &&     ./emsdk activate 3.1.7
#19 33.54  [---------------
#19 ...

#24 [prover-header-builder  3/11] RUN export DEBIAN_FRONTEND=noninteractive &&     apt-get update &&     apt-get install -y make clang wabt &&     cargo install --force cbindgen --version 0.29.2
#24 20.45   Downloaded cbindgen v0.29.2
#24 20.59   Installing cbindgen v0.29.2
#24 20.60     Updating crates.io index
#24 21.17      Locking 50 packages to latest compatible versions
#24 21.18       Adding syn v2.0.119 (available: v3.0.3)
#24 21.18       Adding toml v0.9.12+spec-1.1.0 (available: v1.1.3+spec-1.1.0)
#24 21.18  Downloading crates ...
#24 21.38   Downloaded anstyle-query v1.1.5
#24 21.39   Downloaded anstyle v1.0.14
#24 21.41   Downloaded bitflags v2.13.1
#24 21.42   Downloaded cfg-if v1.0.4
#24 21.43   Downloaded clap v4.6.4
#24 21.44   Downloaded clap_lex v1.1.0
#24 21.45   Downloaded anstyle-parse v1.0.0
#24 21.45   Downloaded quote v1.0.47
#24 21.45   Downloaded utf8parse v0.2.2
#24 21.46   Downloaded strsim v0.11.1
#24 21.46   Downloaded is_terminal_polyfill v1.70.2
#24 21.46   Downloaded heck v0.5.0
#24 21.46   Downloaded serde_spanned v1.1.1
#24 21.47   Downloaded equivalent v1.0.2
#24 21.47   Downloaded colorchoice v1.0.5
#24 21.47   Downloaded itoa v1.0.18
#24 21.47   Downloaded errno v0.3.14
#24 21.48   Downloaded anstream v1.0.0
#24 21.48   Downloaded fastrand v2.5.0
#24 21.48   Downloaded zmij v1.0.23
#24 21.49   Downloaded toml_writer v1.1.2+spec-1.1.0
#24 21.52   Downloaded toml_parser v1.1.2+spec-1.1.0
#24 21.52   Downloaded toml_datetime v0.7.5+spec-1.1.0
#24 21.52   Downloaded tempfile v3.27.0
#24 21.52   Downloaded log v0.4.33
#24 21.52   Downloaded unicode-ident v1.0.24
#24 21.53   Downloaded serde_derive v1.0.229
#24 21.53   Downloaded memchr v2.8.3
#24 21.53   Downloaded serde_core v1.0.229
#24 21.54   Downloaded indexmap v2.14.0
#24 21.54   Downloaded serde v1.0.229
#24 21.54   Downloaded serde_json v1.0.151
#24 21.55   Downloaded winnow v1.0.4
#24 21.56   Downloaded winnow v0.7.15
#24 21.57   Downloaded hashbrown v0.17.1
#24 21.57   Downloaded clap_builder v4.6.2
#24 21.58   Downloaded toml v0.9.12+spec-1.1.0
#24 21.58   Downloaded syn v2.0.119
#24 21.59   Downloaded proc-macro2 v1.0.107
#24 21.59   Downloaded syn v3.0.3
#24 21.60   Downloaded getrandom v0.4.3
#24 21.60   Downloaded once_cell v1.21.4
#24 21.61   Downloaded rustix v1.1.4
#24 21.63   Downloaded libc v0.2.189
#24 21.67   Downloaded linux-raw-sys v0.12.1
#24 21.73    Compiling serde_core v1.0.229
#24 21.73    Compiling proc-macro2 v1.0.107
#24 21.73    Compiling quote v1.0.47
#24 21.73    Compiling unicode-ident v1.0.24
#24 21.73    Compiling libc v0.2.189
#24 21.73    Compiling utf8parse v0.2.2
#24 21.73    Compiling anstyle v1.0.14
#24 21.74    Compiling zmij v1.0.23
#24 21.74    Compiling colorchoice v1.0.5
#24 21.74    Compiling anstyle-query v1.1.5
#24 21.74    Compiling getrandom v0.4.3
#24 21.74    Compiling is_terminal_polyfill v1.70.2
#24 21.74    Compiling rustix v1.1.4
#24 21.74    Compiling cfg-if v1.0.4
#24 21.74    Compiling serde v1.0.229
#24 21.74    Compiling linux-raw-sys v0.12.1
#24 21.74    Compiling bitflags v2.13.1
#24 21.78    Compiling anstyle-parse v1.0.0
#24 21.79    Compiling strsim v0.11.1
#24 21.79    Compiling serde_json v1.0.151
#24 21.80    Compiling winnow v1.0.4
#24 21.81    Compiling clap_lex v1.1.0
#24 21.82    Compiling memchr v2.8.3
#24 21.82    Compiling winnow v0.7.15
#24 21.88    Compiling fastrand v2.5.0
#24 21.89    Compiling itoa v1.0.18
#24 21.90    Compiling anstream v1.0.0
#24 21.91    Compiling equivalent v1.0.2
#24 21.94    Compiling once_cell v1.21.4
#24 21.94    Compiling cbindgen v0.29.2
#24 21.95    Compiling hashbrown v0.17.1
#24 22.00    Compiling log v0.4.33
#24 22.06    Compiling heck v0.5.0
#24 22.13    Compiling clap_builder v4.6.2
#24 22.13    Compiling toml_parser v1.1.2+spec-1.1.0
#24 22.55    Compiling syn v3.0.3
#24 22.58    Compiling indexmap v2.14.0
#24 22.64    Compiling syn v2.0.119
#24 23.54    Compiling tempfile v3.27.0
#24 23.83    Compiling serde_derive v1.0.229
#24 24.16    Compiling toml_datetime v0.7.5+spec-1.1.0
#24 24.16    Compiling serde_spanned v1.1.1
#24 24.28    Compiling toml v0.9.12+spec-1.1.0
#24 24.35    Compiling clap v4.6.4
#24 ...

#19 [brotli-wasm-builder 3/6] RUN apt-get update &&     apt-get install -y cmake make git lbzip2 python3 xz-utils &&     git clone --depth 1 --branch 3.1.46 https://github.com/emscripten-core/emsdk.git &&     test "$(git -C emsdk rev-parse HEAD)" = "93360d3670018769b424e4e8f1d3d9b26d32c977" &&     cd emsdk &&     ./emsdk install 3.1.7 &&     ./emsdk activate 3.1.7
#19 33.54  [----------------------------------------------------------------------------]
#19 ...

#30 [prover-builder  4/16] RUN wget -O - https://apt.llvm.org/llvm-snapshot.gpg.key | apt-key add - &&     add-apt-repository 'deb http://apt.llvm.org/bookworm/ llvm-toolchain-bookworm-15 main' &&     apt-get update &&     apt-get install -y llvm-15-dev libclang-common-15-dev
#30 0.189 --2026-07-23 10:37:50--  https://apt.llvm.org/llvm-snapshot.gpg.key
#30 0.195 Resolving apt.llvm.org (apt.llvm.org)... Warning: apt-key is deprecated. Manage keyring files in trusted.gpg.d instead (see apt-key(8)).
#30 0.241 151.101.46.49, 2a04:4e42:b::561
#30 0.241 Connecting to apt.llvm.org (apt.llvm.org)|151.101.46.49|:443... connected.
#30 0.297 HTTP request sent, awaiting response... 200 OK
#30 0.461 Length: 3167 (3.1K) [application/octet-stream]
#30 0.461 Saving to: 'STDOUT'
#30 0.461 
#30 0.461      0K ...                                                   100%  128M=0s
#30 0.462 
#30 0.462 2026-07-23 10:37:50 (128 MB/s) - written to stdout [3167/3167]
#30 0.462 
#30 0.733 OK
#30 0.991 Hit:1 http://deb.debian.org/debian bookworm InRelease
#30 1.000 Hit:2 http://deb.debian.org/debian bookworm-updates InRelease
#30 1.019 Hit:3 http://deb.debian.org/debian-security bookworm-security InRelease
#30 1.110 Get:4 http://deb.debian.org/debian bookworm/main amd64 DEP-11 Metadata [4492 kB]
#30 3.298 Fetched 4492 kB in 1s (3356 kB/s)
#30 3.298 Reading package lists...
#30 4.115 Repository: 'deb http://apt.llvm.org/bookworm/ llvm-toolchain-bookworm-15 main'
#30 4.115 Description:
#30 4.115 Archive for codename: llvm-toolchain-bookworm-15 components: main
#30 4.115 More info: http://apt.llvm.org/bookworm/
#30 4.115 Adding repository.
#30 4.115 Adding deb entry to /etc/apt/sources.list.d/archive_uri-http_apt_llvm_org_bookworm_-bookworm.list
#30 4.115 Adding disabled deb-src entry to /etc/apt/sources.list.d/archive_uri-http_apt_llvm_org_bookworm_-bookworm.list
#30 4.220 Hit:1 http://deb.debian.org/debian bookworm InRelease
#30 4.241 Hit:2 http://deb.debian.org/debian bookworm-updates InRelease
#30 4.262 Hit:3 http://deb.debian.org/debian-security bookworm-security InRelease
#30 4.770 Reading package lists...
#30 5.451 Reading package lists...
#30 6.130 Building dependency tree...
#30 6.338 Reading state information...
#30 6.717 The following additional packages will be installed:
#30 6.717   icu-devtools lib32gcc-s1 lib32stdc++6 libbsd0 libc-bin libc-dev-bin libc6
#30 6.717   libc6-dev libc6-i386 libclang-cpp15 libcurl3-nss libedit2 libffi-dev
#30 6.718   libicu-dev libllvm15 libncurses-dev libncurses6 libnspr4 libnss3 libpfm4
#30 6.718   libtinfo-dev libxml2-dev libz3-4 libz3-dev llvm-15 llvm-15-linker-tools
#30 6.720   llvm-15-runtime llvm-15-tools nss-plugin-pem python3-pygments python3-yaml
#30 6.724 Suggested packages:
#30 6.724   glibc-doc libc-l10n locales libnss-nis libnss-nisplus manpages-dev icu-doc
#30 6.724   ncurses-doc pkg-config llvm-15-doc python-pygments-doc ttf-bitstream-vera
#30 6.724 Recommended packages:
#30 6.724   manpages manpages-dev libc-devtools
#30 6.940 The following NEW packages will be installed:
#30 6.941   icu-devtools lib32gcc-s1 lib32stdc++6 libbsd0 libc6-i386
#30 6.941   libclang-common-15-dev libclang-cpp15 libcurl3-nss libedit2 libffi-dev
#30 6.942   libicu-dev libllvm15 libncurses-dev libncurses6 libnspr4 libnss3 libpfm4
#30 6.942   libtinfo-dev libxml2-dev libz3-4 libz3-dev llvm-15 llvm-15-dev
#30 6.942   llvm-15-linker-tools llvm-15-runtime llvm-15-tools nss-plugin-pem
#30 6.943   python3-pygments python3-yaml
#30 6.945 The following packages will be upgraded:
#30 6.947   libc-bin libc-dev-bin libc6 libc6-dev
#30 7.031 4 upgraded, 29 newly installed, 0 to remove and 15 not upgraded.
#30 7.031 Need to get 123 MB of archives.
#30 7.031 After this operation, 720 MB of additional disk space will be used.
#30 7.031 Get:1 http://deb.debian.org/debian bookworm/main amd64 libc6-dev amd64 2.36-9+deb12u14 [1904 kB]
#30 7.175 Get:2 http://deb.debian.org/debian bookworm/main amd64 libc-dev-bin amd64 2.36-9+deb12u14 [48.1 kB]
#30 7.194 Get:3 http://deb.debian.org/debian bookworm/main amd64 libc6 amd64 2.36-9+deb12u14 [2759 kB]
#30 7.266 Get:4 http://deb.debian.org/debian bookworm/main amd64 libc-bin amd64 2.36-9+deb12u14 [609 kB]
#30 7.283 Get:5 http://deb.debian.org/debian bookworm/main amd64 icu-devtools amd64 72.1-3+deb12u1 [206 kB]
#30 7.306 Get:6 http://deb.debian.org/debian bookworm/main amd64 libc6-i386 amd64 2.36-9+deb12u14 [2458 kB]
#30 7.369 Get:7 http://deb.debian.org/debian bookworm/main amd64 lib32gcc-s1 amd64 12.2.0-14+deb12u1 [59.7 kB]
#30 7.369 Get:8 http://deb.debian.org/debian bookworm/main amd64 lib32stdc++6 amd64 12.2.0-14+deb12u1 [643 kB]
#30 7.394 Get:9 http://deb.debian.org/debian bookworm/main amd64 libbsd0 amd64 0.11.7-2 [117 kB]
#30 7.396 Get:10 http://deb.debian.org/debian bookworm/main amd64 libedit2 amd64 3.1-20221030-2 [93.0 kB]
#30 7.398 Get:11 http://deb.debian.org/debian bookworm/main amd64 libz3-4 amd64 4.8.12-3.1 [7216 kB]
#30 7.763 Get:12 http://deb.debian.org/debian bookworm/main amd64 libllvm15 amd64 1:15.0.6-4+b1 [23.1 MB]
#30 9.729 Get:13 http://deb.debian.org/debian bookworm/main amd64 libclang-common-15-dev amd64 1:15.0.6-4+b1 [5855 kB]
#30 10.52 Get:14 http://deb.debian.org/debian bookworm/main amd64 libclang-cpp15 amd64 1:15.0.6-4+b1 [11.6 MB]
#30 11.73 Get:15 http://deb.debian.org/debian bookworm/main amd64 libnspr4 amd64 2:4.35-1 [113 kB]
#30 11.74 Get:16 http://deb.debian.org/debian-security bookworm-security/main amd64 libnss3 amd64 2:3.87.1-1+deb12u3 [1332 kB]
#30 11.87 Get:17 http://deb.debian.org/debian bookworm/main amd64 nss-plugin-pem amd64 1.0.8+1-1 [54.6 kB]
#30 11.87 Get:18 http://deb.debian.org/debian bookworm/main amd64 libcurl3-nss amd64 7.88.1-10+deb12u15 [396 kB]
#30 11.90 Get:19 http://deb.debian.org/debian bookworm/main amd64 libffi-dev amd64 3.4.4-1 [59.4 kB]
#30 11.93 Get:20 http://deb.debian.org/debian bookworm/main amd64 libicu-dev amd64 72.1-3+deb12u1 [10.3 MB]
#30 12.78 Get:21 http://deb.debian.org/debian bookworm/main amd64 libncurses6 amd64 6.4-4 [103 kB]
#30 12.79 Get:22 http://deb.debian.org/debian bookworm/main amd64 libncurses-dev amd64 6.4-4 [349 kB]
#30 12.83 Get:23 http://deb.debian.org/debian bookworm/main amd64 libpfm4 amd64 4.13.0-1 [294 kB]
#30 12.86 Get:24 http://deb.debian.org/debian bookworm/main amd64 libtinfo-dev amd64 6.4-4 [924 B]
#30 12.86 Get:25 http://deb.debian.org/debian bookworm/main amd64 libxml2-dev amd64 2.9.14+dfsg-1.3~deb12u6 [785 kB]
#30 12.91 Get:26 http://deb.debian.org/debian bookworm/main amd64 libz3-dev amd64 4.8.12-3.1 [90.6 kB]
#30 12.94 Get:27 http://deb.debian.org/debian bookworm/main amd64 llvm-15-runtime amd64 1:15.0.6-4+b1 [495 kB]
#30 13.02 Get:28 http://deb.debian.org/debian bookworm/main amd64 llvm-15-linker-tools amd64 1:15.0.6-4+b1 [1299 kB]
#30 13.12 Get:29 http://deb.debian.org/debian bookworm/main amd64 llvm-15 amd64 1:15.0.6-4+b1 [12.6 MB]
#30 14.00 Get:30 http://deb.debian.org/debian bookworm/main amd64 python3-pygments all 2.14.0+dfsg-1 [783 kB]
#30 14.05 Get:31 http://deb.debian.org/debian bookworm/main amd64 python3-yaml amd64 6.0-3+b2 [119 kB]
#30 14.06 Get:32 http://deb.debian.org/debian bookworm/main amd64 llvm-15-tools amd64 1:15.0.6-4+b1 [436 kB]
#30 ...

#19 [brotli-wasm-builder 3/6] RUN apt-get update &&     apt-get install -y cmake make git lbzip2 python3 xz-utils &&     git clone --depth 1 --branch 3.1.46 https://github.com/emscripten-core/emsdk.git &&     test "$(git -C emsdk rev-parse HEAD)" = "93360d3670018769b424e4e8f1d3d9b26d32c977" &&     cd emsdk &&     ./emsdk install 3.1.7 &&     ./emsdk activate 3.1.7
#19 44.17 Unpacking '/workspace/emsdk/downloads/d0e637fe48197587d981f79e8114757731d0c2a9-wasm-binaries.tbz2' to '/workspace/emsdk/upstream'
#19 44.17 Done installing tool 'releases-d0e637fe48197587d981f79e8114757731d0c2a9-64bit'.
#19 44.17 Done installing SDK 'sdk-releases-d0e637fe48197587d981f79e8114757731d0c2a9-64bit'.
#19 44.25 Resolving SDK version '3.1.7' to 'sdk-releases-d0e637fe48197587d981f79e8114757731d0c2a9-64bit'
#19 44.25 Setting the following tools as active:
#19 44.25    node-16.20.0-64bit
#19 44.25    releases-d0e637fe48197587d981f79e8114757731d0c2a9-64bit
#19 44.25 
#19 44.25 Next steps:
#19 44.25 - To conveniently access emsdk tools from the command line,
#19 44.25   consider adding the following directories to your PATH:
#19 44.25     /workspace/emsdk
#19 44.25     /workspace/emsdk/node/16.20.0_64bit/bin
#19 44.25     /workspace/emsdk/upstream/emscripten
#19 44.25 - This can be done for the current shell by running:
#19 44.25     source "/workspace/emsdk/emsdk_env.sh"
#19 44.25 - Configure emsdk in your shell startup scripts by running:
#19 44.25     echo 'source "/workspace/emsdk/emsdk_env.sh"' >> $HOME/.bash_profile
#19 ...

#31 [contracts-builder  6/15] RUN cd contracts-legacy && yarn install
#31 0.816 yarn install v1.22.22
#31 0.852 warning package.json: License should be a valid SPDX license expression
#31 0.948 warning @arbitrum/nitro-contracts@2.1.3: License should be a valid SPDX license expression
#31 0.950 [1/4] Resolving packages...
#31 1.251 (node:6) [DEP0169] DeprecationWarning: `url.parse()` behavior is not standardized and prone to errors that have security implications. Use the WHATWG URL API instead. CVEs are not issued for `url.parse()` vulnerabilities.
#31 1.251 (Use `node --trace-deprecation ...` to show where the warning was created)
#31 1.271 [2/4] Fetching packages...
#31 ...

#15 [brotli-library-builder 5/5] RUN apt-get update &&     apt-get install -y cmake make gcc git &&     ./scripts/build-brotli.sh -l -t /workspace/install/
#15 36.23 [ 92%] Linking C shared library libbrotlidec.so
#15 36.23 [ 94%] Linking C static library libbrotlidec-static.a
#15 36.31 [ 94%] Built target brotlidec-static
#15 36.32 [ 94%] Built target brotlidec
#15 43.09 [ 95%] Linking C shared library libbrotlienc.so
#15 43.13 [ 95%] Built target brotlienc
#15 43.47 [ 97%] Linking C static library libbrotlienc-static.a
#15 43.65 [ 97%] Built target brotlienc-static
#15 43.67 [ 98%] Building C object CMakeFiles/brotli.dir/c/tools/brotli.c.o
#15 43.88 [100%] Linking C executable brotli
#15 43.94 [100%] Built target brotli
#15 43.97 [ 10%] Built target brotlicommon
#15 43.99 [ 17%] Built target brotlidec
#15 44.01 [ 48%] Built target brotlienc
#15 44.02 [ 58%] Built target brotlicommon-static
#15 44.04 [ 65%] Built target brotlidec-static
#15 44.06 [ 97%] Built target brotlienc-static
#15 44.07 [100%] Built target brotli
#15 44.08 Install the project...
#15 44.09 -- Install configuration: "Release"
#15 44.09 -- Installing: /workspace/install/bin/brotli
#15 44.10 -- Installing: /workspace/install/lib/libbrotlienc.so.1.0.9
#15 44.10 -- Installing: /workspace/install/lib/libbrotlienc.so.1
#15 44.11 -- Set runtime path of "/workspace/install/lib/libbrotlienc.so.1.0.9" to ""
#15 44.11 -- Installing: /workspace/install/lib/libbrotlienc.so
#15 44.11 -- Installing: /workspace/install/lib/libbrotlidec.so.1.0.9
#15 44.11 -- Installing: /workspace/install/lib/libbrotlidec.so.1
#15 44.12 -- Set runtime path of "/workspace/install/lib/libbrotlidec.so.1.0.9" to ""
#15 44.12 -- Installing: /workspace/install/lib/libbrotlidec.so
#15 44.12 -- Installing: /workspace/install/lib/libbrotlicommon.so.1.0.9
#15 44.12 -- Installing: /workspace/install/lib/libbrotlicommon.so.1
#15 44.12 -- Installing: /workspace/install/lib/libbrotlicommon.so
#15 44.12 -- Installing: /workspace/install/lib/libbrotlienc-static.a
#15 44.12 -- Installing: /workspace/install/lib/libbrotlidec-static.a
#15 44.12 -- Installing: /workspace/install/lib/libbrotlicommon-static.a
#15 44.12 -- Installing: /workspace/install/include/brotli
#15 44.12 -- Installing: /workspace/install/include/brotli/decode.h
#15 44.12 -- Installing: /workspace/install/include/brotli/encode.h
#15 44.12 -- Installing: /workspace/install/include/brotli/port.h
#15 44.12 -- Installing: /workspace/install/include/brotli/shared_dictionary.h
#15 44.12 -- Installing: /workspace/install/include/brotli/types.h
#15 44.12 -- Installing: /workspace/install/lib/pkgconfig/libbrotlicommon.pc
#15 44.12 -- Installing: /workspace/install/lib/pkgconfig/libbrotlidec.pc
#15 44.12 -- Installing: /workspace/install/lib/pkgconfig/libbrotlienc.pc
#15 ...

#31 [contracts-builder  6/15] RUN cd contracts-legacy && yarn install
#31 14.04 [3/4] Linking dependencies...
#31 14.04 warning " > @nomicfoundation/hardhat-verify@2.0.9" has incorrect peer dependency "hardhat@^2.22.72.0.4".
#31 14.04 warning " > @nomiclabs/hardhat-waffle@2.0.6" has incorrect peer dependency "@nomiclabs/hardhat-ethers@^2.0.0".
#31 14.04 warning " > @nomiclabs/hardhat-waffle@2.0.6" has unmet peer dependency "@types/sinon-chai@^3.2.3".
#31 14.04 warning "@tovarishfin/hardhat-yul > yulp > @hyperapp/router@0.7.2" has incorrect peer dependency "hyperapp@1.2.5".
#31 14.04 warning " > @typechain/ethers-v5@10.2.1" has unmet peer dependency "@ethersproject/abi@^5.0.0".
#31 14.04 warning " > @typechain/hardhat@6.1.6" has unmet peer dependency "@ethersproject/abi@^5.4.7".
#31 14.04 warning "ethereum-waffle > @ethereum-waffle/provider > @ethereum-waffle/ens@4.0.3" has unmet peer dependency "@ensdomains/ens@^0.4.4".
#31 14.04 warning "ethereum-waffle > @ethereum-waffle/provider > @ethereum-waffle/ens@4.0.3" has unmet peer dependency "@ensdomains/resolver@^0.2.4".
#31 ...

#19 [brotli-wasm-builder 3/6] RUN apt-get update &&     apt-get install -y cmake make git lbzip2 python3 xz-utils &&     git clone --depth 1 --branch 3.1.46 https://github.com/emscripten-core/emsdk.git &&     test "$(git -C emsdk rev-parse HEAD)" = "93360d3670018769b424e4e8f1d3d9b26d32c977" &&     cd emsdk &&     ./emsdk install 3.1.7 &&     ./emsdk activate 3.1.7
#19 DONE 50.1s

#24 [prover-header-builder  3/11] RUN export DEBIAN_FRONTEND=noninteractive &&     apt-get update &&     apt-get install -y make clang wabt &&     cargo install --force cbindgen --version 0.29.2
#24 40.18     Finished `release` profile [optimized] target(s) in 20.48s
#24 40.20   Installing /usr/local/cargo/bin/cbindgen
#24 40.20    Installed package `cbindgen v0.29.2` (executable `cbindgen`)
#24 DONE 41.0s

#15 [brotli-library-builder 5/5] RUN apt-get update &&     apt-get install -y cmake make gcc git &&     ./scripts/build-brotli.sh -l -t /workspace/install/
#15 DONE 49.2s

#32 [brotli-library-export 1/1] COPY --from=brotli-library-builder /workspace/install/ /
#32 DONE 0.2s

#33 [brotli-wasm-builder 4/6] COPY scripts/build-brotli.sh scripts/
#33 DONE 0.2s

#34 [prover-header-builder  4/11] COPY Cargo.* ./
#34 DONE 0.3s

#35 [brotli-wasm-builder 5/6] COPY brotli brotli
#35 DONE 0.2s

#36 [prover-header-builder  5/11] COPY ./Makefile ./
#36 DONE 0.2s

#37 [prover-header-builder  6/11] COPY crates/ crates/
#37 DONE 0.8s

#38 [brotli-wasm-builder 6/6] RUN cd emsdk && . ./emsdk_env.sh && cd .. && ./scripts/build-brotli.sh -w -t /workspace/install/
#38 0.219 Setting up EMSDK environment (suppress these messages with EMSDK_QUIET=1)
#38 0.219 Adding directories to PATH:
#38 0.219 PATH += /workspace/emsdk
#38 0.219 PATH += /workspace/emsdk/upstream/emscripten
#38 0.219 PATH += /workspace/emsdk/node/16.20.0_64bit/bin
#38 0.219 
#38 0.219 Setting environment variables:
#38 0.219 PATH = /workspace/emsdk:/workspace/emsdk/upstream/emscripten:/workspace/emsdk/node/16.20.0_64bit/bin:/usr/local/sbin:/usr/local/bin:/usr/sbin:/usr/bin:/sbin:/bin
#38 0.219 EMSDK = /workspace/emsdk
#38 0.219 EMSDK_NODE = /workspace/emsdk/node/16.20.0_64bit/bin/node
#38 0.249 CMake Deprecation Warning at CMakeLists.txt:5 (cmake_minimum_required):
#38 0.249   Compatibility with CMake < 2.8.12 will be removed from a future version of
#38 0.249   CMake.
#38 0.249 
#38 0.249   Update the VERSION argument <min> value or use a ...<max> suffix to tell
#38 0.249   CMake that the project does not need compatibility with older versions.
#38 0.249 
#38 0.249 
#38 0.603 -- The C compiler identification is Clang 15.0.0
#38 0.784 -- Detecting C compiler ABI info
#38 1.096 -- Detecting C compiler ABI info - done
#38 1.104 -- Check for working C compiler: /workspace/emsdk/upstream/emscripten/emcc - skipped
#38 1.105 -- Detecting C compile features
#38 1.105 -- Detecting C compile features - done
#38 1.106 -- Build type is 'Release'
#38 1.107 -- Performing Test BROTLI_EMSCRIPTEN
#38 1.417 -- Performing Test BROTLI_EMSCRIPTEN - Success
#38 1.417 -- Compiler is EMSCRIPTEN
#38 1.417 CMake Warning (dev) at /usr/share/cmake-3.25/Modules/GNUInstallDirs.cmake:243 (message):
#38 1.417   Unable to determine default CMAKE_INSTALL_LIBDIR directory because no
#38 1.417   target architecture is known.  Please enable at least one language before
#38 1.417   including GNUInstallDirs.
#38 1.417 Call Stack (most recent call first):
#38 1.417   CMakeLists.txt:50 (include)
#38 1.417 This warning is for project developers.  Use -Wno-dev to suppress it.
#38 1.417 
#38 1.419 -- Looking for log2
#38 1.717 -- Looking for log2 - found
#38 1.725 -- Configuring done
#38 1.745 -- Generating done
#38 1.747 CMake Warning:
#38 1.747   Manually-specified variables were not used by the project:
#38 1.747 
#38 1.747     CMAKE_POLICY_VERSION_MINIMUM
#38 1.747 
#38 1.747 
#38 1.748 -- Build files have been written to: /workspace/brotli/buildfiles/build-wasm
#38 1.775 [ 10%] Building C object CMakeFiles/brotlicommon-static.dir/c/common/context.c.o
#38 1.775 [ 10%] Building C object CMakeFiles/brotlicommon-static.dir/c/common/dictionary.c.o
#38 1.775 [ 13%] Building C object CMakeFiles/brotlicommon-static.dir/c/common/platform.c.o
#38 1.775 [ 13%] Building C object CMakeFiles/brotlicommon-static.dir/c/common/transform.c.o
#38 1.775 [ 13%] Building C object CMakeFiles/brotlicommon-static.dir/c/common/constants.c.o
#38 1.776 [ 16%] Building C object CMakeFiles/brotlicommon-static.dir/c/common/shared_dictionary.c.o
#38 2.017 [ 18%] Linking C static library libbrotlicommon-static.a
#38 2.068 [ 18%] Built target brotlicommon-static
#38 2.083 [ 21%] Building C object CMakeFiles/brotlienc-static.dir/c/enc/bit_cost.c.o
#38 2.083 [ 24%] Building C object CMakeFiles/brotlienc-static.dir/c/enc/compound_dictionary.c.o
#38 2.084 [ 29%] Building C object CMakeFiles/brotlienc-static.dir/c/enc/command.c.o
#38 2.084 [ 29%] Building C object CMakeFiles/brotlidec-static.dir/c/dec/bit_reader.c.o
#38 2.084 [ 37%] Building C object CMakeFiles/brotlidec-static.dir/c/dec/huffman.c.o
#38 2.084 [ 37%] Building C object CMakeFiles/brotlienc-static.dir/c/enc/backward_references_hq.c.o
#38 2.084 [ 43%] Building C object CMakeFiles/brotlidec-static.dir/c/dec/decode.c.o
#38 2.084 [ 43%] Building C object CMakeFiles/brotlienc-static.dir/c/enc/backward_references.c.o
#38 2.084 [ 43%] Building C object CMakeFiles/brotlidec-static.dir/c/dec/state.c.o
#38 2.084 [ 45%] Building C object CMakeFiles/brotlienc-static.dir/c/enc/block_splitter.c.o
#38 2.085 [ 51%] Building C object CMakeFiles/brotlienc-static.dir/c/enc/cluster.c.o
#38 2.085 [ 51%] Building C object CMakeFiles/brotlienc-static.dir/c/enc/brotli_bit_stream.c.o
#38 2.085 [ 54%] Building C object CMakeFiles/brotlienc-static.dir/c/enc/compress_fragment.c.o
#38 2.085 [ 56%] Building C object CMakeFiles/brotlienc-static.dir/c/enc/compress_fragment_two_pass.c.o
#38 2.085 [ 59%] Building C object CMakeFiles/brotlienc-static.dir/c/enc/dictionary_hash.c.o
#38 2.087 [ 62%] Building C object CMakeFiles/brotlienc-static.dir/c/enc/encode.c.o
#38 2.093 [ 67%] Building C object CMakeFiles/brotlienc-static.dir/c/enc/encoder_dict.c.o
#38 2.093 [ 67%] Building C object CMakeFiles/brotlienc-static.dir/c/enc/entropy_encode.c.o
#38 2.108 [ 70%] Building C object CMakeFiles/brotlienc-static.dir/c/enc/fast_log.c.o
#38 2.122 [ 72%] Building C object CMakeFiles/brotlienc-static.dir/c/enc/histogram.c.o
#38 2.151 [ 75%] Building C object CMakeFiles/brotlienc-static.dir/c/enc/literal_cost.c.o
#38 2.204 [ 78%] Building C object CMakeFiles/brotlienc-static.dir/c/enc/memory.c.o
#38 2.215 [ 81%] Building C object CMakeFiles/brotlienc-static.dir/c/enc/metablock.c.o
#38 2.216 [ 83%] Building C object CMakeFiles/brotlienc-static.dir/c/enc/static_dict.c.o
#38 2.265 [ 86%] Building C object CMakeFiles/brotlienc-static.dir/c/enc/utf8_util.c.o
#38 3.131 [ 89%] Linking C static library libbrotlidec-static.a
#38 3.188 [ 89%] Built target brotlidec-static
#38 ...

#30 [prover-builder  4/16] RUN wget -O - https://apt.llvm.org/llvm-snapshot.gpg.key | apt-key add - &&     add-apt-repository 'deb http://apt.llvm.org/bookworm/ llvm-toolchain-bookworm-15 main' &&     apt-get update &&     apt-get install -y llvm-15-dev libclang-common-15-dev
#30 14.32 Get:33 http://deb.debian.org/debian bookworm/main amd64 llvm-15-dev amd64 1:15.0.6-4+b1 [36.8 MB]
#30 19.39 debconf: delaying package configuration, since apt-utils is not installed
#30 19.41 Fetched 123 MB in 12s (9994 kB/s)
#30 19.77 (Reading database ... (Reading database ... 5%(Reading database ... 10%(Reading database ... 15%(Reading database ... 20%(Reading database ... 25%(Reading database ... 30%(Reading database ... 35%(Reading database ... 40%(Reading database ... 45%(Reading database ... 50%(Reading database ... 55%(Reading database ... 60%(Reading database ... 65%(Reading database ... 70%(Reading database ... 75%(Reading database ... 80%(Reading database ... 85%(Reading database ... 90%(Reading database ... 95%(Reading database ... 100%(Reading database ... 15414 files and directories currently installed.)
#30 19.83 Preparing to unpack .../libc6-dev_2.36-9+deb12u14_amd64.deb ...
#30 19.88 Unpacking libc6-dev:amd64 (2.36-9+deb12u14) over (2.36-9+deb12u13) ...
#30 20.39 Preparing to unpack .../libc-dev-bin_2.36-9+deb12u14_amd64.deb ...
#30 20.46 Unpacking libc-dev-bin (2.36-9+deb12u14) over (2.36-9+deb12u13) ...
#30 20.51 Preparing to unpack .../libc6_2.36-9+deb12u14_amd64.deb ...
#30 20.59 debconf: unable to initialize frontend: Dialog
#30 20.59 debconf: (TERM is not set, so the dialog frontend is not usable.)
#30 20.59 debconf: falling back to frontend: Readline
#30 20.59 debconf: unable to initialize frontend: Readline
#30 20.59 debconf: (Can't locate Term/ReadLine.pm in @INC (you may need to install the Term::ReadLine module) (@INC contains: /etc/perl /usr/local/lib/x86_64-linux-gnu/perl/5.36.0 /usr/local/share/perl/5.36.0 /usr/lib/x86_64-linux-gnu/perl5/5.36 /usr/share/perl5 /usr/lib/x86_64-linux-gnu/perl-base /usr/lib/x86_64-linux-gnu/perl/5.36 /usr/share/perl/5.36 /usr/local/lib/site_perl) at /usr/share/perl5/Debconf/FrontEnd/Readline.pm line 7.)
#30 20.59 debconf: falling back to frontend: Teletype
#30 20.69 Unpacking libc6:amd64 (2.36-9+deb12u14) over (2.36-9+deb12u13) ...
#30 20.89 Setting up libc6:amd64 (2.36-9+deb12u14) ...
#30 20.95 debconf: unable to initialize frontend: Dialog
#30 20.95 debconf: (TERM is not set, so the dialog frontend is not usable.)
#30 20.95 debconf: falling back to frontend: Readline
#30 20.95 debconf: unable to initialize frontend: Readline
#30 20.95 debconf: (Can't locate Term/ReadLine.pm in @INC (you may need to install the Term::ReadLine module) (@INC contains: /etc/perl /usr/local/lib/x86_64-linux-gnu/perl/5.36.0 /usr/local/share/perl/5.36.0 /usr/lib/x86_64-linux-gnu/perl5/5.36 /usr/share/perl5 /usr/lib/x86_64-linux-gnu/perl-base /usr/lib/x86_64-linux-gnu/perl/5.36 /usr/share/perl/5.36 /usr/local/lib/site_perl) at /usr/share/perl5/Debconf/FrontEnd/Readline.pm line 7.)
#30 20.95 debconf: falling back to frontend: Teletype
#30 22.01 (Reading database ... (Reading database ... 5%(Reading database ... 10%(Reading database ... 15%(Reading database ... 20%(Reading database ... 25%(Reading database ... 30%(Reading database ... 35%(Reading database ... 40%(Reading database ... 45%(Reading database ... 50%(Reading database ... 55%(Reading database ... 60%(Reading database ... 65%(Reading database ... 70%(Reading database ... 75%(Reading database ... 80%(Reading database ... 85%(Reading database ... 90%(Reading database ... 95%(Reading database ... 100%(Reading database ... 15414 files and directories currently installed.)
#30 22.02 Preparing to unpack .../libc-bin_2.36-9+deb12u14_amd64.deb ...
#30 22.02 Unpacking libc-bin (2.36-9+deb12u14) over (2.36-9+deb12u13) ...
#30 22.08 Setting up libc-bin (2.36-9+deb12u14) ...
#30 22.12 Selecting previously unselected package icu-devtools.
#30 22.12 (Reading database ... (Reading database ... 5%(Reading database ... 10%(Reading database ... 15%(Reading database ... 20%(Reading database ... 25%(Reading database ... 30%(Reading database ... 35%(Reading database ... 40%(Reading database ... 45%(Reading database ... 50%(Reading database ... 55%(Reading database ... 60%(Reading database ... 65%(Reading database ... 70%(Reading database ... 75%(Reading database ... 80%(Reading database ... 85%(Reading database ... 90%(Reading database ... 95%(Reading database ... 100%(Reading database ... 15414 files and directories currently installed.)
#30 22.12 Preparing to unpack .../00-icu-devtools_72.1-3+deb12u1_amd64.deb ...
#30 22.12 Unpacking icu-devtools (72.1-3+deb12u1) ...
#30 22.16 Selecting previously unselected package libc6-i386.
#30 22.16 Preparing to unpack .../01-libc6-i386_2.36-9+deb12u14_amd64.deb ...
#30 22.16 Unpacking libc6-i386 (2.36-9+deb12u14) ...
#30 22.30 Selecting previously unselected package lib32gcc-s1.
#30 22.30 Preparing to unpack .../02-lib32gcc-s1_12.2.0-14+deb12u1_amd64.deb ...
#30 22.30 Unpacking lib32gcc-s1 (12.2.0-14+deb12u1) ...
#30 22.32 Selecting previously unselected package lib32stdc++6.
#30 22.33 Preparing to unpack .../03-lib32stdc++6_12.2.0-14+deb12u1_amd64.deb ...
#30 22.33 Unpacking lib32stdc++6 (12.2.0-14+deb12u1) ...
#30 22.38 Selecting previously unselected package libbsd0:amd64.
#30 22.38 Preparing to unpack .../04-libbsd0_0.11.7-2_amd64.deb ...
#30 22.38 Unpacking libbsd0:amd64 (0.11.7-2) ...
#30 22.40 Selecting previously unselected package libedit2:amd64.
#30 22.40 Preparing to unpack .../05-libedit2_3.1-20221030-2_amd64.deb ...
#30 22.40 Unpacking libedit2:amd64 (3.1-20221030-2) ...
#30 22.43 Selecting previously unselected package libz3-4:amd64.
#30 22.43 Preparing to unpack .../06-libz3-4_4.8.12-3.1_amd64.deb ...
#30 22.43 Unpacking libz3-4:amd64 (4.8.12-3.1) ...
#30 22.82 Selecting previously unselected package libllvm15:amd64.
#30 22.83 Preparing to unpack .../07-libllvm15_1%3a15.0.6-4+b1_amd64.deb ...
#30 22.83 Unpacking libllvm15:amd64 (1:15.0.6-4+b1) ...
#30 23.52 Selecting previously unselected package libclang-common-15-dev.
#30 23.52 Preparing to unpack .../08-libclang-common-15-dev_1%3a15.0.6-4+b1_amd64.deb ...
#30 23.52 Unpacking libclang-common-15-dev (1:15.0.6-4+b1) ...
#30 23.76 Selecting previously unselected package libclang-cpp15.
#30 23.76 Preparing to unpack .../09-libclang-cpp15_1%3a15.0.6-4+b1_amd64.deb ...
#30 23.76 Unpacking libclang-cpp15 (1:15.0.6-4+b1) ...
#30 24.07 Selecting previously unselected package libnspr4:amd64.
#30 24.07 Preparing to unpack .../10-libnspr4_2%3a4.35-1_amd64.deb ...
#30 24.07 Unpacking libnspr4:amd64 (2:4.35-1) ...
#30 24.09 Selecting previously unselected package libnss3:amd64.
#30 24.10 Preparing to unpack .../11-libnss3_2%3a3.87.1-1+deb12u3_amd64.deb ...
#30 24.10 Unpacking libnss3:amd64 (2:3.87.1-1+deb12u3) ...
#30 24.17 Selecting previously unselected package nss-plugin-pem:amd64.
#30 24.17 Preparing to unpack .../12-nss-plugin-pem_1.0.8+1-1_amd64.deb ...
#30 24.18 Unpacking nss-plugin-pem:amd64 (1.0.8+1-1) ...
#30 24.19 Selecting previously unselected package libcurl3-nss:amd64.
#30 24.20 Preparing to unpack .../13-libcurl3-nss_7.88.1-10+deb12u15_amd64.deb ...
#30 24.20 Unpacking libcurl3-nss:amd64 (7.88.1-10+deb12u15) ...
#30 24.23 Selecting previously unselected package libffi-dev:amd64.
#30 24.23 Preparing to unpack .../14-libffi-dev_3.4.4-1_amd64.deb ...
#30 24.23 Unpacking libffi-dev:amd64 (3.4.4-1) ...
#30 24.25 Selecting previously unselected package libicu-dev:amd64.
#30 24.25 Preparing to unpack .../15-libicu-dev_72.1-3+deb12u1_amd64.deb ...
#30 24.25 Unpacking libicu-dev:amd64 (72.1-3+deb12u1) ...
#30 24.61 Selecting previously unselected package libncurses6:amd64.
#30 24.61 Preparing to unpack .../16-libncurses6_6.4-4_amd64.deb ...
#30 24.61 Unpacking libncurses6:amd64 (6.4-4) ...
#30 24.63 Selecting previously unselected package libncurses-dev:amd64.
#30 24.63 Preparing to unpack .../17-libncurses-dev_6.4-4_amd64.deb ...
#30 24.63 Unpacking libncurses-dev:amd64 (6.4-4) ...
#30 24.67 Selecting previously unselected package libpfm4:amd64.
#30 24.67 Preparing to unpack .../18-libpfm4_4.13.0-1_amd64.deb ...
#30 24.67 Unpacking libpfm4:amd64 (4.13.0-1) ...
#30 24.70 Selecting previously unselected package libtinfo-dev:amd64.
#30 24.70 Preparing to unpack .../19-libtinfo-dev_6.4-4_amd64.deb ...
#30 24.70 Unpacking libtinfo-dev:amd64 (6.4-4) ...
#30 24.72 Selecting previously unselected package libxml2-dev:amd64.
#30 24.72 Preparing to unpack .../20-libxml2-dev_2.9.14+dfsg-1.3~deb12u6_amd64.deb ...
#30 24.72 Unpacking libxml2-dev:amd64 (2.9.14+dfsg-1.3~deb12u6) ...
#30 24.77 Selecting previously unselected package libz3-dev:amd64.
#30 24.77 Preparing to unpack .../21-libz3-dev_4.8.12-3.1_amd64.deb ...
#30 24.77 Unpacking libz3-dev:amd64 (4.8.12-3.1) ...
#30 24.79 Selecting previously unselected package llvm-15-runtime.
#30 24.79 Preparing to unpack .../22-llvm-15-runtime_1%3a15.0.6-4+b1_amd64.deb ...
#30 24.80 Unpacking llvm-15-runtime (1:15.0.6-4+b1) ...
#30 24.84 Selecting previously unselected package llvm-15-linker-tools.
#30 24.84 Preparing to unpack .../23-llvm-15-linker-tools_1%3a15.0.6-4+b1_amd64.deb ...
#30 24.84 Unpacking llvm-15-linker-tools (1:15.0.6-4+b1) ...
#30 24.91 Selecting previously unselected package llvm-15.
#30 24.92 Preparing to unpack .../24-llvm-15_1%3a15.0.6-4+b1_amd64.deb ...
#30 24.92 Unpacking llvm-15 (1:15.0.6-4+b1) ...
#30 ...

#31 [contracts-builder  6/15] RUN cd contracts-legacy && yarn install
#31 16.98 [4/4] Building fresh packages...
#31 20.00 $ patch-package
#31 20.07 patch-package 6.5.1
#31 20.07 Applying patches...
#31 20.07 No patch files found
#31 20.07 Done in 19.26s.
#31 DONE 20.4s

#30 [prover-builder  4/16] RUN wget -O - https://apt.llvm.org/llvm-snapshot.gpg.key | apt-key add - &&     add-apt-repository 'deb http://apt.llvm.org/bookworm/ llvm-toolchain-bookworm-15 main' &&     apt-get update &&     apt-get install -y llvm-15-dev libclang-common-15-dev
#30 25.40 Selecting previously unselected package python3-pygments.
#30 25.40 Preparing to unpack .../25-python3-pygments_2.14.0+dfsg-1_all.deb ...
#30 25.40 Unpacking python3-pygments (2.14.0+dfsg-1) ...
#30 25.46 Selecting previously unselected package python3-yaml.
#30 25.46 Preparing to unpack .../26-python3-yaml_6.0-3+b2_amd64.deb ...
#30 25.46 Unpacking python3-yaml (6.0-3+b2) ...
#30 25.48 Selecting previously unselected package llvm-15-tools.
#30 25.48 Preparing to unpack .../27-llvm-15-tools_1%3a15.0.6-4+b1_amd64.deb ...
#30 25.49 Unpacking llvm-15-tools (1:15.0.6-4+b1) ...
#30 25.56 Selecting previously unselected package llvm-15-dev.
#30 25.56 Preparing to unpack .../28-llvm-15-dev_1%3a15.0.6-4+b1_amd64.deb ...
#30 25.57 Unpacking llvm-15-dev (1:15.0.6-4+b1) ...
#30 ...

#39 [contracts-builder  7/15] COPY contracts/package.json contracts/yarn.lock contracts/
#39 DONE 0.4s

#38 [brotli-wasm-builder 6/6] RUN cd emsdk && . ./emsdk_env.sh && cd .. && ./scripts/build-brotli.sh -w -t /workspace/install/
#38 5.032 [ 91%] Linking C static library libbrotlienc-static.a
#38 5.091 [ 91%] Built target brotlienc-static
#38 5.105 [ 94%] Building C object CMakeFiles/brotli.dir/c/tools/brotli.c.o
#38 5.322 [ 97%] Linking C executable brotli
#38 ...

#30 [prover-builder  4/16] RUN wget -O - https://apt.llvm.org/llvm-snapshot.gpg.key | apt-key add - &&     add-apt-repository 'deb http://apt.llvm.org/bookworm/ llvm-toolchain-bookworm-15 main' &&     apt-get update &&     apt-get install -y llvm-15-dev libclang-common-15-dev
#30 26.19 Setting up python3-yaml (6.0-3+b2) ...
#30 26.29 Setting up libffi-dev:amd64 (3.4.4-1) ...
#30 26.30 Setting up python3-pygments (2.14.0+dfsg-1) ...
#30 26.80 Setting up libz3-4:amd64 (4.8.12-3.1) ...
#30 26.81 Setting up libpfm4:amd64 (4.13.0-1) ...
#30 26.82 Setting up libnspr4:amd64 (2:4.35-1) ...
#30 26.83 Setting up libncurses6:amd64 (6.4-4) ...
#30 26.83 Setting up icu-devtools (72.1-3+deb12u1) ...
#30 26.84 Setting up libc6-i386 (2.36-9+deb12u14) ...
#30 26.85 Setting up libc-dev-bin (2.36-9+deb12u14) ...
#30 26.86 Setting up libbsd0:amd64 (0.11.7-2) ...
#30 26.87 Setting up libz3-dev:amd64 (4.8.12-3.1) ...
#30 26.88 Setting up libedit2:amd64 (3.1-20221030-2) ...
#30 26.89 Setting up libnss3:amd64 (2:3.87.1-1+deb12u3) ...
#30 26.90 Setting up lib32gcc-s1 (12.2.0-14+deb12u1) ...
#30 26.90 Setting up lib32stdc++6 (12.2.0-14+deb12u1) ...
#30 26.92 Setting up libllvm15:amd64 (1:15.0.6-4+b1) ...
#30 26.92 Setting up libc6-dev:amd64 (2.36-9+deb12u14) ...
#30 26.93 Setting up libicu-dev:amd64 (72.1-3+deb12u1) ...
#30 26.94 Setting up libncurses-dev:amd64 (6.4-4) ...
#30 26.95 Setting up libclang-common-15-dev (1:15.0.6-4+b1) ...
#30 26.95 Setting up llvm-15-linker-tools (1:15.0.6-4+b1) ...
#30 26.96 Setting up nss-plugin-pem:amd64 (1.0.8+1-1) ...
#30 26.97 Setting up llvm-15-tools (1:15.0.6-4+b1) ...
#30 26.98 Setting up libxml2-dev:amd64 (2.9.14+dfsg-1.3~deb12u6) ...
#30 26.98 Setting up libclang-cpp15 (1:15.0.6-4+b1) ...
#30 26.99 Setting up llvm-15-runtime (1:15.0.6-4+b1) ...
#30 27.00 Setting up libcurl3-nss:amd64 (7.88.1-10+deb12u15) ...
#30 27.01 Setting up libtinfo-dev:amd64 (6.4-4) ...
#30 27.01 Setting up llvm-15 (1:15.0.6-4+b1) ...
#30 27.02 Setting up llvm-15-dev (1:15.0.6-4+b1) ...
#30 27.03 Processing triggers for systemd (252.39-1~deb12u2) ...
#30 27.04 Processing triggers for libc-bin (2.36-9+deb12u14) ...
#30 DONE 27.3s

#40 [prover-builder  5/16] COPY --from=brotli-library-export / target/
#40 DONE 0.1s

#41 [prover-builder  6/16] COPY Cargo.* ./
#41 DONE 0.1s

#42 [contracts-builder  8/15] RUN cd contracts && yarn install
#42 0.232 yarn install v1.22.22
#42 0.250 warning package.json: License should be a valid SPDX license expression
#42 0.271 warning @arbitrum/nitro-contracts@3.2.0-beta.0: License should be a valid SPDX license expression
#42 0.272 [1/4] Resolving packages...
#42 0.371 (node:7) [DEP0169] DeprecationWarning: `url.parse()` behavior is not standardized and prone to errors that have security implications. Use the WHATWG URL API instead. CVEs are not issued for `url.parse()` vulnerabilities.
#42 0.371 (Use `node --trace-deprecation ...` to show where the warning was created)
#42 0.372 [2/4] Fetching packages...
#42 ...

#43 [prover-builder  7/16] COPY crates/ crates/
#43 DONE 0.8s

#44 [prover-builder  8/16] COPY ./Makefile ./
#44 DONE 0.0s

#42 [contracts-builder  8/15] RUN cd contracts && yarn install
#42 ...

#38 [brotli-wasm-builder 6/6] RUN cd emsdk && . ./emsdk_env.sh && cd .. && ./scripts/build-brotli.sh -w -t /workspace/install/
#38 11.51 [100%] Built target brotli
#38 11.54 [ 18%] Built target brotlicommon-static
#38 11.55 [ 32%] Built target brotlidec-static
#38 11.57 [ 91%] Built target brotlienc-static
#38 11.58 [100%] Built target brotli
#38 11.59 Linking C executable CMakeFiles/CMakeRelink.dir/brotli
#38 ...

#42 [contracts-builder  8/15] RUN cd contracts && yarn install
#42 6.591 [3/4] Linking dependencies...
#42 6.592 warning " > @nomicfoundation/hardhat-verify@2.1.3" has incorrect peer dependency "hardhat@^2.26.0".
#42 6.592 warning " > @typechain/ethers-v5@10.2.1" has unmet peer dependency "@ethersproject/abi@^5.0.0".
#42 6.592 warning " > @typechain/hardhat@6.1.6" has unmet peer dependency "@ethersproject/abi@^5.4.7".
#42 6.593 warning " > solhint-plugin-prettier@0.1.0" has incorrect peer dependency "prettier@^3.0.0".
#42 6.593 warning "solhint-plugin-prettier > @prettier/sync@0.3.0" has incorrect peer dependency "prettier@^3.0.0".
#42 8.472 [4/4] Building fresh packages...
#42 8.970 $ patch-package
#42 9.038 patch-package 6.5.1
#42 9.038 Applying patches...
#42 9.038 No patch files found
#42 9.042 Done in 8.81s.
#42 DONE 9.2s

#45 [contracts-builder  9/15] COPY contracts-legacy contracts-legacy/
#45 DONE 0.2s

#38 [brotli-wasm-builder 6/6] RUN cd emsdk && . ./emsdk_env.sh && cd .. && ./scripts/build-brotli.sh -w -t /workspace/install/
#38 ...

#46 [contracts-builder 10/15] COPY contracts-local contracts-local/
#46 DONE 0.1s

#47 [contracts-builder 11/15] COPY contracts contracts/
#47 DONE 0.1s

#48 [contracts-builder 12/15] COPY safe-smart-account safe-smart-account/
#48 DONE 0.0s

#49 [contracts-builder 13/15] RUN cd safe-smart-account && npm install
#49 1.638 npm warn deprecated lodash.isequal@4.5.0: This package is deprecated. Use require('node:util').isDeepStrictEqual instead.
#49 1.756 npm warn deprecated inflight@1.0.6: This module is not supported, and leaks memory. Do not use it. Check out lru-cache if you want a good and tested way to coalesce async requests by a key value, which is much more comprehensive and powerful.
#49 3.000 npm warn deprecated glob@7.1.7: Glob versions prior to v9 are no longer supported
#49 3.051 npm warn deprecated rimraf@2.7.1: Rimraf versions prior to v4 are no longer supported
#49 3.057 npm warn deprecated glob@8.1.0: Glob versions prior to v9 are no longer supported
#49 3.063 npm warn deprecated glob@7.2.3: Glob versions prior to v9 are no longer supported
#49 3.091 npm warn deprecated glob@7.2.3: Glob versions prior to v9 are no longer supported
#49 3.098 npm warn deprecated glob@5.0.15: Glob versions prior to v9 are no longer supported
#49 3.140 npm warn deprecated glob@8.1.0: Glob versions prior to v9 are no longer supported
#49 3.442 npm warn deprecated glob@7.2.3: Glob versions prior to v9 are no longer supported
#49 ...

#38 [brotli-wasm-builder 6/6] RUN cd emsdk && . ./emsdk_env.sh && cd .. && ./scripts/build-brotli.sh -w -t /workspace/install/
#38 17.97 Install the project...
#38 17.98 -- Install configuration: "Release"
#38 17.98 -- Installing: /workspace/brotli/buildfiles/install-wasm/bin/brotli
#38 17.98 -- Installing: /workspace/brotli/buildfiles/install-wasm/lib/libbrotlienc-static.a
#38 17.98 -- Installing: /workspace/brotli/buildfiles/install-wasm/lib/libbrotlidec-static.a
#38 17.98 -- Installing: /workspace/brotli/buildfiles/install-wasm/lib/libbrotlicommon-static.a
#38 17.98 -- Installing: /workspace/brotli/buildfiles/install-wasm/include/brotli
#38 17.98 -- Installing: /workspace/brotli/buildfiles/install-wasm/include/brotli/decode.h
#38 17.98 -- Installing: /workspace/brotli/buildfiles/install-wasm/include/brotli/encode.h
#38 17.98 -- Installing: /workspace/brotli/buildfiles/install-wasm/include/brotli/port.h
#38 17.98 -- Installing: /workspace/brotli/buildfiles/install-wasm/include/brotli/shared_dictionary.h
#38 17.98 -- Installing: /workspace/brotli/buildfiles/install-wasm/include/brotli/types.h
#38 17.98 -- Installing: /workspace/brotli/buildfiles/install-wasm/lib/pkgconfig/libbrotlicommon.pc
#38 17.98 -- Installing: /workspace/brotli/buildfiles/install-wasm/lib/pkgconfig/libbrotlidec.pc
#38 17.98 -- Installing: /workspace/brotli/buildfiles/install-wasm/lib/pkgconfig/libbrotlienc.pc
#38 17.98 '/workspace/brotli/buildfiles/install-wasm/lib' -> '/workspace/install/lib-wasm'
#38 17.98 '/workspace/brotli/buildfiles/install-wasm/lib/pkgconfig' -> '/workspace/install/lib-wasm/pkgconfig'
#38 17.98 '/workspace/brotli/buildfiles/install-wasm/lib/pkgconfig/libbrotlicommon.pc' -> '/workspace/install/lib-wasm/pkgconfig/libbrotlicommon.pc'
#38 17.98 '/workspace/brotli/buildfiles/install-wasm/lib/pkgconfig/libbrotlidec.pc' -> '/workspace/install/lib-wasm/pkgconfig/libbrotlidec.pc'
#38 17.98 '/workspace/brotli/buildfiles/install-wasm/lib/pkgconfig/libbrotlienc.pc' -> '/workspace/install/lib-wasm/pkgconfig/libbrotlienc.pc'
#38 17.98 '/workspace/brotli/buildfiles/install-wasm/lib/libbrotlienc-static.a' -> '/workspace/install/lib-wasm/libbrotlienc-static.a'
#38 17.98 '/workspace/brotli/buildfiles/install-wasm/lib/libbrotlidec-static.a' -> '/workspace/install/lib-wasm/libbrotlidec-static.a'
#38 17.98 '/workspace/brotli/buildfiles/install-wasm/lib/libbrotlicommon-static.a' -> '/workspace/install/lib-wasm/libbrotlicommon-static.a'
#38 DONE 18.2s

#50 [brotli-wasm-export 1/1] COPY --from=brotli-wasm-builder /workspace/install/ /
#50 DONE 0.0s

#51 [prover-header-builder  7/11] COPY --from=brotli-wasm-export / target/
#51 DONE 0.1s

#52 [prover-builder  9/16] COPY --from=brotli-wasm-export / target/
#52 DONE 0.1s

#53 [prover-header-builder  8/11] COPY scripts/build-brotli.sh scripts/
#53 DONE 0.0s

#54 [prover-builder 10/16] COPY scripts/build-brotli.sh scripts/
#54 DONE 0.0s

#55 [prover-header-builder  9/11] COPY brotli brotli
#55 DONE 0.1s

#56 [prover-builder 11/16] COPY brotli brotli
#56 DONE 0.1s

#57 [prover-builder 12/16] RUN touch -a -m crates/prover/src/lib.rs
#57 DONE 0.2s

#58 [prover-header-builder 10/11] RUN apt-get update && apt-get install -y cmake
#58 0.252 Hit:1 http://deb.debian.org/debian bookworm InRelease
#58 0.266 Hit:2 http://deb.debian.org/debian bookworm-updates InRelease
#58 0.284 Hit:3 http://deb.debian.org/debian-security bookworm-security InRelease
#58 0.351 Reading package lists...
#58 0.691 Reading package lists...
#58 1.028 Building dependency tree...
#58 1.104 Reading state information...
#58 1.182 The following additional packages will be installed:
#58 1.183   cmake-data libarchive13 libcurl4 libjsoncpp25 libproc2-0 librhash0 libuv1
#58 1.183   procps psmisc
#58 1.184 Suggested packages:
#58 1.184   cmake-doc cmake-format elpa-cmake-mode ninja-build lrzip
#58 1.241 The following NEW packages will be installed:
#58 1.242   cmake cmake-data libarchive13 libcurl4 libjsoncpp25 libproc2-0 librhash0
#58 1.242   libuv1 procps psmisc
#58 1.319 0 upgraded, 10 newly installed, 0 to remove and 18 not upgraded.
#58 1.319 Need to get 12.8 MB of archives.
#58 1.319 After this operation, 46.2 MB of additional disk space will be used.
#58 1.319 Get:1 http://deb.debian.org/debian bookworm/main amd64 libproc2-0 amd64 2:4.0.2-3 [62.8 kB]
#58 1.358 Get:2 http://deb.debian.org/debian bookworm/main amd64 procps amd64 2:4.0.2-3 [709 kB]
#58 1.428 Get:3 http://deb.debian.org/debian bookworm/main amd64 libarchive13 amd64 3.6.2-1+deb12u4 [345 kB]
#58 1.436 Get:4 http://deb.debian.org/debian bookworm/main amd64 libcurl4 amd64 7.88.1-10+deb12u15 [392 kB]
#58 1.467 Get:5 http://deb.debian.org/debian bookworm/main amd64 libjsoncpp25 amd64 1.9.5-4 [78.6 kB]
#58 1.467 Get:6 http://deb.debian.org/debian bookworm/main amd64 librhash0 amd64 1.4.3-3 [134 kB]
#58 1.486 Get:7 http://deb.debian.org/debian bookworm/main amd64 libuv1 amd64 1.44.2-1+deb12u1 [136 kB]
#58 1.505 Get:8 http://deb.debian.org/debian bookworm/main amd64 cmake-data all 3.25.1-1 [2026 kB]
#58 1.559 Get:9 http://deb.debian.org/debian bookworm/main amd64 cmake amd64 3.25.1-1 [8692 kB]
#58 1.740 Get:10 http://deb.debian.org/debian bookworm/main amd64 psmisc amd64 23.6-1 [259 kB]
#58 1.823 debconf: delaying package configuration, since apt-utils is not installed
#58 1.843 Fetched 12.8 MB in 0s (25.8 MB/s)
#58 1.861 Selecting previously unselected package libproc2-0:amd64.
#58 1.861 (Reading database ... (Reading database ... 5%(Reading database ... 10%(Reading database ... 15%(Reading database ... 20%(Reading database ... 25%(Reading database ... 30%(Reading database ... 35%(Reading database ... 40%(Reading database ... 45%(Reading database ... 50%(Reading database ... 55%(Reading database ... 60%(Reading database ... 65%(Reading database ... 70%(Reading database ... 75%(Reading database ... 80%(Reading database ... 85%(Reading database ... 90%(Reading database ... 95%(Reading database ... 100%(Reading database ... 15527 files and directories currently installed.)
#58 1.871 Preparing to unpack .../0-libproc2-0_2%3a4.0.2-3_amd64.deb ...
#58 1.876 Unpacking libproc2-0:amd64 (2:4.0.2-3) ...
#58 1.903 Selecting previously unselected package procps.
#58 1.904 Preparing to unpack .../1-procps_2%3a4.0.2-3_amd64.deb ...
#58 1.910 Unpacking procps (2:4.0.2-3) ...
#58 1.966 Selecting previously unselected package libarchive13:amd64.
#58 1.967 Preparing to unpack .../2-libarchive13_3.6.2-1+deb12u4_amd64.deb ...
#58 1.969 Unpacking libarchive13:amd64 (3.6.2-1+deb12u4) ...
#58 2.008 Selecting previously unselected package libcurl4:amd64.
#58 2.009 Preparing to unpack .../3-libcurl4_7.88.1-10+deb12u15_amd64.deb ...
#58 2.013 Unpacking libcurl4:amd64 (7.88.1-10+deb12u15) ...
#58 2.044 Selecting previously unselected package libjsoncpp25:amd64.
#58 2.045 Preparing to unpack .../4-libjsoncpp25_1.9.5-4_amd64.deb ...
#58 2.048 Unpacking libjsoncpp25:amd64 (1.9.5-4) ...
#58 2.072 Selecting previously unselected package librhash0:amd64.
#58 2.073 Preparing to unpack .../5-librhash0_1.4.3-3_amd64.deb ...
#58 2.076 Unpacking librhash0:amd64 (1.4.3-3) ...
#58 2.104 Selecting previously unselected package libuv1:amd64.
#58 2.105 Preparing to unpack .../6-libuv1_1.44.2-1+deb12u1_amd64.deb ...
#58 2.108 Unpacking libuv1:amd64 (1.44.2-1+deb12u1) ...
#58 2.142 Selecting previously unselected package cmake-data.
#58 2.143 Preparing to unpack .../7-cmake-data_3.25.1-1_all.deb ...
#58 2.148 Unpacking cmake-data (3.25.1-1) ...
#58 2.408 Selecting previously unselected package cmake.
#58 2.410 Preparing to unpack .../8-cmake_3.25.1-1_amd64.deb ...
#58 2.413 Unpacking cmake (3.25.1-1) ...
#58 2.783 Selecting previously unselected package psmisc.
#58 2.784 Preparing to unpack .../9-psmisc_23.6-1_amd64.deb ...
#58 2.786 Unpacking psmisc (23.6-1) ...
#58 2.814 Setting up libarchive13:amd64 (3.6.2-1+deb12u4) ...
#58 2.820 Setting up psmisc (23.6-1) ...
#58 2.826 Setting up libuv1:amd64 (1.44.2-1+deb12u1) ...
#58 2.831 Setting up libproc2-0:amd64 (2:4.0.2-3) ...
#58 2.836 Setting up libjsoncpp25:amd64 (1.9.5-4) ...
#58 2.841 Setting up librhash0:amd64 (1.4.3-3) ...
#58 2.846 Setting up procps (2:4.0.2-3) ...
#58 2.869 Setting up libcurl4:amd64 (7.88.1-10+deb12u15) ...
#58 2.874 Setting up cmake-data (3.25.1-1) ...
#58 2.881 Setting up cmake (3.25.1-1) ...
#58 2.886 Processing triggers for libc-bin (2.36-9+deb12u14) ...
#58 DONE 3.3s

#59 [prover-builder 13/16] RUN NITRO_BUILD_IGNORE_TIMESTAMPS=1 make build-prover-lib
#59 0.151 cat: crates/prover/test-cases/link.txt: No such file or directory
#59 0.152 cat: crates/prover/test-cases/link.txt: No such file or directory
#59 0.158 mkdir .make
#59 0.159 test -f target/include/brotli/encode.h || ./scripts/build-brotli.sh -l
#59 0.159 test -f target/include/brotli/decode.h || ./scripts/build-brotli.sh -l
#59 0.159 test -f target/lib/libbrotlicommon-static.a || ./scripts/build-brotli.sh -l
#59 0.160 test -f target/lib/libbrotlienc-static.a || ./scripts/build-brotli.sh -l
#59 0.160 test -f target/lib/libbrotlidec-static.a || ./scripts/build-brotli.sh -l
#59 0.162 test -f target/lib-wasm/libbrotlicommon-static.a || ./scripts/build-brotli.sh -w -d
#59 0.163 test -f target/lib-wasm/libbrotlienc-static.a || ./scripts/build-brotli.sh -w -d
#59 0.163 test -f target/lib-wasm/libbrotlidec-static.a || ./scripts/build-brotli.sh -w -d
#59 0.163 mkdir -p target/machines/latest
#59 0.164 touch .make/machines
#59 0.170 cargo run --release --package forward -- --path crates/wasm-libraries/forward/forward.wat
#59 0.229     Updating crates.io index
#59 4.351  Downloading crates ...
#59 4.557   Downloaded eyre v0.6.12
#59 4.569   Downloaded indenter v0.3.3
#59 4.574   Downloaded strsim v0.8.0
#59 4.574   Downloaded proc-macro-error-attr v1.0.4
#59 4.582   Downloaded heck v0.3.3
#59 4.588   Downloaded lazy_static v1.5.0
#59 4.588   Downloaded version_check v0.9.5
#59 4.588   Downloaded atty v0.2.14
#59 4.590   Downloaded vec_map v0.8.2
#59 4.591   Downloaded proc-macro-error v1.0.4
#59 4.600   Downloaded textwrap v0.11.0
#59 4.603   Downloaded quote v1.0.45
#59 4.607   Downloaded unicode-ident v1.0.12
#59 4.612   Downloaded structopt v0.3.26
#59 4.623   Downloaded proc-macro2 v1.0.106
#59 4.628   Downloaded unicode-segmentation v1.11.0
#59 4.632   Downloaded clap v2.34.0
#59 4.641   Downloaded once_cell v1.21.3
#59 4.645   Downloaded structopt-derive v0.4.18
#59 4.647   Downloaded bitflags v1.3.2
#59 4.651   Downloaded ansi_term v0.12.1
#59 4.654   Downloaded syn v1.0.109
#59 4.667   Downloaded unicode-width v0.1.13
#59 4.677   Downloaded libc v0.2.178
#59 4.756    Compiling version_check v0.9.5
#59 4.756    Compiling proc-macro2 v1.0.106
#59 4.760    Compiling quote v1.0.45
#59 4.760    Compiling unicode-ident v1.0.12
#59 4.760    Compiling libc v0.2.178
#59 4.760    Compiling syn v1.0.109
#59 4.760    Compiling unicode-width v0.1.13
#59 4.760    Compiling unicode-segmentation v1.11.0
#59 4.783    Compiling strsim v0.8.0
#59 4.783    Compiling ansi_term v0.12.1
#59 4.783    Compiling eyre v0.6.12
#59 4.783    Compiling vec_map v0.8.2
#59 4.783    Compiling bitflags v1.3.2
#59 4.783    Compiling once_cell v1.21.3
#59 4.783    Compiling indenter v0.3.3
#59 4.783    Compiling lazy_static v1.5.0
#59 4.911    Compiling textwrap v0.11.0
#59 5.086    Compiling proc-macro-error-attr v1.0.4
#59 5.086    Compiling proc-macro-error v1.0.4
#59 5.473    Compiling heck v0.3.3
#59 ...

#60 [prover-header-builder 11/11] RUN NITRO_BUILD_IGNORE_TIMESTAMPS=1 make build-prover-header
#60 0.138 cat: crates/prover/test-cases/link.txt: No such file or directory
#60 0.139 cat: crates/prover/test-cases/link.txt: No such file or directory
#60 0.145 mkdir .make
#60 0.145 test -f target/include/brotli/encode.h || ./scripts/build-brotli.sh -l
#60 0.154 CMake Deprecation Warning at CMakeLists.txt:5 (cmake_minimum_required):
#60 0.154   Compatibility with CMake < 2.8.12 will be removed from a future version of
#60 0.154   CMake.
#60 0.154 
#60 0.154   Update the VERSION argument <min> value or use a ...<max> suffix to tell
#60 0.154   CMake that the project does not need compatibility with older versions.
#60 0.154 
#60 0.154 
#60 0.185 -- The C compiler identification is GNU 12.2.0
#60 0.192 -- Detecting C compiler ABI info
#60 0.236 -- Detecting C compiler ABI info - done
#60 0.243 -- Check for working C compiler: /usr/bin/cc - skipped
#60 0.243 -- Detecting C compile features
#60 0.244 -- Detecting C compile features - done
#60 0.244 -- Build type is 'Release'
#60 0.244 -- Performing Test BROTLI_EMSCRIPTEN
#60 0.283 -- Performing Test BROTLI_EMSCRIPTEN - Failed
#60 0.283 -- Compiler is not EMSCRIPTEN
#60 0.285 -- Looking for log2
#60 0.333 -- Looking for log2 - not found
#60 0.333 -- Looking for log2
#60 0.379 -- Looking for log2 - found
#60 0.387 -- Configuring done
#60 0.410 -- Generating done
#60 0.413 CMake Warning:
#60 0.413   Manually-specified variables were not used by the project:
#60 0.413 
#60 0.413     CMAKE_POLICY_VERSION_MINIMUM
#60 0.413 
#60 0.413 
#60 0.413 -- Build files have been written to: /workspace/brotli/buildfiles/build-local
#60 0.416 make[1]: Entering directory '/workspace/brotli/buildfiles/build-local'
#60 0.428 make[2]: Entering directory '/workspace/brotli/buildfiles/build-local'
#60 0.429 make[3]: Entering directory '/workspace/brotli/buildfiles/build-local'
#60 0.429 make[3]: Entering directory '/workspace/brotli/buildfiles/build-local'
#60 0.434 make[3]: Leaving directory '/workspace/brotli/buildfiles/build-local'
#60 0.434 make[3]: Leaving directory '/workspace/brotli/buildfiles/build-local'
#60 0.435 make[3]: Entering directory '/workspace/brotli/buildfiles/build-local'
#60 0.435 make[3]: Entering directory '/workspace/brotli/buildfiles/build-local'
#60 0.441 [ 11%] Building C object CMakeFiles/brotlicommon.dir/c/common/dictionary.c.o
#60 0.441 [ 11%] Building C object CMakeFiles/brotlicommon-static.dir/c/common/platform.c.o
#60 0.441 [ 11%] Building C object CMakeFiles/brotlicommon-static.dir/c/common/transform.c.o
#60 0.441 [ 11%] Building C object CMakeFiles/brotlicommon-static.dir/c/common/context.c.o
#60 0.441 [ 11%] Building C object CMakeFiles/brotlicommon.dir/c/common/context.c.o
#60 0.441 [ 11%] Building C object CMakeFiles/brotlicommon-static.dir/c/common/constants.c.o
#60 0.441 [ 11%] Building C object CMakeFiles/brotlicommon-static.dir/c/common/shared_dictionary.c.o
#60 0.441 [ 11%] Building C object CMakeFiles/brotlicommon.dir/c/common/platform.c.o
#60 0.442 [ 14%] Building C object CMakeFiles/brotlicommon.dir/c/common/constants.c.o
#60 0.442 [ 14%] Building C object CMakeFiles/brotlicommon-static.dir/c/common/dictionary.c.o
#60 0.443 [ 15%] Building C object CMakeFiles/brotlicommon.dir/c/common/shared_dictionary.c.o
#60 0.443 [ 17%] Building C object CMakeFiles/brotlicommon.dir/c/common/transform.c.o
#60 0.553 [ 18%] Linking C shared library libbrotlicommon.so
#60 0.574 [ 20%] Linking C static library libbrotlicommon-static.a
#60 0.582 make[3]: Leaving directory '/workspace/brotli/buildfiles/build-local'
#60 0.587 [ 20%] Built target brotlicommon
#60 0.588 make[3]: Entering directory '/workspace/brotli/buildfiles/build-local'
#60 0.588 make[3]: Entering directory '/workspace/brotli/buildfiles/build-local'
#60 0.594 make[3]: Leaving directory '/workspace/brotli/buildfiles/build-local'
#60 0.594 make[3]: Leaving directory '/workspace/brotli/buildfiles/build-local'
#60 0.594 make[3]: Entering directory '/workspace/brotli/buildfiles/build-local'
#60 0.595 make[3]: Entering directory '/workspace/brotli/buildfiles/build-local'
#60 0.601 [ 22%] Building C object CMakeFiles/brotlienc.dir/c/enc/brotli_bit_stream.c.o
#60 0.601 [ 22%] Building C object CMakeFiles/brotlienc.dir/c/enc/block_splitter.c.o
#60 0.601 [ 24%] Building C object CMakeFiles/brotlidec.dir/c/dec/decode.c.o
#60 0.602 [ 27%] Building C object CMakeFiles/brotlidec.dir/c/dec/huffman.c.o
#60 0.602 [ 30%] Building C object CMakeFiles/brotlidec.dir/c/dec/state.c.o
#60 0.602 [ 28%] Building C object CMakeFiles/brotlidec.dir/c/dec/bit_reader.c.o
#60 0.602 [ 31%] Building C object CMakeFiles/brotlienc.dir/c/enc/backward_references.c.o
#60 0.602 [ 34%] Building C object CMakeFiles/brotlienc.dir/c/enc/bit_cost.c.o
#60 0.602 [ 34%] Building C object CMakeFiles/brotlienc.dir/c/enc/cluster.c.o
#60 0.602 [ 32%] Building C object CMakeFiles/brotlienc.dir/c/enc/backward_references_hq.c.o
#60 0.603 [ 35%] Building C object CMakeFiles/brotlienc.dir/c/enc/command.c.o
#60 0.603 [ 37%] Building C object CMakeFiles/brotlienc.dir/c/enc/compound_dictionary.c.o
#60 0.603 [ 38%] Building C object CMakeFiles/brotlienc.dir/c/enc/compress_fragment.c.o
#60 0.603 [ 40%] Building C object CMakeFiles/brotlienc.dir/c/enc/dictionary_hash.c.o
#60 0.603 [ 41%] Building C object CMakeFiles/brotlienc.dir/c/enc/encode.c.o
#60 0.604 [ 42%] Building C object CMakeFiles/brotlienc.dir/c/enc/compress_fragment_two_pass.c.o
#60 0.611 [ 45%] Building C object CMakeFiles/brotlienc.dir/c/enc/fast_log.c.o
#60 0.611 [ 45%] Building C object CMakeFiles/brotlienc.dir/c/enc/encoder_dict.c.o
#60 0.612 [ 47%] Building C object CMakeFiles/brotlienc.dir/c/enc/histogram.c.o
#60 0.615 [ 48%] Building C object CMakeFiles/brotlienc.dir/c/enc/entropy_encode.c.o
#60 0.617 [ 50%] Building C object CMakeFiles/brotlienc.dir/c/enc/memory.c.o
#60 0.621 [ 52%] Building C object CMakeFiles/brotlienc.dir/c/enc/literal_cost.c.o
#60 0.621 [ 52%] Building C object CMakeFiles/brotlienc.dir/c/enc/metablock.c.o
#60 0.656 make[3]: Leaving directory '/workspace/brotli/buildfiles/build-local'
#60 0.665 [ 52%] Built target brotlicommon-static
#60 0.666 [ 54%] Building C object CMakeFiles/brotlienc.dir/c/enc/static_dict.c.o
#60 0.667 make[3]: Entering directory '/workspace/brotli/buildfiles/build-local'
#60 0.668 make[3]: Entering directory '/workspace/brotli/buildfiles/build-local'
#60 0.676 [ 55%] Building C object CMakeFiles/brotlienc.dir/c/enc/utf8_util.c.o
#60 0.678 make[3]: Leaving directory '/workspace/brotli/buildfiles/build-local'
#60 0.679 make[3]: Entering directory '/workspace/brotli/buildfiles/build-local'
#60 0.689 [ 58%] Building C object CMakeFiles/brotlidec-static.dir/c/dec/bit_reader.c.o
#60 0.689 [ 58%] Building C object CMakeFiles/brotlidec-static.dir/c/dec/huffman.c.o
#60 0.696 make[3]: Leaving directory '/workspace/brotli/buildfiles/build-local'
#60 0.706 [ 60%] Building C object CMakeFiles/brotlidec-static.dir/c/dec/state.c.o
#60 0.707 make[3]: Entering directory '/workspace/brotli/buildfiles/build-local'
#60 0.713 [ 61%] Building C object CMakeFiles/brotlidec-static.dir/c/dec/decode.c.o
#60 0.717 [ 62%] Building C object CMakeFiles/brotlienc-static.dir/c/enc/backward_references.c.o
#60 0.728 [ 64%] Building C object CMakeFiles/brotlienc-static.dir/c/enc/backward_references_hq.c.o
#60 0.744 [ 65%] Building C object CMakeFiles/brotlienc-static.dir/c/enc/bit_cost.c.o
#60 0.797 [ 67%] Building C object CMakeFiles/brotlienc-static.dir/c/enc/block_splitter.c.o
#60 0.804 [ 68%] Building C object CMakeFiles/brotlienc-static.dir/c/enc/brotli_bit_stream.c.o
#60 0.814 [ 70%] Building C object CMakeFiles/brotlienc-static.dir/c/enc/cluster.c.o
#60 0.821 [ 71%] Building C object CMakeFiles/brotlienc-static.dir/c/enc/command.c.o
#60 0.843 [ 72%] Building C object CMakeFiles/brotlienc-static.dir/c/enc/compress_fragment.c.o
#60 0.865 [ 74%] Building C object CMakeFiles/brotlienc-static.dir/c/enc/compound_dictionary.c.o
#60 0.936 [ 75%] Building C object CMakeFiles/brotlienc-static.dir/c/enc/compress_fragment_two_pass.c.o
#60 0.968 [ 77%] Building C object CMakeFiles/brotlienc-static.dir/c/enc/dictionary_hash.c.o
#60 0.978 [ 78%] Building C object CMakeFiles/brotlienc-static.dir/c/enc/encode.c.o
#60 1.017 [ 80%] Building C object CMakeFiles/brotlienc-static.dir/c/enc/encoder_dict.c.o
#60 1.045 [ 81%] Building C object CMakeFiles/brotlienc-static.dir/c/enc/entropy_encode.c.o
#60 1.083 [ 82%] Building C object CMakeFiles/brotlienc-static.dir/c/enc/fast_log.c.o
#60 1.104 [ 84%] Building C object CMakeFiles/brotlienc-static.dir/c/enc/histogram.c.o
#60 1.143 [ 85%] Building C object CMakeFiles/brotlienc-static.dir/c/enc/literal_cost.c.o
#60 1.153 [ 87%] Building C object CMakeFiles/brotlienc-static.dir/c/enc/memory.c.o
#60 1.165 [ 88%] Building C object CMakeFiles/brotlienc-static.dir/c/enc/static_dict.c.o
#60 1.181 [ 90%] Building C object CMakeFiles/brotlienc-static.dir/c/enc/metablock.c.o
#60 1.216 [ 91%] Building C object CMakeFiles/brotlienc-static.dir/c/enc/utf8_util.c.o
#60 2.277 [ 92%] Linking C shared library libbrotlidec.so
#60 2.370 make[3]: Leaving directory '/workspace/brotli/buildfiles/build-local'
#60 2.383 [ 92%] Built target brotlidec
#60 2.600 [ 94%] Linking C static library libbrotlidec-static.a
#60 2.666 make[3]: Leaving directory '/workspace/brotli/buildfiles/build-local'
#60 2.672 [ 94%] Built target brotlidec-static
#60 6.995 [ 95%] Linking C shared library libbrotlienc.so
#60 7.031 make[3]: Leaving directory '/workspace/brotli/buildfiles/build-local'
#60 7.038 [ 95%] Built target brotlienc
#60 7.129 [ 97%] Linking C static library libbrotlienc-static.a
#60 7.171 make[3]: Leaving directory '/workspace/brotli/buildfiles/build-local'
#60 7.177 [ 97%] Built target brotlienc-static
#60 7.178 make[3]: Entering directory '/workspace/brotli/buildfiles/build-local'
#60 7.185 make[3]: Leaving directory '/workspace/brotli/buildfiles/build-local'
#60 7.185 make[3]: Entering directory '/workspace/brotli/buildfiles/build-local'
#60 7.191 [ 98%] Building C object CMakeFiles/brotli.dir/c/tools/brotli.c.o
#60 7.391 [100%] Linking C executable brotli
#60 7.415 make[3]: Leaving directory '/workspace/brotli/buildfiles/build-local'
#60 7.421 [100%] Built target brotli
#60 7.421 make[2]: Leaving directory '/workspace/brotli/buildfiles/build-local'
#60 7.428 make[1]: Leaving directory '/workspace/brotli/buildfiles/build-local'
#60 7.429 make[1]: Entering directory '/workspace/brotli/buildfiles/build-local'
#60 7.442 make[2]: Entering directory '/workspace/brotli/buildfiles/build-local'
#60 7.443 make[3]: Entering directory '/workspace/brotli/buildfiles/build-local'
#60 7.450 make[3]: Leaving directory '/workspace/brotli/buildfiles/build-local'
#60 7.457 [ 10%] Built target brotlicommon
#60 7.458 make[3]: Entering directory '/workspace/brotli/buildfiles/build-local'
#60 7.465 make[3]: Leaving directory '/workspace/brotli/buildfiles/build-local'
#60 7.471 [ 17%] Built target brotlidec
#60 7.472 make[3]: Entering directory '/workspace/brotli/buildfiles/build-local'
#60 7.481 make[3]: Leaving directory '/workspace/brotli/buildfiles/build-local'
#60 7.489 [ 48%] Built target brotlienc
#60 7.491 make[3]: Entering directory '/workspace/brotli/buildfiles/build-local'
#60 7.497 make[3]: Leaving directory '/workspace/brotli/buildfiles/build-local'
#60 7.504 [ 58%] Built target brotlicommon-static
#60 7.505 make[3]: Entering directory '/workspace/brotli/buildfiles/build-local'
#60 7.512 make[3]: Leaving directory '/workspace/brotli/buildfiles/build-local'
#60 7.518 [ 65%] Built target brotlidec-static
#60 7.520 make[3]: Entering directory '/workspace/brotli/buildfiles/build-local'
#60 7.528 make[3]: Leaving directory '/workspace/brotli/buildfiles/build-local'
#60 7.536 [ 97%] Built target brotlienc-static
#60 7.537 make[3]: Entering directory '/workspace/brotli/buildfiles/build-local'
#60 7.544 make[3]: Leaving directory '/workspace/brotli/buildfiles/build-local'
#60 7.550 [100%] Built target brotli
#60 7.551 make[2]: Leaving directory '/workspace/brotli/buildfiles/build-local'
#60 7.564 Install the project...
#60 7.570 -- Install configuration: "Release"
#60 7.570 -- Installing: /workspace/target/bin/brotli
#60 7.571 -- Installing: /workspace/target/lib/libbrotlienc.so.1.0.9
#60 7.571 -- Installing: /workspace/target/lib/libbrotlienc.so.1
#60 7.572 -- Set runtime path of "/workspace/target/lib/libbrotlienc.so.1.0.9" to ""
#60 7.572 -- Installing: /workspace/target/lib/libbrotlienc.so
#60 7.572 -- Installing: /workspace/target/lib/libbrotlidec.so.1.0.9
#60 7.572 -- Installing: /workspace/target/lib/libbrotlidec.so.1
#60 7.572 -- Set runtime path of "/workspace/target/lib/libbrotlidec.so.1.0.9" to ""
#60 7.573 -- Installing: /workspace/target/lib/libbrotlidec.so
#60 7.573 -- Installing: /workspace/target/lib/libbrotlicommon.so.1.0.9
#60 7.573 -- Installing: /workspace/target/lib/libbrotlicommon.so.1
#60 7.573 -- Installing: /workspace/target/lib/libbrotlicommon.so
#60 7.573 -- Installing: /workspace/target/lib/libbrotlienc-static.a
#60 7.573 -- Installing: /workspace/target/lib/libbrotlidec-static.a
#60 7.573 -- Installing: /workspace/target/lib/libbrotlicommon-static.a
#60 7.573 -- Installing: /workspace/target/include/brotli
#60 7.573 -- Installing: /workspace/target/include/brotli/decode.h
#60 7.573 -- Installing: /workspace/target/include/brotli/encode.h
#60 7.573 -- Installing: /workspace/target/include/brotli/port.h
#60 7.573 -- Installing: /workspace/target/include/brotli/shared_dictionary.h
#60 7.574 -- Installing: /workspace/target/include/brotli/types.h
#60 7.574 -- Installing: /workspace/target/lib/pkgconfig/libbrotlicommon.pc
#60 7.574 -- Installing: /workspace/target/lib/pkgconfig/libbrotlidec.pc
#60 7.574 -- Installing: /workspace/target/lib/pkgconfig/libbrotlienc.pc
#60 7.575 make[1]: Leaving directory '/workspace/brotli/buildfiles/build-local'
#60 7.575 test -f target/include/brotli/decode.h || ./scripts/build-brotli.sh -l
#60 7.575 test -f target/lib/libbrotlicommon-static.a || ./scripts/build-brotli.sh -l
#60 7.576 test -f target/lib/libbrotlienc-static.a || ./scripts/build-brotli.sh -l
#60 7.576 test -f target/lib/libbrotlidec-static.a || ./scripts/build-brotli.sh -l
#60 7.578 test -f target/lib-wasm/libbrotlicommon-static.a || ./scripts/build-brotli.sh -w -d
#60 7.579 test -f target/lib-wasm/libbrotlienc-static.a || ./scripts/build-brotli.sh -w -d
#60 7.579 test -f target/lib-wasm/libbrotlidec-static.a || ./scripts/build-brotli.sh -w -d
#60 7.579 mkdir -p target/machines/latest
#60 7.580 touch .make/machines
#60 7.586 cargo run --release --package forward -- --path crates/wasm-libraries/forward/forward.wat
#60 7.646     Updating crates.io index
#60 ...

#59 [prover-builder 13/16] RUN NITRO_BUILD_IGNORE_TIMESTAMPS=1 make build-prover-lib
#59 6.001    Compiling atty v0.2.14
#59 6.021    Compiling clap v2.34.0
#59 7.132    Compiling structopt-derive v0.4.18
#59 7.483    Compiling structopt v0.3.26
#59 7.505    Compiling forward v0.1.0 (/workspace/crates/wasm-libraries/forward)
#59 9.700     Finished `release` profile [optimized + debuginfo] target(s) in 9.50s
#59 9.770      Running `target/release/forward --path crates/wasm-libraries/forward/forward.wat`
#59 9.781 wat2wasm crates/wasm-libraries/forward/forward.wat -o target/machines/latest/forward.wasm
#59 9.784 cargo run --release --package forward -- --path crates/wasm-libraries/forward/forward_stub.wat --stub
#59 9.906     Finished `release` profile [optimized + debuginfo] target(s) in 0.09s
#59 9.908      Running `target/release/forward --path crates/wasm-libraries/forward/forward_stub.wat --stub`
#59 9.913 wat2wasm crates/wasm-libraries/forward/forward_stub.wat -o target/machines/latest/forward_stub.wasm
#59 9.914 mkdir -p `dirname target/lib/libstylus.a`
#59 9.916 cargo build --profile release --lib -p stylus 
#59 10.04  Downloading crates ...
#59 10.14   Downloaded adler v1.0.2
#59 10.15   Downloaded adler2 v2.0.1
#59 10.16   Downloaded base16ct v0.2.0
#59 10.18   Downloaded cfg-if v1.0.0
#59 10.18   Downloaded block-buffer v0.10.4
#59 10.19   Downloaded heck v0.5.0
#59 10.19   Downloaded block-buffer v0.12.0
#59 10.19   Downloaded bytecheck_derive v0.8.2
#59 10.20   Downloaded convert_case v0.4.0
#59 10.20   Downloaded funty v2.0.0
#59 10.20   Downloaded cranelift-control v0.129.1
#59 10.21   Downloaded cranelift-bitset v0.129.1
#59 10.21   Downloaded enum-iterator v2.3.0
#59 10.21   Downloaded hmac v0.12.1
#59 10.21   Downloaded ident_case v1.0.1
#59 10.22   Downloaded bytecheck v0.8.2
#59 10.22   Downloaded equivalent v1.0.1
#59 10.22   Downloaded crypto-common v0.2.1
#59 10.22   Downloaded cranelift-srcgen v0.129.1
#59 10.22   Downloaded fnv v1.0.7
#59 10.22   Downloaded hex v0.4.3
#59 10.23   Downloaded cpufeatures v0.3.0
#59 10.23   Downloaded byteorder v1.5.0
#59 10.23   Downloaded addr2line v0.22.0
#59 10.23   Downloaded autocfg v1.3.0
#59 10.23   Downloaded enumset_derive v0.10.0
#59 10.23   Downloaded errno v0.3.14
#59 10.24   Downloaded crypto-common v0.1.6
#59 10.24   Downloaded generic-array v0.14.7
#59 10.24   Downloaded filetime v0.2.27
#59 10.24   Downloaded glob v0.3.1
#59 10.24   Downloaded memoffset v0.9.1
#59 10.24   Downloaded rfc6979 v0.4.0
#59 10.24   Downloaded signature v2.2.0
#59 10.25   Downloaded leb128 v0.2.5
#59 10.25   Downloaded stable_deref_trait v1.2.0
#59 10.25   Downloaded munge_macro v0.4.7
#59 10.25   Downloaded strsim v0.11.1
#59 10.25   Downloaded simd-adler32 v0.3.8
#59 10.25   Downloaded num-conv v0.2.0
#59 10.25   Downloaded const-oid v0.9.6
#59 10.26   Downloaded tap v1.0.1
#59 10.26   Downloaded foldhash v0.2.0
#59 10.26   Downloaded cranelift-frontend v0.129.1
#59 10.26   Downloaded scopeguard v1.2.0
#59 10.26   Downloaded smallvec v1.15.1
#59 10.26   Downloaded ptr_meta v0.3.1
#59 10.27   Downloaded base64 v0.22.1
#59 10.27   Downloaded thiserror-impl v1.0.63
#59 10.27   Downloaded thiserror v2.0.18
#59 10.28   Downloaded threadpool v1.8.1
#59 10.28   Downloaded cranelift-codegen-meta v0.129.1
#59 10.28   Downloaded thiserror-impl v2.0.18
#59 10.28   Downloaded flate2 v1.1.9
#59 10.29   Downloaded derive_more-impl v2.1.1
#59 10.29   Downloaded derive_more v2.1.1
#59 10.30   Downloaded toml_datetime v0.6.11
#59 10.31   Downloaded tinyvec_macros v0.1.1
#59 10.31   Downloaded unicode-xid v0.2.6
#59 10.31   Downloaded xattr v1.6.1
#59 10.31   Downloaded wasmtime-internal-core v42.0.1
#59 10.31   Downloaded zeroize v1.8.1
#59 10.32   Downloaded syn v2.0.117
#59 10.33   Downloaded rkyv_derive v0.8.15
#59 10.33   Downloaded num-integer v0.1.46
#59 10.33   Downloaded num-derive v0.4.2
#59 10.33   Downloaded shlex v1.3.0
#59 10.33   Downloaded semver v1.0.23
#59 10.34   Downloaded zeroize_derive v1.4.2
#59 10.34   Downloaded toml_edit v0.22.27
#59 10.34   Downloaded unicode-width v0.2.2
#59 10.35   Downloaded rancor v0.1.1
#59 10.35   Downloaded tracing v0.1.44
#59 10.36   Downloaded which v8.0.2
#59 10.36   Downloaded winnow v0.7.13
#59 10.37   Downloaded wasmparser v0.245.1
#59 10.38   Downloaded wasm-encoder v0.245.1
#59 10.38   Downloaded tempfile v3.25.0
#59 10.38   Downloaded miniz_oxide v0.7.4
#59 10.38   Downloaded log v0.4.29
#59 10.39   Downloaded serde_derive v1.0.228
#59 10.39   Downloaded bitvec v1.0.1
#59 10.40   Downloaded serde_core v1.0.228
#59 10.41   Downloaded miniz_oxide v0.8.9
#59 10.41   Downloaded rangemap v1.7.1
#59 10.41   Downloaded prettyplease v0.2.37
#59 10.41   Downloaded num-traits v0.2.19
#59 10.42   Downloaded memmap2 v0.9.10
#59 10.42   Downloaded time-macros v0.2.27
#59 10.42   Downloaded target-lexicon v0.13.5
#59 10.42   Downloaded spin v0.10.0
#59 10.42   Downloaded dynasmrt v5.0.0
#59 10.42   Downloaded sha2 v0.11.0-rc.5
#59 10.43   Downloaded rayon-core v1.12.1
#59 10.43   Downloaded rand v0.10.1
#59 10.43   Downloaded minimal-lexical v0.2.1
#59 10.44   Downloaded serde v1.0.228
#59 10.44   Downloaded k256 v0.13.4
#59 10.44   Downloaded nom v7.1.3
#59 10.45   Downloaded hashbrown v0.14.5
#59 10.45   Downloaded itertools v0.13.0
#59 10.46   Downloaded ruzstd v0.8.2
#59 10.47   Downloaded rayon v1.10.0
#59 10.47   Downloaded serde_with v3.9.0
#59 10.48   Downloaded regex v1.12.3
#59 10.49   Downloaded libm v0.2.16
#59 10.50   Downloaded serde_json v1.0.121
#59 10.50   Downloaded rkyv v0.8.15
#59 10.51   Downloaded regalloc2 v0.13.5
#59 10.52   Downloaded itertools v0.14.0
#59 10.52   Downloaded ruint2 v1.9.0
#59 10.53   Downloaded num-bigint v0.4.6
#59 10.54   Downloaded object v0.38.1
#59 10.55   Downloaded regex-syntax v0.8.10
#59 10.55   Downloaded memchr v2.7.4
#59 10.56   Downloaded object v0.36.2
#59 10.57   Downloaded rustix v1.1.3
#59 10.59   Downloaded indexmap v2.13.0
#59 10.59   Downloaded serde_with_macros v3.9.0
#59 10.60   Downloaded ryu v1.0.18
#59 10.60   Downloaded rand_core v0.10.1
#59 10.60   Downloaded wat v1.245.1
#59 10.60   Downloaded cranelift-codegen v0.129.1
#59 10.62   Downloaded parking_lot v0.12.3
#59 10.63   Downloaded indexmap v1.9.3
#59 10.63   Downloaded rustversion v1.0.22
#59 10.63   Downloaded regex-automata v0.4.14
#59 10.64   Downloaded num-rational v0.4.2
#59 10.64   Downloaded time v0.3.47
#59 10.66   Downloaded sec1 v0.7.3
#59 10.66   Downloaded paste v1.0.15
#59 10.66   Downloaded hybrid-array v0.4.8
#59 10.66   Downloaded c-kzg v2.1.1
#59 10.69   Downloaded rustc-demangle v0.1.24
#59 10.69   Downloaded rand_core v0.6.4
#59 10.69   Downloaded num_enum v0.7.3
#59 10.69   Downloaded num-complex v0.4.6
#59 10.70   Downloaded memmap2 v0.6.2
#59 10.70   Downloaded lru v0.16.3
#59 10.70   Downloaded lock_api v0.4.12
#59 10.70   Downloaded proc-macro-error2 v2.0.1
#59 10.70   Downloaded proc-macro-crate v3.3.0
#59 10.70   Downloaded parking_lot_core v0.9.10
#59 10.70   Downloaded num_enum_derive v0.7.3
#59 10.71   Downloaded wast v245.0.1
#59 10.72   Downloaded munge v0.4.7
#59 10.72   Downloaded libloading v0.8.9
#59 10.72   Downloaded wyz v0.5.1
#59 10.72   Downloaded shared-buffer v0.1.4
#59 10.72   Downloaded sha2 v0.10.9
#59 10.72   Downloaded rustc_version v0.4.0
#59 10.72   Downloaded region v3.0.2
#59 10.73   Downloaded radium v0.7.0
#59 10.73   Downloaded pin-project-lite v0.2.14
#59 10.73   Downloaded blst v0.3.14
#59 10.74   Downloaded typenum v1.17.0
#59 10.75   Downloaded tracing-core v0.1.36
#59 10.75   Downloaded ptr_meta_derive v0.3.1
#59 10.75   Downloaded gimli v0.33.0
#59 10.75   Downloaded uuid v1.10.0
#59 10.76   Downloaded powerfmt v0.2.0
#59 10.76   Downloaded gimli v0.29.0
#59 10.76   Downloaded twox-hash v2.1.2
#59 10.77   Downloaded tracing-attributes v0.1.31
#59 10.77   Downloaded chrono v0.4.38
#59 10.77   Downloaded bindgen v0.72.1
#59 10.78   Downloaded leb128fmt v0.1.0
#59 10.78   Downloaded hashbrown v0.16.1
#59 10.78   Downloaded hashbrown v0.15.5
#59 10.79   Downloaded dynasm v5.0.0
#59 10.79   Downloaded aho-corasick v1.1.3
#59 10.80   Downloaded tinyvec v1.8.0
#59 10.80   Downloaded tiny-keccak v2.0.2
#59 10.80   Downloaded time-core v0.1.8
#59 10.80   Downloaded rend v0.5.3
#59 10.80   Downloaded rand_pcg v0.10.2
#59 10.80   Downloaded num-iter v0.1.45
#59 10.80   Downloaded num v0.4.3
#59 10.81   Downloaded hashbrown v0.12.3
#59 10.81   Downloaded der v0.7.10
#59 10.81   Downloaded crossbeam-channel v0.5.15
#59 10.82   Downloaded cc v1.2.54
#59 10.82   Downloaded bumpalo v3.16.0
#59 10.82   Downloaded thiserror v1.0.63
#59 10.83   Downloaded tar v0.4.44
#59 10.83   Downloaded ruint2-macro v1.0.3
#59 10.83   Downloaded crypto-bigint v0.5.5
#59 10.83   Downloaded cranelift-isle v0.129.1
#59 10.84   Downloaded bytes v1.11.1
#59 10.84   Downloaded proc-macro-error-attr2 v2.0.0
#59 10.84   Downloaded iana-time-zone v0.1.60
#59 10.84   Downloaded elliptic-curve v0.13.8
#59 10.85   Downloaded cranelift-assembler-x64-meta v0.129.1
#59 10.85   Downloaded corosensei v0.3.3
#59 10.85   Downloaded self_cell v1.0.4
#59 10.85   Downloaded num_cpus v1.16.0
#59 10.86   Downloaded itoa v1.0.11
#59 10.86   Downloaded allocator-api2 v0.2.18
#59 10.86   Downloaded more-asserts v0.3.1
#59 10.86   Downloaded getrandom v0.4.2
#59 10.86   Downloaded derive_more v0.99.18
#59 10.87   Downloaded darling_core v0.20.10
#59 10.87   Downloaded const-oid v0.10.2
#59 10.88   Downloaded convert_case v0.10.0
#59 10.88   Downloaded arbitrary v1.4.2
#59 10.88   Downloaded derivative v2.2.0
#59 10.89   Downloaded crossbeam-deque v0.8.5
#59 10.89   Downloaded crc32fast v1.5.0
#59 10.89   Downloaded cranelift-entity v0.129.1
#59 10.89   Downloaded clang-sys v1.8.1
#59 10.89   Downloaded subtle v2.6.1
#59 10.89   Downloaded static_assertions v1.1.0
#59 10.90   Downloaded simdutf8 v0.1.4
#59 10.90   Downloaded crossbeam-utils v0.8.20
#59 10.90   Downloaded chacha20 v0.10.0
#59 10.90   Downloaded bitflags v2.11.0
#59 10.91   Downloaded crossbeam-epoch v0.9.18
#59 10.91   Downloaded cranelift-bforest v0.129.1
#59 10.91   Downloaded rustc-hash v2.1.1
#59 10.91   Downloaded enumset v1.1.5
#59 10.91   Downloaded darling v0.20.10
#59 10.92   Downloaded cranelift-assembler-x64 v0.129.1
#59 10.92   Downloaded cmake v0.1.57
#59 10.92   Downloaded digest v0.10.7
#59 10.92   Downloaded clru v0.6.2
#59 10.92   Downloaded cexpr v0.6.0
#59 10.92   Downloaded ff v0.13.1
#59 10.92   Downloaded backtrace v0.3.73
#59 10.93   Downloaded group v0.13.0
#59 10.93   Downloaded find-msvc-tools v0.1.8
#59 10.93   Downloaded ecdsa v0.16.9
#59 10.93   Downloaded libunwind v1.3.3
#59 10.93   Downloaded foldhash v0.1.5
#59 10.93   Downloaded enum-iterator-derive v1.5.0
#59 10.93   Downloaded bytesize v2.3.1
#59 10.94   Downloaded bincode v1.3.3
#59 10.94   Downloaded deranged v0.5.5
#59 10.94   Downloaded either v1.15.0
#59 10.94   Downloaded digest v0.11.2
#59 10.94   Downloaded dashmap v6.1.0
#59 10.94   Downloaded fastrand v2.3.0
#59 10.94   Downloaded darling_macro v0.20.10
#59 10.94   Downloaded crunchy v0.2.2
#59 10.95   Downloaded crossbeam-queue v0.3.11
#59 10.95   Downloaded cranelift-codegen-shared v0.129.1
#59 10.95   Downloaded cpufeatures v0.2.12
#59 10.95   Downloaded linux-raw-sys v0.11.0
#59 11.07    Compiling libc v0.2.178
#59 11.07    Compiling serde_core v1.0.228
#59 11.07    Compiling typenum v1.17.0
#59 11.07    Compiling autocfg v1.3.0
#59 11.07    Compiling serde v1.0.228
#59 11.07    Compiling shlex v1.3.0
#59 11.07    Compiling allocator-api2 v0.2.18
#59 11.07    Compiling cfg-if v1.0.0
#59 11.07    Compiling find-msvc-tools v0.1.8
#59 11.07    Compiling foldhash v0.2.0
#59 11.07    Compiling equivalent v1.0.1
#59 11.08    Compiling crossbeam-utils v0.8.20
#59 11.08    Compiling fnv v1.0.7
#59 11.08    Compiling strsim v0.11.1
#59 11.09    Compiling ident_case v1.0.1
#59 11.09    Compiling memchr v2.7.4
#59 11.10    Compiling generic-array v0.14.7
#59 11.10    Compiling subtle v2.6.1
#59 11.10    Compiling cranelift-srcgen v0.129.1
#59 11.10    Compiling syn v2.0.117
#59 11.10    Compiling scopeguard v1.2.0
#59 11.13    Compiling libm v0.2.16
#59 11.13    Compiling const-oid v0.9.6
#59 11.22    Compiling cc v1.2.54
#59 11.23    Compiling target-lexicon v0.13.5
#59 11.23    Compiling bitflags v2.11.0
#59 11.24    Compiling cpufeatures v0.2.12
#59 11.26    Compiling getrandom v0.4.2
#59 11.28    Compiling parking_lot_core v0.9.10
#59 11.29    Compiling wasmtime-internal-core v42.0.1
#59 11.29    Compiling cranelift-assembler-x64-meta v0.129.1
#59 11.32    Compiling simdutf8 v0.1.4
#59 11.36    Compiling lock_api v0.4.12
#59 11.39    Compiling num-traits v0.2.19
#59 11.41    Compiling thiserror v2.0.18
#59 11.41    Compiling hex v0.4.3
#59 11.44    Compiling bytes v1.11.1
#59 11.45    Compiling stable_deref_trait v1.2.0
#59 11.50    Compiling cranelift-isle v0.129.1
#59 11.50    Compiling crc32fast v1.5.0
#59 11.52    Compiling semver v1.0.23
#59 11.52    Compiling const-oid v0.10.2
#59 11.66    Compiling glob v0.3.1
#59 11.75    Compiling bumpalo v3.16.0
#59 11.77    Compiling memoffset v0.9.1
#59 11.78    Compiling corosensei v0.3.3
#59 11.81    Compiling crossbeam-epoch v0.9.18
#59 11.85    Compiling simd-adler32 v0.3.8
#59 11.88    Compiling adler v1.0.2
#59 11.91    Compiling rustix v1.1.3
#59 11.92    Compiling adler2 v2.0.1
#59 11.95    Compiling heck v0.5.0
#59 11.97    Compiling clang-sys v1.8.1
#59 12.04    Compiling prettyplease v0.2.37
#59 12.10    Compiling cranelift-codegen-shared v0.129.1
#59 12.16    Compiling either v1.15.0
#59 12.18    Compiling rayon-core v1.12.1
#59 12.21    Compiling gimli v0.29.0
#59 12.24    Compiling crossbeam-deque v0.8.5
#59 12.28    Compiling hybrid-array v0.4.8
#59 12.31    Compiling cranelift-codegen-meta v0.129.1
#59 12.32    Compiling miniz_oxide v0.8.9
#59 12.38    Compiling miniz_oxide v0.7.4
#59 12.62    Compiling object v0.36.2
#59 12.63    Compiling proc-macro-error-attr2 v2.0.0
#59 12.72    Compiling linux-raw-sys v0.11.0
#59 12.73    Compiling backtrace v0.3.73
#59 12.80    Compiling twox-hash v2.1.2
#59 12.88    Compiling crypto-common v0.2.1
#59 12.88    Compiling block-buffer v0.12.0
#59 12.91    Compiling syn v1.0.109
#59 12.97    Compiling cranelift-bitset v0.129.1
#59 13.10    Compiling hashbrown v0.14.5
#59 13.13    Compiling hashbrown v0.16.1
#59 13.15    Compiling more-asserts v0.3.1
#59 13.16    Compiling minimal-lexical v0.2.1
#59 13.28    Compiling regex-syntax v0.8.10
#59 13.30    Compiling object v0.38.1
#59 13.39    Compiling foldhash v0.1.5
#59 13.40    Compiling rustc-demangle v0.1.24
#59 13.53    Compiling hashbrown v0.15.5
#59 13.58    Compiling region v3.0.2
#59 13.58    Compiling nom v7.1.3
#59 13.67    Compiling cranelift-entity v0.129.1
#59 13.73    Compiling cranelift-assembler-x64 v0.129.1
#59 13.76    Compiling indexmap v2.13.0
#59 13.92    Compiling digest v0.11.2
#59 13.93    Compiling ruzstd v0.8.2
#59 14.01    Compiling flate2 v1.1.9
#59 14.19    Compiling sha2 v0.11.0-rc.5
#59 14.30    Compiling memmap2 v0.9.10
#59 ...

#49 [contracts-builder 13/15] RUN cd safe-smart-account && npm install
#49 10.04 
#49 10.04 > @safe-global/safe-smart-account@1.5.0 prepublish
#49 10.04 > rimraf build && npm run build && npm run build:ts
#49 10.04 
#49 10.16 
#49 10.16 > @safe-global/safe-smart-account@1.5.0 build
#49 10.16 > hardhat compile
#49 10.16 
#49 11.38 Downloading compiler 0.7.6
#49 12.64 @openzeppelin/contracts/introspection/ERC165.sol:24:5: Warning: Visibility for constructor is ignored. If you want the contract to be non-deployable, making it "abstract" is sufficient.
#49 12.64     constructor () internal {
#49 12.64     ^ (Relevant source part starts here and spans across multiple lines).
#49 12.64 
#49 12.64 @openzeppelin/contracts/proxy/UpgradeableProxy.sol:24:5: Warning: Visibility for constructor is ignored. If you want the contract to be non-deployable, making it "abstract" is sufficient.
#49 12.64     constructor(address _logic, bytes memory _data) public payable {
#49 12.64     ^ (Relevant source part starts here and spans across multiple lines).
#49 12.64 
#49 12.64 @openzeppelin/contracts/token/ERC1155/ERC1155.sol:55:5: Warning: Visibility for constructor is ignored. If you want the contract to be non-deployable, making it "abstract" is sufficient.
#49 12.64     constructor (string memory uri_) public {
#49 12.64     ^ (Relevant source part starts here and spans across multiple lines).
#49 12.64 
#49 12.64 @openzeppelin/contracts/token/ERC20/ERC20.sol:55:5: Warning: Visibility for constructor is ignored. If you want the contract to be non-deployable, making it "abstract" is sufficient.
#49 12.64     constructor (string memory name_, string memory symbol_) public {
#49 12.64     ^ (Relevant source part starts here and spans across multiple lines).
#49 12.64 
#49 12.64 @openzeppelin/contracts/token/ERC721/ERC721.sol:93:5: Warning: Visibility for constructor is ignored. If you want the contract to be non-deployable, making it "abstract" is sufficient.
#49 12.64     constructor (string memory name_, string memory symbol_) public {
#49 12.64     ^ (Relevant source part starts here and spans across multiple lines).
#49 12.64 
#49 12.64 contracts/libraries/SafeToL2Setup.sol:74:5: Warning: Function state mutability can be restricted to pure
#49 12.64     function chainId() private view returns (uint256 result) {
#49 12.64     ^ (Relevant source part starts here and spans across multiple lines).
#49 12.64 
#49 12.64 contracts/proxies/SafeProxyFactory.sol:137:5: Warning: Function state mutability can be restricted to pure
#49 12.64     function getChainId() public view returns (uint256) {
#49 12.64     ^ (Relevant source part starts here and spans across multiple lines).
#49 12.64 
#49 12.76 Generating typings for: 103 artifacts in dir: typechain-types for target: ethers-v6
#49 14.28 Successfully generated 240 typings!
#49 14.28 Compiled 88 Solidity files successfully (evm target: istanbul).
#49 14.41 
#49 14.41 > @safe-global/safe-smart-account@1.5.0 build:ts
#49 14.41 > rimraf dist && tsc -p tsconfig.prod.json
#49 14.41 
#49 17.97 
#49 17.97 > @safe-global/safe-smart-account@1.5.0 prepare
#49 17.97 > husky
#49 17.97 
#49 18.02 .git can't be found
#49 18.05 added 832 packages, and audited 833 packages in 18s
#49 18.05 
#49 18.05 211 packages are looking for funding
#49 18.05   run `npm fund` for details
#49 18.16 
#49 18.16 64 vulnerabilities (18 low, 19 moderate, 21 high, 6 critical)
#49 18.16 
#49 18.16 To address issues that do not require attention, run:
#49 18.16   npm audit fix
#49 18.16 
#49 18.16 To address all issues (including breaking changes), run:
#49 18.16   npm audit fix --force
#49 18.16 
#49 18.16 Run `npm audit` for details.
#49 DONE 18.7s

#59 [prover-builder 13/16] RUN NITRO_BUILD_IGNORE_TIMESTAMPS=1 make build-prover-lib
#59 14.44    Compiling memmap2 v0.6.2
#59 14.62    Compiling regex-automata v0.4.14
#59 14.67    Compiling itertools v0.14.0
#59 14.74    Compiling darling_core v0.20.10
#59 ...

#61 [contracts-builder 14/15] COPY Makefile .
#61 DONE 0.4s

#59 [prover-builder 13/16] RUN NITRO_BUILD_IGNORE_TIMESTAMPS=1 make build-prover-lib
#59 14.76    Compiling proc-macro-error2 v2.0.1
#59 14.99    Compiling addr2line v0.22.0
#59 15.01    Compiling crossbeam-queue v0.3.11
#59 15.01    Compiling libloading v0.8.9
#59 15.14    Compiling libunwind v1.3.3
#59 15.14    Compiling bytesize v2.3.1
#59 15.15    Compiling log v0.4.29
#59 15.18    Compiling arbitrary v1.4.2
#59 15.22    Compiling rustc-hash v2.1.1
#59 15.32    Compiling toml_datetime v0.6.11
#59 15.33    Compiling bindgen v0.72.1
#59 15.34    Compiling winnow v0.7.13
#59 15.38    Compiling fastrand v2.3.0
#59 15.49    Compiling cexpr v0.6.0
#59 15.51    Compiling xattr v1.6.1
#59 15.55    Compiling cranelift-codegen v0.129.1
#59 15.59    Compiling itertools v0.13.0
#59 15.64    Compiling tempfile v3.25.0
#59 15.66    Compiling rayon v1.10.0
#59 15.93    Compiling gimli v0.33.0
#59 16.37    Compiling regex v1.12.3
#59 16.60    Compiling cranelift-control v0.129.1
#59 16.64    Compiling serde_derive v1.0.228
#59 16.68    Compiling zeroize_derive v1.4.2
#59 16.68    Compiling ptr_meta_derive v0.3.1
#59 16.76    Compiling bytecheck_derive v0.8.2
#59 16.84    Compiling munge_macro v0.4.7
#59 16.93    Compiling thiserror-impl v2.0.18
#59 17.03    Compiling ptr_meta v0.3.1
#59 17.18    Compiling rancor v0.1.1
#59 17.19    Compiling enum-iterator-derive v1.5.0
#59 17.33    Compiling rkyv_derive v0.8.15
#59 17.42    Compiling zeroize v1.8.1
#59 17.47    Compiling toml_edit v0.22.27
#59 17.61    Compiling bytecheck v0.8.2
#59 17.63    Compiling shared-buffer v0.1.4
#59 17.63    Compiling munge v0.4.7
#59 17.81    Compiling cranelift-bforest v0.129.1
#59 17.88    Compiling darling_macro v0.20.10
#59 17.97    Compiling rend v0.5.3
#59 18.18    Compiling darling v0.20.10
#59 18.22    Compiling filetime v0.2.27
#59 18.28    Compiling enumset_derive v0.10.0
#59 18.28    Compiling which v8.0.2
#59 18.37    Compiling crossbeam-channel v0.5.15
#59 18.41    Compiling leb128 v0.2.5
#59 18.48    Compiling crypto-common v0.1.6
#59 18.54    Compiling block-buffer v0.10.4
#59 18.59    Compiling enum-iterator v2.3.0
#59 18.62    Compiling rangemap v1.7.1
#59 18.68    Compiling digest v0.10.7
#59 18.95    Compiling lazy_static v1.5.0
#59 18.96    Compiling leb128fmt v0.1.0
#59 19.02    Compiling self_cell v1.0.4
#59 19.09    Compiling wasm-encoder v0.245.1
#59 19.10    Compiling tar v0.4.44
#59 19.13    Compiling enumset v1.1.5
#59 19.20    Compiling rustc_version v0.4.0
#59 19.22    Compiling tracing-attributes v0.1.31
#59 19.36    Compiling cmake v0.1.57
#59 19.42    Compiling convert_case v0.10.0
#59 19.51    Compiling proc-macro-crate v3.3.0
#59 19.51    Compiling tracing-core v0.1.36
#59 19.71    Compiling unicode-xid v0.2.6
#59 19.84    Compiling thiserror v1.0.63
#59 19.85    Compiling crunchy v0.2.2
#59 20.07    Compiling rand_core v0.6.4
#59 20.12    Compiling unicode-width v0.1.13
#59 20.14    Compiling paste v1.0.15
#59 20.20    Compiling unicode-width v0.2.2
#59 20.21    Compiling pin-project-lite v0.2.14
#59 20.25    Compiling textwrap v0.11.0
#59 20.37    Compiling derive_more-impl v2.1.1
#59 20.37    Compiling ruint2 v1.9.0
#59 20.38    Compiling thiserror-impl v1.0.63
#59 20.41    Compiling blst v0.3.14
#59 20.43    Compiling wast v245.0.1
#59 20.43    Compiling atty v0.2.14
#59 20.54    Compiling tiny-keccak v2.0.2
#59 20.55    Compiling ansi_term v0.12.1
#59 20.56    Compiling convert_case v0.4.0
#59 20.64    Compiling strsim v0.8.0
#59 20.74    Compiling vec_map v0.8.2
#59 20.75    Compiling bitflags v1.3.2
#59 20.84    Compiling tracing v0.1.44
#59 20.86    Compiling num_enum_derive v0.7.3
#59 20.89    Compiling clap v2.34.0
#59 20.96    Compiling derive_more v0.99.18
#59 21.00    Compiling wasmer-derive v7.1.0 (/workspace/crates/tools/wasmer/lib/derive)
#59 21.34    Compiling num-integer v0.1.46
#59 21.43    Compiling eyre v0.6.12
#59 21.44    Compiling ruint2-macro v1.0.3
#59 21.47    Compiling brotli v0.1.0 (/workspace/crates/brotli)
#59 21.55    Compiling once_cell v1.21.3
#59 21.64    Compiling smallvec v1.15.1
#59 21.71    Compiling wasmparser v0.245.1
#59 21.86    Compiling proc-macro-error v1.0.4
#59 21.87    Compiling serde_json v1.0.121
#59 21.89    Compiling indenter v0.3.3
#59 22.09    Compiling regalloc2 v0.13.5
#59 22.09    Compiling num_enum v0.7.3
#59 22.20    Compiling ff v0.13.1
#59 22.22    Compiling serde_with_macros v3.9.0
#59 22.47    Compiling dashmap v6.1.0
#59 22.50    Compiling parking_lot v0.12.3
#59 22.73    Compiling der v0.7.10
#59 22.94    Compiling c-kzg v2.1.1
#59 23.28    Compiling num_cpus v1.16.0
#59 23.47    Compiling ryu v1.0.18
#59 23.47    Compiling derive_more v2.1.1
#59 23.71    Compiling itoa v1.0.11
#59 23.71    Compiling radium v0.7.0
#59 23.91    Compiling base64 v0.22.1
#59 23.97    Compiling byteorder v1.5.0
#59 24.17    Compiling rkyv v0.8.15
#59 24.23    Compiling base16ct v0.2.0
#59 24.41    Compiling structopt-derive v0.4.18
#59 24.48    Compiling dynasm v5.0.0
#59 24.50    Compiling sec1 v0.7.3
#59 24.64    Compiling serde_with v3.9.0
#59 ...

#62 [contracts-builder 15/15] RUN . ~/.bashrc && NITRO_BUILD_IGNORE_TIMESTAMPS=1 make build-solidity
#62 0.321 cat: crates/prover/test-cases/link.txt: No such file or directory
#62 0.330 cat: crates/prover/test-cases/link.txt: No such file or directory
#62 0.452 mkdir .make
#62 0.454 npm --prefix safe-smart-account install
#62 3.163 
#62 3.163 > @safe-global/safe-smart-account@1.5.0 prepublish
#62 3.163 > rimraf build && npm run build && npm run build:ts
#62 3.163 
#62 3.564 
#62 3.564 > @safe-global/safe-smart-account@1.5.0 build
#62 3.564 > hardhat compile
#62 3.564 
#62 7.433 @openzeppelin/contracts/introspection/ERC165.sol:24:5: Warning: Visibility for constructor is ignored. If you want the contract to be non-deployable, making it "abstract" is sufficient.
#62 7.433     constructor () internal {
#62 7.433     ^ (Relevant source part starts here and spans across multiple lines).
#62 7.433 
#62 7.433 @openzeppelin/contracts/proxy/UpgradeableProxy.sol:24:5: Warning: Visibility for constructor is ignored. If you want the contract to be non-deployable, making it "abstract" is sufficient.
#62 7.433     constructor(address _logic, bytes memory _data) public payable {
#62 7.433     ^ (Relevant source part starts here and spans across multiple lines).
#62 7.433 
#62 7.434 @openzeppelin/contracts/token/ERC1155/ERC1155.sol:55:5: Warning: Visibility for constructor is ignored. If you want the contract to be non-deployable, making it "abstract" is sufficient.
#62 7.434     constructor (string memory uri_) public {
#62 7.434     ^ (Relevant source part starts here and spans across multiple lines).
#62 7.434 
#62 7.434 @openzeppelin/contracts/token/ERC20/ERC20.sol:55:5: Warning: Visibility for constructor is ignored. If you want the contract to be non-deployable, making it "abstract" is sufficient.
#62 7.434     constructor (string memory name_, string memory symbol_) public {
#62 7.434     ^ (Relevant source part starts here and spans across multiple lines).
#62 7.434 
#62 7.434 @openzeppelin/contracts/token/ERC721/ERC721.sol:93:5: Warning: Visibility for constructor is ignored. If you want the contract to be non-deployable, making it "abstract" is sufficient.
#62 7.434     constructor (string memory name_, string memory symbol_) public {
#62 7.434     ^ (Relevant source part starts here and spans across multiple lines).
#62 7.434 
#62 7.434 contracts/libraries/SafeToL2Setup.sol:74:5: Warning: Function state mutability can be restricted to pure
#62 7.434     function chainId() private view returns (uint256 result) {
#62 7.434     ^ (Relevant source part starts here and spans across multiple lines).
#62 7.434 
#62 7.434 contracts/proxies/SafeProxyFactory.sol:137:5: Warning: Function state mutability can be restricted to pure
#62 7.434     function getChainId() public view returns (uint256) {
#62 7.434     ^ (Relevant source part starts here and spans across multiple lines).
#62 7.434 
#62 7.608 Generating typings for: 103 artifacts in dir: typechain-types for target: ethers-v6
#62 ...

#60 [prover-header-builder 11/11] RUN NITRO_BUILD_IGNORE_TIMESTAMPS=1 make build-prover-header
#60 13.38  Downloading crates ...
#60 13.55   Downloaded ansi_term v0.12.1
#60 13.55   Downloaded heck v0.3.3
#60 13.56   Downloaded atty v0.2.14
#60 13.57   Downloaded eyre v0.6.12
#60 13.57   Downloaded lazy_static v1.5.0
#60 13.58   Downloaded indenter v0.3.3
#60 13.58   Downloaded vec_map v0.8.2
#60 13.60   Downloaded strsim v0.8.0
#60 13.60   Downloaded proc-macro-error-attr v1.0.4
#60 13.60   Downloaded version_check v0.9.5
#60 13.60   Downloaded structopt-derive v0.4.18
#60 13.62   Downloaded proc-macro-error v1.0.4
#60 13.62   Downloaded unicode-ident v1.0.12
#60 13.62   Downloaded textwrap v0.11.0
#60 13.62   Downloaded proc-macro2 v1.0.106
#60 13.63   Downloaded structopt v0.3.26
#60 13.64   Downloaded once_cell v1.21.3
#60 13.64   Downloaded unicode-segmentation v1.11.0
#60 13.65   Downloaded quote v1.0.45
#60 13.65   Downloaded clap v2.34.0
#60 13.66   Downloaded bitflags v1.3.2
#60 13.67   Downloaded syn v1.0.109
#60 13.68   Downloaded unicode-width v0.1.13
#60 13.69   Downloaded libc v0.2.178
#60 13.78    Compiling version_check v0.9.5
#60 13.78    Compiling proc-macro2 v1.0.106
#60 13.78    Compiling unicode-ident v1.0.12
#60 13.78    Compiling quote v1.0.45
#60 13.78    Compiling libc v0.2.178
#60 13.78    Compiling syn v1.0.109
#60 13.78    Compiling unicode-segmentation v1.11.0
#60 13.78    Compiling unicode-width v0.1.13
#60 13.78    Compiling eyre v0.6.12
#60 13.78    Compiling strsim v0.8.0
#60 13.78    Compiling vec_map v0.8.2
#60 13.81    Compiling ansi_term v0.12.1
#60 13.81    Compiling bitflags v1.3.2
#60 13.81    Compiling lazy_static v1.5.0
#60 13.81    Compiling once_cell v1.21.3
#60 13.81    Compiling indenter v0.3.3
#60 13.93    Compiling textwrap v0.11.0
#60 14.29    Compiling heck v0.3.3
#60 14.37    Compiling proc-macro-error-attr v1.0.4
#60 14.37    Compiling proc-macro-error v1.0.4
#60 15.46    Compiling atty v0.2.14
#60 15.51    Compiling clap v2.34.0
#60 17.72    Compiling structopt-derive v0.4.18
#60 18.60    Compiling structopt v0.3.26
#60 18.65    Compiling forward v0.1.0 (/workspace/crates/wasm-libraries/forward)
#60 ...

#59 [prover-builder 13/16] RUN NITRO_BUILD_IGNORE_TIMESTAMPS=1 make build-prover-lib
#59 25.35    Compiling threadpool v1.8.1
#59 25.56    Compiling group v0.13.0
#59 25.64    Compiling num-bigint v0.4.6
#59 25.83    Compiling structopt v0.3.26
#59 25.93    Compiling forward v0.1.0 (/workspace/crates/wasm-libraries/forward)
#59 25.94    Compiling crypto-bigint v0.5.5
#59 26.08    Compiling hmac v0.12.1
#59 26.09    Compiling sha2 v0.10.9
#59 26.34    Compiling tap v1.0.1
#59 26.59    Compiling wyz v0.5.1
#59 26.84    Compiling rfc6979 v0.4.0
#59 26.98    Compiling prover v0.1.0 (/workspace/crates/prover)
#59 27.21    Compiling wasmer v7.1.0 (/workspace/crates/tools/wasmer/lib/api)
#59 27.25    Compiling num-iter v0.1.45
#59 27.29    Compiling signature v2.2.0
#59 27.37    Compiling num-rational v0.4.2
#59 27.38    Compiling elliptic-curve v0.13.8
#59 27.38    Compiling num-complex v0.4.6
#59 27.38    Compiling funty v2.0.0
#59 27.39    Compiling rand_core v0.10.1
#59 27.57    Compiling derivative v2.2.0
#59 27.68    Compiling ecdsa v0.16.9
#59 27.86    Compiling wasmer-types v7.1.0 (/workspace/crates/tools/wasmer/lib/types)
#59 27.96    Compiling num v0.4.3
#59 28.09    Compiling bitvec v1.0.1
#59 28.10    Compiling bincode v1.3.3
#59 28.17    Compiling num-derive v0.4.2
#59 28.47    Compiling k256 v0.13.4
#59 28.76    Compiling rand v0.10.1
#59 28.79    Compiling rand_pcg v0.10.2
#59 28.89    Compiling spin v0.10.0
#59 28.99    Compiling lru v0.16.3
#59 29.00    Compiling static_assertions v1.1.0
#59 29.06    Compiling clru v0.6.2
#59 29.42    Compiling wat v1.245.1
#59 30.36    Compiling wasmer-vm v7.1.0 (/workspace/crates/tools/wasmer/lib/vm)
#59 ...

#60 [prover-header-builder 11/11] RUN NITRO_BUILD_IGNORE_TIMESTAMPS=1 make build-prover-header
#60 22.51     Finished `release` profile [optimized + debuginfo] target(s) in 14.89s
#60 22.61      Running `target/release/forward --path crates/wasm-libraries/forward/forward.wat`
#60 22.63 wat2wasm crates/wasm-libraries/forward/forward.wat -o target/machines/latest/forward.wasm
#60 22.64 cargo run --release --package forward -- --path crates/wasm-libraries/forward/forward_stub.wat --stub
#60 22.91     Finished `release` profile [optimized + debuginfo] target(s) in 0.19s
#60 22.92      Running `target/release/forward --path crates/wasm-libraries/forward/forward_stub.wat --stub`
#60 22.93 wat2wasm crates/wasm-libraries/forward/forward_stub.wat -o target/machines/latest/forward_stub.wasm
#60 22.94 creating /workspace/target/include/arbitrator.h
#60 22.94 mkdir -p `dirname target/include/arbitrator.h`
#60 22.94 cd crates/stylus && cbindgen --config cbindgen.toml --crate stylus --output ../../target/include/arbitrator.h
#60 28.35 WARN: Skip stylus::ARBOS_TAG - (not `pub`).
#60 28.37 WARN: Skip arbutil::PTR_INK - (Unsupported expression. Expr::MethodCall { attrs: [], receiver: Expr::Call { attrs: [], func: Expr::Path { attrs: [], qself: None, path: Path { leading_colon: None, segments: [PathSegment { ident: Ident(Ink), arguments: PathArguments::None }] } }, paren_token: Paren, args: [Expr::Lit { attrs: [], lit: Lit::Int { token: 13440 } }] }, dot_token: Dot, method: Ident(sub), turbofish: None, paren_token: Paren, args: [Expr::Path { attrs: [], qself: None, path: Path { leading_colon: None, segments: [PathSegment { ident: Ident(HOSTIO_INK), arguments: PathArguments::None }] } }] })
#60 28.37 WARN: Skip arbutil::STORAGE_LOAD_BASE_INK - (Unsupported expression. Expr::MethodCall { attrs: [], receiver: Expr::Path { attrs: [], qself: None, path: Path { leading_colon: None, segments: [PathSegment { ident: Ident(HOSTIO_INK), arguments: PathArguments::None }] } }, dot_token: Dot, method: Ident(add), turbofish: None, paren_token: Paren, args: [Expr::MethodCall { attrs: [], receiver: Expr::Path { attrs: [], qself: None, path: Path { leading_colon: None, segments: [PathSegment { ident: Ident(PTR_INK), arguments: PathArguments::None }] } }, dot_token: Dot, method: Ident(mul), turbofish: None, paren_token: Paren, args: [Expr::Lit { attrs: [], lit: Lit::Int { token: 2 } }] }] })
#60 28.37 WARN: Skip arbutil::STORAGE_CACHE_BASE_INK - (Unsupported expression. Expr::MethodCall { attrs: [], receiver: Expr::Path { attrs: [], qself: None, path: Path { leading_colon: None, segments: [PathSegment { ident: Ident(HOSTIO_INK), arguments: PathArguments::None }] } }, dot_token: Dot, method: Ident(add), turbofish: None, paren_token: Paren, args: [Expr::MethodCall { attrs: [], receiver: Expr::Path { attrs: [], qself: None, path: Path { leading_colon: None, segments: [PathSegment { ident: Ident(PTR_INK), arguments: PathArguments::None }] } }, dot_token: Dot, method: Ident(mul), turbofish: None, paren_token: Paren, args: [Expr::Lit { attrs: [], lit: Lit::Int { token: 2 } }] }] })
#60 28.37 WARN: Skip arbutil::STORAGE_FLUSH_BASE_INK - (Unsupported expression. Expr::MethodCall { attrs: [], receiver: Expr::Path { attrs: [], qself: None, path: Path { leading_colon: None, segments: [PathSegment { ident: Ident(HOSTIO_INK), arguments: PathArguments::None }] } }, dot_token: Dot, method: Ident(add), turbofish: None, paren_token: Paren, args: [Expr::Path { attrs: [], qself: None, path: Path { leading_colon: None, segments: [PathSegment { ident: Ident(EVM_API_INK), arguments: PathArguments::None }] } }] })
#60 28.37 WARN: Skip arbutil::TRANSIENT_LOAD_BASE_INK - (Unsupported expression. Expr::MethodCall { attrs: [], receiver: Expr::Path { attrs: [], qself: None, path: Path { leading_colon: None, segments: [PathSegment { ident: Ident(HOSTIO_INK), arguments: PathArguments::None }] } }, dot_token: Dot, method: Ident(add), turbofish: None, paren_token: Paren, args: [Expr::MethodCall { attrs: [], receiver: Expr::MethodCall { attrs: [], receiver: Expr::Path { attrs: [], qself: None, path: Path { leading_colon: None, segments: [PathSegment { ident: Ident(PTR_INK), arguments: PathArguments::None }] } }, dot_token: Dot, method: Ident(mul), turbofish: None, paren_token: Paren, args: [Expr::Lit { attrs: [], lit: Lit::Int { token: 2 } }] }, dot_token: Dot, method: Ident(add), turbofish: None, paren_token: Paren, args: [Expr::Path { attrs: [], qself: None, path: Path { leading_colon: None, segments: [PathSegment { ident: Ident(EVM_API_INK), arguments: PathArguments::None }] } }] }] })
#60 28.37 WARN: Skip arbutil::TRANSIENT_STORE_BASE_INK - (Unsupported expression. Expr::MethodCall { attrs: [], receiver: Expr::Path { attrs: [], qself: None, path: Path { leading_colon: None, segments: [PathSegment { ident: Ident(HOSTIO_INK), arguments: PathArguments::None }] } }, dot_token: Dot, method: Ident(add), turbofish: None, paren_token: Paren, args: [Expr::MethodCall { attrs: [], receiver: Expr::MethodCall { attrs: [], receiver: Expr::Path { attrs: [], qself: None, path: Path { leading_colon: None, segments: [PathSegment { ident: Ident(PTR_INK), arguments: PathArguments::None }] } }, dot_token: Dot, method: Ident(mul), turbofish: None, paren_token: Paren, args: [Expr::Lit { attrs: [], lit: Lit::Int { token: 2 } }] }, dot_token: Dot, method: Ident(add), turbofish: None, paren_token: Paren, args: [Expr::Path { attrs: [], qself: None, path: Path { leading_colon: None, segments: [PathSegment { ident: Ident(EVM_API_INK), arguments: PathArguments::None }] } }] }] })
#60 28.37 WARN: Skip arbutil::CALL_CONTRACT_BASE_INK - (Unsupported expression. Expr::MethodCall { attrs: [], receiver: Expr::Path { attrs: [], qself: None, path: Path { leading_colon: None, segments: [PathSegment { ident: Ident(HOSTIO_INK), arguments: PathArguments::None }] } }, dot_token: Dot, method: Ident(add), turbofish: None, paren_token: Paren, args: [Expr::MethodCall { attrs: [], receiver: Expr::MethodCall { attrs: [], receiver: Expr::Path { attrs: [], qself: None, path: Path { leading_colon: None, segments: [PathSegment { ident: Ident(PTR_INK), arguments: PathArguments::None }] } }, dot_token: Dot, method: Ident(mul), turbofish: None, paren_token: Paren, args: [Expr::Lit { attrs: [], lit: Lit::Int { token: 3 } }] }, dot_token: Dot, method: Ident(add), turbofish: None, paren_token: Paren, args: [Expr::Path { attrs: [], qself: None, path: Path { leading_colon: None, segments: [PathSegment { ident: Ident(EVM_API_INK), arguments: PathArguments::None }] } }] }] })
#60 28.37 WARN: Skip arbutil::CREATE1_BASE_INK - (Unsupported expression. Expr::MethodCall { attrs: [], receiver: Expr::Path { attrs: [], qself: None, path: Path { leading_colon: None, segments: [PathSegment { ident: Ident(HOSTIO_INK), arguments: PathArguments::None }] } }, dot_token: Dot, method: Ident(add), turbofish: None, paren_token: Paren, args: [Expr::MethodCall { attrs: [], receiver: Expr::MethodCall { attrs: [], receiver: Expr::Path { attrs: [], qself: None, path: Path { leading_colon: None, segments: [PathSegment { ident: Ident(PTR_INK), arguments: PathArguments::None }] } }, dot_token: Dot, method: Ident(mul), turbofish: None, paren_token: Paren, args: [Expr::Lit { attrs: [], lit: Lit::Int { token: 3 } }] }, dot_token: Dot, method: Ident(add), turbofish: None, paren_token: Paren, args: [Expr::Path { attrs: [], qself: None, path: Path { leading_colon: None, segments: [PathSegment { ident: Ident(EVM_API_INK), arguments: PathArguments::None }] } }] }] })
#60 28.37 WARN: Skip arbutil::CREATE2_BASE_INK - (Unsupported expression. Expr::MethodCall { attrs: [], receiver: Expr::Path { attrs: [], qself: None, path: Path { leading_colon: None, segments: [PathSegment { ident: Ident(HOSTIO_INK), arguments: PathArguments::None }] } }, dot_token: Dot, method: Ident(add), turbofish: None, paren_token: Paren, args: [Expr::MethodCall { attrs: [], receiver: Expr::MethodCall { attrs: [], receiver: Expr::Path { attrs: [], qself: None, path: Path { leading_colon: None, segments: [PathSegment { ident: Ident(PTR_INK), arguments: PathArguments::None }] } }, dot_token: Dot, method: Ident(mul), turbofish: None, paren_token: Paren, args: [Expr::Lit { attrs: [], lit: Lit::Int { token: 4 } }] }, dot_token: Dot, method: Ident(add), turbofish: None, paren_token: Paren, args: [Expr::Path { attrs: [], qself: None, path: Path { leading_colon: None, segments: [PathSegment { ident: Ident(EVM_API_INK), arguments: PathArguments::None }] } }] }] })
#60 28.37 WARN: Skip arbutil::READ_RETURN_DATA_BASE_INK - (Unsupported expression. Expr::MethodCall { attrs: [], receiver: Expr::Path { attrs: [], qself: None, path: Path { leading_colon: None, segments: [PathSegment { ident: Ident(HOSTIO_INK), arguments: PathArguments::None }] } }, dot_token: Dot, method: Ident(add), turbofish: None, paren_token: Paren, args: [Expr::Path { attrs: [], qself: None, path: Path { leading_colon: None, segments: [PathSegment { ident: Ident(EVM_API_INK), arguments: PathArguments::None }] } }] })
#60 28.37 WARN: Skip arbutil::EMIT_LOG_BASE_INK - (Unsupported expression. Expr::MethodCall { attrs: [], receiver: Expr::Path { attrs: [], qself: None, path: Path { leading_colon: None, segments: [PathSegment { ident: Ident(HOSTIO_INK), arguments: PathArguments::None }] } }, dot_token: Dot, method: Ident(add), turbofish: None, paren_token: Paren, args: [Expr::Path { attrs: [], qself: None, path: Path { leading_colon: None, segments: [PathSegment { ident: Ident(EVM_API_INK), arguments: PathArguments::None }] } }] })
#60 28.37 WARN: Skip arbutil::ACCOUNT_BALANCE_BASE_INK - (Unsupported expression. Expr::MethodCall { attrs: [], receiver: Expr::Path { attrs: [], qself: None, path: Path { leading_colon: None, segments: [PathSegment { ident: Ident(HOSTIO_INK), arguments: PathArguments::None }] } }, dot_token: Dot, method: Ident(add), turbofish: None, paren_token: Paren, args: [Expr::MethodCall { attrs: [], receiver: Expr::MethodCall { attrs: [], receiver: Expr::Path { attrs: [], qself: None, path: Path { leading_colon: None, segments: [PathSegment { ident: Ident(PTR_INK), arguments: PathArguments::None }] } }, dot_token: Dot, method: Ident(mul), turbofish: None, paren_token: Paren, args: [Expr::Lit { attrs: [], lit: Lit::Int { token: 2 } }] }, dot_token: Dot, method: Ident(add), turbofish: None, paren_token: Paren, args: [Expr::Path { attrs: [], qself: None, path: Path { leading_colon: None, segments: [PathSegment { ident: Ident(EVM_API_INK), arguments: PathArguments::None }] } }] }] })
#60 28.37 WARN: Skip arbutil::ACCOUNT_CODE_BASE_INK - (Unsupported expression. Expr::MethodCall { attrs: [], receiver: Expr::Path { attrs: [], qself: None, path: Path { leading_colon: None, segments: [PathSegment { ident: Ident(HOSTIO_INK), arguments: PathArguments::None }] } }, dot_token: Dot, method: Ident(add), turbofish: None, paren_token: Paren, args: [Expr::Path { attrs: [], qself: None, path: Path { leading_colon: None, segments: [PathSegment { ident: Ident(EVM_API_INK), arguments: PathArguments::None }] } }] })
#60 28.37 WARN: Skip arbutil::ACCOUNT_CODE_SIZE_BASE_INK - (Unsupported expression. Expr::MethodCall { attrs: [], receiver: Expr::Path { attrs: [], qself: None, path: Path { leading_colon: None, segments: [PathSegment { ident: Ident(HOSTIO_INK), arguments: PathArguments::None }] } }, dot_token: Dot, method: Ident(add), turbofish: None, paren_token: Paren, args: [Expr::Path { attrs: [], qself: None, path: Path { leading_colon: None, segments: [PathSegment { ident: Ident(EVM_API_INK), arguments: PathArguments::None }] } }] })
#60 28.37 WARN: Skip arbutil::ACCOUNT_CODE_HASH_BASE_INK - (Unsupported expression. Expr::MethodCall { attrs: [], receiver: Expr::Path { attrs: [], qself: None, path: Path { leading_colon: None, segments: [PathSegment { ident: Ident(HOSTIO_INK), arguments: PathArguments::None }] } }, dot_token: Dot, method: Ident(add), turbofish: None, paren_token: Paren, args: [Expr::MethodCall { attrs: [], receiver: Expr::MethodCall { attrs: [], receiver: Expr::Path { attrs: [], qself: None, path: Path { leading_colon: None, segments: [PathSegment { ident: Ident(PTR_INK), arguments: PathArguments::None }] } }, dot_token: Dot, method: Ident(mul), turbofish: None, paren_token: Paren, args: [Expr::Lit { attrs: [], lit: Lit::Int { token: 2 } }] }, dot_token: Dot, method: Ident(add), turbofish: None, paren_token: Paren, args: [Expr::Path { attrs: [], qself: None, path: Path { leading_colon: None, segments: [PathSegment { ident: Ident(EVM_API_INK), arguments: PathArguments::None }] } }] }] })
#60 28.37 WARN: Skip arbutil::BLOCK_BASEFEE_BASE_INK - (Unsupported expression. Expr::MethodCall { attrs: [], receiver: Expr::Path { attrs: [], qself: None, path: Path { leading_colon: None, segments: [PathSegment { ident: Ident(HOSTIO_INK), arguments: PathArguments::None }] } }, dot_token: Dot, method: Ident(add), turbofish: None, paren_token: Paren, args: [Expr::Path { attrs: [], qself: None, path: Path { leading_colon: None, segments: [PathSegment { ident: Ident(PTR_INK), arguments: PathArguments::None }] } }] })
#60 28.37 WARN: Skip arbutil::BLOCK_COINBASE_BASE_INK - (Unsupported expression. Expr::MethodCall { attrs: [], receiver: Expr::Path { attrs: [], qself: None, path: Path { leading_colon: None, segments: [PathSegment { ident: Ident(HOSTIO_INK), arguments: PathArguments::None }] } }, dot_token: Dot, method: Ident(add), turbofish: None, paren_token: Paren, args: [Expr::Path { attrs: [], qself: None, path: Path { leading_colon: None, segments: [PathSegment { ident: Ident(PTR_INK), arguments: PathArguments::None }] } }] })
#60 28.37 WARN: Skip arbutil::ADDRESS_BASE_INK - (Unsupported expression. Expr::MethodCall { attrs: [], receiver: Expr::Path { attrs: [], qself: None, path: Path { leading_colon: None, segments: [PathSegment { ident: Ident(HOSTIO_INK), arguments: PathArguments::None }] } }, dot_token: Dot, method: Ident(add), turbofish: None, paren_token: Paren, args: [Expr::Path { attrs: [], qself: None, path: Path { leading_colon: None, segments: [PathSegment { ident: Ident(PTR_INK), arguments: PathArguments::None }] } }] })
#60 28.37 WARN: Skip arbutil::MATH_DIV_BASE_INK - (Unsupported expression. Expr::MethodCall { attrs: [], receiver: Expr::Path { attrs: [], qself: None, path: Path { leading_colon: None, segments: [PathSegment { ident: Ident(HOSTIO_INK), arguments: PathArguments::None }] } }, dot_token: Dot, method: Ident(add), turbofish: None, paren_token: Paren, args: [Expr::MethodCall { attrs: [], receiver: Expr::MethodCall { attrs: [], receiver: Expr::Path { attrs: [], qself: None, path: Path { leading_colon: None, segments: [PathSegment { ident: Ident(PTR_INK), arguments: PathArguments::None }] } }, dot_token: Dot, method: Ident(mul), turbofish: None, paren_token: Paren, args: [Expr::Lit { attrs: [], lit: Lit::Int { token: 3 } }] }, dot_token: Dot, method: Ident(add), turbofish: None, paren_token: Paren, args: [Expr::Path { attrs: [], qself: None, path: Path { leading_colon: None, segments: [PathSegment { ident: Ident(DIV_INK), arguments: PathArguments::None }] } }] }] })
#60 28.37 WARN: Skip arbutil::MATH_MOD_BASE_INK - (Unsupported expression. Expr::MethodCall { attrs: [], receiver: Expr::Path { attrs: [], qself: None, path: Path { leading_colon: None, segments: [PathSegment { ident: Ident(HOSTIO_INK), arguments: PathArguments::None }] } }, dot_token: Dot, method: Ident(add), turbofish: None, paren_token: Paren, args: [Expr::MethodCall { attrs: [], receiver: Expr::MethodCall { attrs: [], receiver: Expr::Path { attrs: [], qself: None, path: Path { leading_colon: None, segments: [PathSegment { ident: Ident(PTR_INK), arguments: PathArguments::None }] } }, dot_token: Dot, method: Ident(mul), turbofish: None, paren_token: Paren, args: [Expr::Lit { attrs: [], lit: Lit::Int { token: 3 } }] }, dot_token: Dot, method: Ident(add), turbofish: None, paren_token: Paren, args: [Expr::Path { attrs: [], qself: None, path: Path { leading_colon: None, segments: [PathSegment { ident: Ident(DIV_INK), arguments: PathArguments::None }] } }] }] })
#60 28.37 WARN: Skip arbutil::MATH_POW_BASE_INK - (Unsupported expression. Expr::MethodCall { attrs: [], receiver: Expr::Path { attrs: [], qself: None, path: Path { leading_colon: None, segments: [PathSegment { ident: Ident(HOSTIO_INK), arguments: PathArguments::None }] } }, dot_token: Dot, method: Ident(add), turbofish: None, paren_token: Paren, args: [Expr::MethodCall { attrs: [], receiver: Expr::Path { attrs: [], qself: None, path: Path { leading_colon: None, segments: [PathSegment { ident: Ident(PTR_INK), arguments: PathArguments::None }] } }, dot_token: Dot, method: Ident(mul), turbofish: None, paren_token: Paren, args: [Expr::Lit { attrs: [], lit: Lit::Int { token: 3 } }] }] })
#60 28.37 WARN: Skip arbutil::MATH_ADD_MOD_BASE_INK - (Unsupported expression. Expr::MethodCall { attrs: [], receiver: Expr::Path { attrs: [], qself: None, path: Path { leading_colon: None, segments: [PathSegment { ident: Ident(HOSTIO_INK), arguments: PathArguments::None }] } }, dot_token: Dot, method: Ident(add), turbofish: None, paren_token: Paren, args: [Expr::MethodCall { attrs: [], receiver: Expr::MethodCall { attrs: [], receiver: Expr::Path { attrs: [], qself: None, path: Path { leading_colon: None, segments: [PathSegment { ident: Ident(PTR_INK), arguments: PathArguments::None }] } }, dot_token: Dot, method: Ident(mul), turbofish: None, paren_token: Paren, args: [Expr::Lit { attrs: [], lit: Lit::Int { token: 4 } }] }, dot_token: Dot, method: Ident(add), turbofish: None, paren_token: Paren, args: [Expr::Path { attrs: [], qself: None, path: Path { leading_colon: None, segments: [PathSegment { ident: Ident(ADD_MOD_INK), arguments: PathArguments::None }] } }] }] })
#60 28.37 WARN: Skip arbutil::MATH_MUL_MOD_BASE_INK - (Unsupported expression. Expr::MethodCall { attrs: [], receiver: Expr::Path { attrs: [], qself: None, path: Path { leading_colon: None, segments: [PathSegment { ident: Ident(HOSTIO_INK), arguments: PathArguments::None }] } }, dot_token: Dot, method: Ident(add), turbofish: None, paren_token: Paren, args: [Expr::MethodCall { attrs: [], receiver: Expr::MethodCall { attrs: [], receiver: Expr::Path { attrs: [], qself: None, path: Path { leading_colon: None, segments: [PathSegment { ident: Ident(PTR_INK), arguments: PathArguments::None }] } }, dot_token: Dot, method: Ident(mul), turbofish: None, paren_token: Paren, args: [Expr::Lit { attrs: [], lit: Lit::Int { token: 4 } }] }, dot_token: Dot, method: Ident(add), turbofish: None, paren_token: Paren, args: [Expr::Path { attrs: [], qself: None, path: Path { leading_colon: None, segments: [PathSegment { ident: Ident(MUL_MOD_INK), arguments: PathArguments::None }] } }] }] })
#60 28.37 WARN: Skip arbutil::MSG_SENDER_BASE_INK - (Unsupported expression. Expr::MethodCall { attrs: [], receiver: Expr::Path { attrs: [], qself: None, path: Path { leading_colon: None, segments: [PathSegment { ident: Ident(HOSTIO_INK), arguments: PathArguments::None }] } }, dot_token: Dot, method: Ident(add), turbofish: None, paren_token: Paren, args: [Expr::Path { attrs: [], qself: None, path: Path { leading_colon: None, segments: [PathSegment { ident: Ident(PTR_INK), arguments: PathArguments::None }] } }] })
#60 28.37 WARN: Skip arbutil::MSG_VALUE_BASE_INK - (Unsupported expression. Expr::MethodCall { attrs: [], receiver: Expr::Path { attrs: [], qself: None, path: Path { leading_colon: None, segments: [PathSegment { ident: Ident(HOSTIO_INK), arguments: PathArguments::None }] } }, dot_token: Dot, method: Ident(add), turbofish: None, paren_token: Paren, args: [Expr::Path { attrs: [], qself: None, path: Path { leading_colon: None, segments: [PathSegment { ident: Ident(PTR_INK), arguments: PathArguments::None }] } }] })
#60 28.37 WARN: Skip arbutil::TX_GAS_PRICE_BASE_INK - (Unsupported expression. Expr::MethodCall { attrs: [], receiver: Expr::Path { attrs: [], qself: None, path: Path { leading_colon: None, segments: [PathSegment { ident: Ident(HOSTIO_INK), arguments: PathArguments::None }] } }, dot_token: Dot, method: Ident(add), turbofish: None, paren_token: Paren, args: [Expr::Path { attrs: [], qself: None, path: Path { leading_colon: None, segments: [PathSegment { ident: Ident(PTR_INK), arguments: PathArguments::None }] } }] })
#60 28.37 WARN: Skip arbutil::TX_ORIGIN_BASE_INK - (Unsupported expression. Expr::MethodCall { attrs: [], receiver: Expr::Path { attrs: [], qself: None, path: Path { leading_colon: None, segments: [PathSegment { ident: Ident(HOSTIO_INK), arguments: PathArguments::None }] } }, dot_token: Dot, method: Ident(add), turbofish: None, paren_token: Paren, args: [Expr::Path { attrs: [], qself: None, path: Path { leading_colon: None, segments: [PathSegment { ident: Ident(PTR_INK), arguments: PathArguments::None }] } }] })
#60 28.41 WARN: Skip prover::GET_MODULES_MERKLE_COUNTER - (not `no_mangle`).
#60 28.41 WARN: Skip prover::CHUNK_SIZE - (not `pub`).
#60 28.41 WARN: Skip prover::FORWARDING_PREFIX - (not `pub`).
#60 28.41 WARN: Skip prover::NO_STACK_HASH - (Unsupported expression. Expr::Repeat { attrs: [], bracket_token: Bracket, expr: Expr::Lit { attrs: [], lit: Lit::Int { token: 255_u8 } }, semi_token: Semi, len: Expr::Lit { attrs: [], lit: Lit::Int { token: 32 } } })
#60 28.44 WARN: Skip prover::VALUE_HASHES - (not `pub`).
#60 28.44 WARN: Skip prover::FUNCTION_HASHES - (not `pub`).
#60 28.44 WARN: Skip prover::INSTRUCTION_HASHES - (not `pub`).
#60 28.44 WARN: Skip prover::MEMORY_HASHES - (not `pub`).
#60 28.44 WARN: Skip prover::TABLE_HASHES - (not `pub`).
#60 28.44 WARN: Skip prover::TABLE_ELEMENT_HASHES - (not `pub`).
#60 28.44 WARN: Skip prover::MODULE_HASHES - (not `pub`).
#60 28.44 WARN: Skip prover::EMPTY_HASH - (Unsupported expression. Expr::Reference { attrs: [], and_token: And, mutability: None, expr: Expr::Call { attrs: [], func: Expr::Path { attrs: [], qself: None, path: Path { leading_colon: None, segments: [PathSegment { ident: Ident(Bytes32), arguments: PathArguments::None }] } }, paren_token: Paren, args: [Expr::Repeat { attrs: [], bracket_token: Bracket, expr: Expr::Lit { attrs: [], lit: Lit::Int { token: 0 } }, semi_token: Semi, len: Expr::Lit { attrs: [], lit: Lit::Int { token: 32 } } }] } })
#60 28.44 WARN: Skip prover::ZERO_HASHES - (Unsupported expression. Expr::Reference { attrs: [], and_token: And, mutability: None, expr: Expr::Array { attrs: [], bracket_token: Bracket, elems: [Expr::Path { attrs: [], qself: None, path: Path { leading_colon: None, segments: [PathSegment { ident: Ident(VALUE_HASHES), arguments: PathArguments::None }] } }, Comma, Expr::Path { attrs: [], qself: None, path: Path { leading_colon: None, segments: [PathSegment { ident: Ident(FUNCTION_HASHES), arguments: PathArguments::None }] } }, Comma, Expr::Path { attrs: [], qself: None, path: Path { leading_colon: None, segments: [PathSegment { ident: Ident(INSTRUCTION_HASHES), arguments: PathArguments::None }] } }, Comma, Expr::Path { attrs: [], qself: None, path: Path { leading_colon: None, segments: [PathSegment { ident: Ident(MEMORY_HASHES), arguments: PathArguments::None }] } }, Comma, Expr::Path { attrs: [], qself: None, path: Path { leading_colon: None, segments: [PathSegment { ident: Ident(TABLE_HASHES), arguments: PathArguments::None }] } }, Comma, Expr::Path { attrs: [], qself: None, path: Path { leading_colon: None, segments: [PathSegment { ident: Ident(TABLE_ELEMENT_HASHES), arguments: PathArguments::None }] } }, Comma, Expr::Path { attrs: [], qself: None, path: Path { leading_colon: None, segments: [PathSegment { ident: Ident(MODULE_HASHES), arguments: PathArguments::None }] } }, Comma] } })
#60 28.45 WARN: Skip prover::STYLUS_ENTRY_POINT - (Unsupported literal expression. Lit::Str { token: "user_entrypoint" })
#60 28.46 WARN: Skip prover::STYLUS_STACK_LEFT - (Unsupported literal expression. Lit::Str { token: "stylus_stack_left" })
#60 28.46 WARN: Skip prover::SCRATCH_GLOBAL - (Unsupported literal expression. Lit::Str { token: "stylus_scratch_global" })
#60 28.46 WARN: Skip prover::PAY_FUNC - (not `pub`).
#60 28.46 WARN: Skip prover::MEMORY_EXPONENTS - (not `pub`).
#60 28.46 WARN: Skip prover::STYLUS_INK_LEFT - (Unsupported literal expression. Lit::Str { token: "stylus_ink_left" })
#60 28.46 WARN: Skip prover::STYLUS_INK_STATUS - (Unsupported literal expression. Lit::Str { token: "stylus_ink_status" })
#60 28.46 WARN: Skip prover::NAME - (Unsupported literal expression. Lit::Str { token: "stylus_start" })
#60 28.50 WARN: Cannot find a mangling for generic path GenericPath { path: Path { name: "GenericArray" }, export_name: "GenericArray", generics: [Type(Primitive(Integer { zeroable: true, signed: false, kind: B8 })), Type(Path(GenericPath { path: Path { name: "U32" }, export_name: "U32", generics: [], ctype: None }))], ctype: None }. This usually means that a type referenced by this generic was incompatible or not found.
#60 28.50 WARN: Cannot find a mangling for generic path GenericPath { path: Path { name: "Uint" }, export_name: "Uint", generics: [Const(Value("256")), Const(Value("4"))], ctype: None }. This usually means that a type referenced by this generic was incompatible or not found.
#60 28.50 WARN: Cannot find a mangling for generic path GenericPath { path: Path { name: "GenericArray" }, export_name: "GenericArray", generics: [Type(Primitive(Integer { zeroable: true, signed: false, kind: B8 })), Type(Path(GenericPath { path: Path { name: "U20" }, export_name: "U20", generics: [], ctype: None }))], ctype: None }. This usually means that a type referenced by this generic was incompatible or not found.
#60 28.50 WARN: Can't find usize. This usually means that this type was incompatible or not found.
#60 DONE 29.7s

#59 [prover-builder 13/16] RUN NITRO_BUILD_IGNORE_TIMESTAMPS=1 make build-prover-lib
#59 31.58    Compiling wasmer-compiler v7.1.0 (/workspace/crates/tools/wasmer/lib/compiler)
#59 31.84    Compiling arbutil v0.1.0 (/workspace/crates/arbutil)
#59 ...

#63 [prover-header-export 1/1] COPY --from=prover-header-builder /workspace/target/ /
#63 DONE 0.1s

#62 [contracts-builder 15/15] RUN . ~/.bashrc && NITRO_BUILD_IGNORE_TIMESTAMPS=1 make build-solidity
#62 11.15 Successfully generated 240 typings!
#62 11.15 Compiled 88 Solidity files successfully (evm target: istanbul).
#62 11.51 
#62 11.51 > @safe-global/safe-smart-account@1.5.0 build:ts
#62 11.51 > rimraf dist && tsc -p tsconfig.prod.json
#62 11.51 
#62 17.13 
#62 17.13 > @safe-global/safe-smart-account@1.5.0 prepare
#62 17.13 > husky
#62 17.13 
#62 17.19 .git can't be found
#62 17.23 up to date, audited 833 packages in 17s
#62 17.23 
#62 17.23 211 packages are looking for funding
#62 17.23   run `npm fund` for details
#62 17.37 
#62 17.37 64 vulnerabilities (18 low, 19 moderate, 21 high, 6 critical)
#62 17.37 
#62 17.37 To address issues that do not require attention, run:
#62 17.37   npm audit fix
#62 17.37 
#62 17.37 To address all issues (including breaking changes), run:
#62 17.37   npm audit fix --force
#62 17.37 
#62 17.37 Run `npm audit` for details.
#62 17.40 yarn --cwd contracts install
#62 17.64 yarn install v1.22.22
#62 17.69 warning package.json: License should be a valid SPDX license expression
#62 17.74 warning @arbitrum/nitro-contracts@3.2.0-beta.0: License should be a valid SPDX license expression
#62 17.74 [1/4] Resolving packages...
#62 17.92 (node:103) [DEP0169] DeprecationWarning: `url.parse()` behavior is not standardized and prone to errors that have security implications. Use the WHATWG URL API instead. CVEs are not issued for `url.parse()` vulnerabilities.
#62 17.92 (Use `node --trace-deprecation ...` to show where the warning was created)
#62 17.93 success Already up-to-date.
#62 17.93 $ patch-package
#62 18.08 patch-package 6.5.1
#62 18.08 Applying patches...
#62 18.08 No patch files found
#62 18.09 Done in 0.45s.
#62 18.10 yarn --cwd contracts-legacy install
#62 18.22 yarn install v1.22.22
#62 18.25 warning package.json: License should be a valid SPDX license expression
#62 18.28 warning @arbitrum/nitro-contracts@2.1.3: License should be a valid SPDX license expression
#62 18.28 [1/4] Resolving packages...
#62 18.56 (node:132) [DEP0169] DeprecationWarning: `url.parse()` behavior is not standardized and prone to errors that have security implications. Use the WHATWG URL API instead. CVEs are not issued for `url.parse()` vulnerabilities.
#62 18.56 (Use `node --trace-deprecation ...` to show where the warning was created)
#62 18.57 success Already up-to-date.
#62 18.57 $ patch-package
#62 18.72 patch-package 6.5.1
#62 18.72 Applying patches...
#62 18.72 No patch files found
#62 18.73 Done in 0.51s.
#62 18.74 make -C contracts-local install
#62 18.74 make[1]: Entering directory '/workspace/contracts-local'
#62 18.74 forge install --no-git
#62 18.76 make[1]: Leaving directory '/workspace/contracts-local'
#62 18.76 npm --prefix safe-smart-account run build
#62 18.84 
#62 18.84 > @safe-global/safe-smart-account@1.5.0 build
#62 18.84 > hardhat compile
#62 18.84 
#62 20.64 Nothing to compile
#62 20.64 No need to generate any newer typings.
#62 20.71 yarn --cwd contracts build
#62 20.88 yarn run v1.22.22
#62 20.92 warning package.json: License should be a valid SPDX license expression
#62 20.93 $ hardhat compile
#62 22.36 Downloading compiler 0.8.17
#62 ...

#59 [prover-builder 13/16] RUN NITRO_BUILD_IGNORE_TIMESTAMPS=1 make build-prover-lib
#59 38.66    Compiling dynasmrt v5.0.0
#59 38.89    Compiling wasmer-compiler-singlepass v7.1.0 (/workspace/crates/tools/wasmer/lib/compiler-singlepass)
#59 49.80    Compiling cranelift-frontend v0.129.1
#59 50.10    Compiling wasmer-compiler-cranelift v7.1.0 (/workspace/crates/tools/wasmer/lib/compiler-cranelift)
#59 ...

#62 [contracts-builder 15/15] RUN . ~/.bashrc && NITRO_BUILD_IGNORE_TIMESTAMPS=1 make build-solidity
#62 37.83 Warning: SPDX license identifier not provided in source file. Before publishing, consider adding a comment containing "SPDX-License-Identifier: <SPDX-License>" to each source file. Use "SPDX-License-Identifier: UNLICENSED" for non-open-source code. Please see https://spdx.org for more information.
#62 37.83 --> src/rollup/ValidatorUtils.sol
#62 37.83 
#62 37.83 
#62 37.83 Warning: Function state mutability can be restricted to pure
#62 37.83   --> src/mocks/SimpleOneStepProofEntry.sol:24:5:
#62 37.83    |
#62 37.83 24 |     function proveOneStep(
#62 37.83    |     ^ (Relevant source part starts here and spans across multiple lines).
#62 37.83 
#62 37.83 
#62 38.14 Generating typings for: 210 artifacts in dir: build/types for target: ethers-v5
#62 ...

#59 [prover-builder 13/16] RUN NITRO_BUILD_IGNORE_TIMESTAMPS=1 make build-prover-lib
#59 55.77    Compiling validation v0.1.0 (/workspace/crates/validation)
#59 56.31    Compiling caller-env v0.1.0 (/workspace/crates/caller-env)
#59 60.13    Compiling user-host-trait v0.1.0 (/workspace/crates/wasm-libraries/user-host-trait)
#59 60.13    Compiling prover-ffi v0.1.0 (/workspace/crates/prover-ffi)
#59 ...

#62 [contracts-builder 15/15] RUN . ~/.bashrc && NITRO_BUILD_IGNORE_TIMESTAMPS=1 make build-solidity
#62 45.78 Successfully generated 440 typings!
#62 45.78 Compiled 209 Solidity files successfully (evm target: london).
#62 45.91 Done in 25.03s.
#62 45.92 yarn --cwd contracts build:forge:yul
#62 46.10 yarn run v1.22.22
#62 46.14 warning package.json: License should be a valid SPDX license expression
#62 46.15 $ FOUNDRY_PROFILE=yul forge build
#62 46.18 Warning: Found unknown config section in foundry.toml: [lint]
#62 46.18 This notation for profiles has been deprecated and may result in the profile not being registered in future versions.
#62 46.18 Please use [profile.lint] instead or run `forge config --fix`.
#62 46.99 Compiling 1 files with Solc 0.8.17
#62 47.00 Solc 0.8.17 finished in 12.99ms
#62 47.00 Compiler run successful!
#62 47.01 Done in 0.90s.
#62 47.02 yarn --cwd contracts-legacy build
#62 47.26 yarn run v1.22.22
#62 47.30 warning package.json: License should be a valid SPDX license expression
#62 47.33 $ hardhat compile
#62 49.16 Downloading compiler 0.8.9
#62 49.90 Downloading compiler 0.8.24
#62 50.46 Warning: Function state mutability can be restricted to view
#62 50.46   --> src/mocks/ArbOS11To32UpgradeTest.sol:10:5:
#62 50.46    |
#62 50.46 10 |     function mcopy() external returns (bytes32 x) {
#62 50.46    |     ^ (Relevant source part starts here and spans across multiple lines).
#62 50.46 
#62 50.46 
#62 ...

#59 [prover-builder 13/16] RUN NITRO_BUILD_IGNORE_TIMESTAMPS=1 make build-prover-lib
#59 74.08    Compiling stylus v0.1.0 (/workspace/crates/stylus)
#59 76.48     Finished `release` profile [optimized + debuginfo] target(s) in 1m 06s
#59 76.50 install target/release/libstylus.a target/lib/libstylus.a
#59 DONE 77.0s

#62 [contracts-builder 15/15] RUN . ~/.bashrc && NITRO_BUILD_IGNORE_TIMESTAMPS=1 make build-solidity
#62 ...

#64 [prover-builder 14/16] RUN NITRO_BUILD_IGNORE_TIMESTAMPS=1 make build-prover-bin
#64 0.178 cat: crates/prover/test-cases/link.txt: No such file or directory
#64 0.179 cat: crates/prover/test-cases/link.txt: No such file or directory
#64 0.190 mkdir -p `dirname target/bin/prover`
#64 0.191 cargo build --profile release --bin prover 
#64 0.365  Downloading crates ...
#64 0.527   Downloaded clap v4.5.53
#64 0.536   Downloaded colorchoice v1.0.2
#64 0.537   Downloaded clap_lex v0.7.6
#64 0.537   Downloaded anstyle-parse v0.2.5
#64 0.544   Downloaded anstyle-query v1.1.1
#64 0.545   Downloaded anstream v0.6.15
#64 0.548   Downloaded anstyle v1.0.8
#64 0.549   Downloaded utf8parse v0.2.2
#64 0.550   Downloaded is_terminal_polyfill v1.70.1
#64 0.557   Downloaded clap_derive v4.5.49
#64 0.563   Downloaded clap_builder v4.5.53
#64 0.619    Compiling atty v0.2.14
#64 0.619    Compiling prover v0.1.0 (/workspace/crates/prover)
#64 0.622    Compiling validation v0.1.0 (/workspace/crates/validation)
#64 0.636    Compiling clap v2.34.0
#64 1.880    Compiling structopt v0.3.26
#64 ...

#62 [contracts-builder 15/15] RUN . ~/.bashrc && NITRO_BUILD_IGNORE_TIMESTAMPS=1 make build-solidity
#62 63.69 Warning: Visibility for constructor is ignored. If you want the contract to be non-deployable, making it "abstract" is sufficient.
#62 63.69  --> src/mocks/SelfDestruct.sol:8:5:
#62 63.69   |
#62 63.69 8 |     constructor() public payable {
#62 63.69   |     ^ (Relevant source part starts here and spans across multiple lines).
#62 63.69 
#62 63.69 
#62 63.69 Warning: Visibility for constructor is ignored. If you want the contract to be non-deployable, making it "abstract" is sufficient.
#62 63.69   --> src/mocks/SelfDestruct.sol:14:5:
#62 63.69    |
#62 63.69 14 |     constructor(address payable destination) public payable {
#62 63.69    |     ^ (Relevant source part starts here and spans across multiple lines).
#62 63.69 
#62 63.69 
#62 63.69 Warning: Visibility for constructor is ignored. If you want the contract to be non-deployable, making it "abstract" is sufficient.
#62 63.69   --> src/mocks/SelfDestruct.sol:20:5:
#62 63.69    |
#62 63.69 20 |     constructor() public payable {}
#62 63.69    |     ^^^^^^^^^^^^^^^^^^^^^^^^^^^^^^^
#62 63.69 
#62 63.69 
#62 63.69 Warning: Function state mutability can be restricted to view
#62 63.69   --> src/mocks/PendingBlkTimeAndNrAdvanceCheck.sol:19:5:
#62 63.69    |
#62 63.69 19 |     function isAdvancing() external {
#62 63.69    |     ^ (Relevant source part starts here and spans across multiple lines).
#62 63.69 
#62 63.69 
#62 63.69 Warning: Function state mutability can be restricted to view
#62 63.69   --> src/mocks/PendingBlkTimeAndNrAdvanceCheck.sol:24:5:
#62 63.69    |
#62 63.69 24 |     function checkArbBlockHashReturnsLatest(bytes32 expected) external {
#62 63.69    |     ^ (Relevant source part starts here and spans across multiple lines).
#62 63.69 
#62 63.69 
#62 63.87 Generating typings for: 190 artifacts in dir: build/types for target: ethers-v5
#62 68.50 Successfully generated 382 typings!
#62 68.50 Compiled 184 Solidity files successfully (evm targets: cancun, london).
#62 68.56 Done in 21.30s.
#62 68.57 yarn --cwd contracts-legacy build:forge:yul
#62 68.73 yarn run v1.22.22
#62 68.77 warning package.json: License should be a valid SPDX license expression
#62 68.78 $ FOUNDRY_PROFILE=yul forge build --skip *.sol
#62 68.83 Compiling 1 files with Solc 0.8.17
#62 68.84 Solc 0.8.17 finished in 14.65ms
#62 68.84 Compiler run successful!
#62 68.84 Done in 0.12s.
#62 68.86 make -C contracts-local build
#62 68.86 make[1]: Entering directory '/workspace/contracts-local'
#62 68.86 FOUNDRY_PROFILE=default forge build --skip *.yul --skip src/mocks/HostioTest.sol --skip src/mocks/ArbOS11To32UpgradeTest.sol --skip src/mocks/ArbNativeTokenManagerTest.sol && \
#62 68.86 FOUNDRY_PROFILE=solc824 forge build src/mocks/HostioTest.sol src/mocks/ArbOS11To32UpgradeTest.sol src/mocks/ArbNativeTokenManagerTest.sol && \
#62 68.86 FOUNDRY_PROFILE=default forge build src/precompiles --out out/precompiles
#62 68.90 Compiling 68 files with Solc 0.8.17
#62 71.03 Solc 0.8.17 finished in 2.13s
#62 71.04 Compiler run successful with warnings:
#62 71.04 Warning (2462): Visibility for constructor is ignored. If you want the contract to be non-deployable, making it "abstract" is sufficient.
#62 71.04  --> src/mocks/SelfDestruct.sol:9:5:
#62 71.04   |
#62 71.04 9 |     constructor() public payable {
#62 71.04   |     ^ (Relevant source part starts here and spans across multiple lines).
#62 71.04 
#62 71.04 Warning (2462): Visibility for constructor is ignored. If you want the contract to be non-deployable, making it "abstract" is sufficient.
#62 71.04   --> src/mocks/SelfDestruct.sol:15:5:
#62 71.04    |
#62 71.04 15 |     constructor(
#62 71.04    |     ^ (Relevant source part starts here and spans across multiple lines).
#62 71.04 
#62 71.04 Warning (2462): Visibility for constructor is ignored. If you want the contract to be non-deployable, making it "abstract" is sufficient.
#62 71.04   --> src/mocks/SelfDestruct.sol:23:5:
#62 71.04    |
#62 71.04 23 |     constructor() public payable {}
#62 71.04    |     ^^^^^^^^^^^^^^^^^^^^^^^^^^^^^^^
#62 71.04 
#62 71.04 Warning (9302): Return value of low-level calls not used.
#62 71.04    --> src/mocks/Simple.sol:163:9:
#62 71.04     |
#62 71.04 163 |         to.staticcall{gas: before - 10000}(input);// forgefmt: disable-line
#62 71.04     |         ^^^^^^^^^^^^^^^^^^^^^^^^^^^^^^^^^^^^^^^^^
#62 71.04 
#62 71.04 Warning (5667): Unused function parameter. Remove or comment out the variable name to silence this warning.
#62 71.04   --> test/foundry/ReferenceDAProofValidator.t.sol:22:9:
#62 71.04    |
#62 71.04 22 |         uint256 offset
#62 71.04    |         ^^^^^^^^^^^^^^
#62 71.04 
#62 71.04 Warning (2072): Unused local variable.
#62 71.04    --> test/foundry/ReferenceDAProofValidator.t.sol:180:30:
#62 71.04     |
#62 71.04 180 |         (bytes memory proof, bytes32 certHash) = buildValidProof(preimage, offset);
#62 71.04     |                              ^^^^^^^^^^^^^^^^
#62 71.04 
#62 71.04 Warning (2018): Function state mutability can be restricted to view
#62 71.04   --> src/mocks/PendingBlkTimeAndNrAdvanceCheck.sol:20:5:
#62 71.04    |
#62 71.04 20 |     function isAdvancing() external {
#62 71.04    |     ^ (Relevant source part starts here and spans across multiple lines).
#62 71.04 
#62 71.04 Warning (2018): Function state mutability can be restricted to view
#62 71.04   --> src/mocks/PendingBlkTimeAndNrAdvanceCheck.sol:25:5:
#62 71.04    |
#62 71.04 25 |     function checkArbBlockHashReturnsLatest(
#62 71.04    |     ^ (Relevant source part starts here and spans across multiple lines).
#62 71.04 
#62 71.04 Warning (2018): Function state mutability can be restricted to pure
#62 71.04   --> test/foundry/ReferenceDAProofValidator.t.sol:20:5:
#62 71.04    |
#62 71.04 20 |     function buildValidProof(
#62 71.04    |     ^ (Relevant source part starts here and spans across multiple lines).
#62 71.04 
#62 71.40 Compiling 5 files with Solc 0.8.24
#62 71.49 Solc 0.8.24 finished in 81.41ms
#62 71.49 Compiler run successful with warnings:
#62 71.49 Warning (2018): Function state mutability can be restricted to view
#62 71.49   --> src/mocks/ArbOS11To32UpgradeTest.sol:11:5:
#62 71.49    |
#62 71.49 11 |     function mcopy() external returns (bytes32 x) {
#62 71.49    |     ^ (Relevant source part starts here and spans across multiple lines).
#62 71.49 
#62 71.51 Compiling 19 files with Solc 0.8.17
#62 71.53 Solc 0.8.17 finished in 20.93ms
#62 71.53 Compiler run successful!
#62 71.53 make[1]: Leaving directory '/workspace/contracts-local'
#62 DONE 71.5s

#64 [prover-builder 14/16] RUN NITRO_BUILD_IGNORE_TIMESTAMPS=1 make build-prover-bin
#64 ...

#65 [node-builder-base  8/19] COPY --from=contracts-builder workspace/contracts/build/ contracts/build/
#65 ...

#64 [prover-builder 14/16] RUN NITRO_BUILD_IGNORE_TIMESTAMPS=1 make build-prover-bin
#64 10.67     Finished `release` profile [optimized + debuginfo] target(s) in 10.45s
#64 10.69 install target/release/prover target/bin/prover
#64 DONE 10.8s

#65 [node-builder-base  8/19] COPY --from=contracts-builder workspace/contracts/build/ contracts/build/
#65 DONE 0.3s

#66 [prover-builder 15/16] RUN NITRO_BUILD_IGNORE_TIMESTAMPS=1 make build-jit
#66 ...

#67 [node-builder-base  9/19] COPY --from=contracts-builder workspace/contracts/out/ contracts/out/
#67 DONE 0.0s

#68 [node-builder-base 10/19] COPY --from=contracts-builder workspace/contracts/node_modules/@offchainlabs/upgrade-executor/build/contracts/src/UpgradeExecutor.sol/UpgradeExecutor.json contracts/node_modules/@offchainlabs/upgrade-executor/build/contracts/src/UpgradeExecutor.sol/
#68 DONE 0.0s

#69 [node-builder-base 11/19] COPY --from=contracts-builder workspace/contracts-legacy/build/ contracts-legacy/build/
#69 DONE 0.1s

#66 [prover-builder 15/16] RUN NITRO_BUILD_IGNORE_TIMESTAMPS=1 make build-jit
#66 0.164 cat: crates/prover/test-cases/link.txt: No such file or directory
#66 0.165 cat: crates/prover/test-cases/link.txt: No such file or directory
#66 0.179 mkdir -p `dirname target/bin/jit`
#66 0.181 cargo build --profile release -p jit 
#66 ...

#70 [node-builder-base 12/19] COPY --from=contracts-builder workspace/contracts-legacy/out/ contracts-legacy/out/
#70 DONE 0.0s

#71 [node-builder-base 13/19] COPY --from=contracts-builder workspace/contracts-local/out/ contracts-local/out/
#71 DONE 0.0s

#72 [node-builder-base 14/19] COPY --from=contracts-builder workspace/safe-smart-account/build/ safe-smart-account/build/
#72 DONE 0.0s

#73 [node-builder-base 15/19] COPY --from=contracts-builder workspace/.make/ .make/
#73 DONE 0.0s

#66 [prover-builder 15/16] RUN NITRO_BUILD_IGNORE_TIMESTAMPS=1 make build-jit
#66 0.395    Compiling prover v0.1.0 (/workspace/crates/prover)
#66 0.395    Compiling utf8parse v0.2.2
#66 0.396    Compiling is_terminal_polyfill v1.70.1
#66 0.396    Compiling colorchoice v1.0.2
#66 0.397    Compiling anstyle-query v1.1.1
#66 0.399    Compiling wasmer-compiler-singlepass v7.1.0 (/workspace/crates/tools/wasmer/lib/compiler-singlepass)
#66 0.399    Compiling anstyle v1.0.8
#66 0.400    Compiling clap_lex v0.7.6
#66 0.400    Compiling strsim v0.11.1
#66 0.400    Compiling clap_derive v4.5.49
#66 0.406    Compiling caller-env v0.1.0 (/workspace/crates/caller-env)
#66 0.430    Compiling anstyle-parse v0.2.5
#66 0.534    Compiling anstream v0.6.15
#66 ...

#74 [node-builder-base 16/19] COPY --from=prover-header-export / target/
#74 DONE 0.2s

#75 [node-builder-base 17/19] COPY --from=brotli-library-export / target/
#75 DONE 0.0s

#66 [prover-builder 15/16] RUN NITRO_BUILD_IGNORE_TIMESTAMPS=1 make build-jit
#66 0.653    Compiling clap_builder v4.5.53
#66 ...

#76 [node-builder-base 18/19] RUN mkdir -p target/bin
#76 DONE 0.1s

#77 [node-builder-base 19/19] COPY .nitro-tag.txt /nitro-tag.txt
#77 DONE 0.0s

#66 [prover-builder 15/16] RUN NITRO_BUILD_IGNORE_TIMESTAMPS=1 make build-jit
#66 1.884    Compiling clap v4.5.53
#66 7.223    Compiling user-host-trait v0.1.0 (/workspace/crates/wasm-libraries/user-host-trait)
#66 7.223    Compiling prover-ffi v0.1.0 (/workspace/crates/prover-ffi)
#66 19.09    Compiling stylus v0.1.0 (/workspace/crates/stylus)
#66 21.46    Compiling jit v0.1.0 (/workspace/crates/jit)
#66 25.03     Finished `release` profile [optimized + debuginfo] target(s) in 24.82s
#66 25.05 install target/release/jit target/bin/jit
#66 DONE 25.5s

#78 [prover-builder 16/16] RUN NITRO_BUILD_IGNORE_TIMESTAMPS=1 make build-validation-server
#78 0.121 cat: crates/prover/test-cases/link.txt: No such file or directory
#78 0.122 cat: crates/prover/test-cases/link.txt: No such file or directory
#78 0.140 mkdir -p `dirname target/bin/validator`
#78 0.141 cargo build --profile release -p validator 
#78 0.266  Downloading crates ...
#78 0.487   Downloaded alloy-eip2124 v0.2.0
#78 0.495   Downloaded alloy-eip7702 v0.6.3
#78 0.498   Downloaded alloy-eip2930 v0.2.3
#78 0.499   Downloaded alloy-rlp-derive v0.3.13
#78 0.521   Downloaded alloy-rlp v0.3.13
#78 0.523   Downloaded ark-ff-asm v0.3.0
#78 0.531   Downloaded ark-ff-macros v0.4.2
#78 0.535   Downloaded ark-serialize v0.5.0
#78 0.536   Downloaded ark-serialize v0.3.0
#78 0.537   Downloaded ark-ff-asm v0.5.0
#78 0.538   Downloaded matchers v0.2.0
#78 0.539   Downloaded ark-ff-asm v0.4.2
#78 0.541   Downloaded ark-ff-macros v0.3.0
#78 0.543   Downloaded form_urlencoded v1.2.2
#78 0.550   Downloaded rand_xorshift v0.4.0
#78 0.552   Downloaded primitive-types v0.12.2
#78 0.553   Downloaded headers-core v0.3.0
#78 0.553   Downloaded cfg_aliases v0.2.1
#78 0.554   Downloaded mime v0.3.17
#78 0.556   Downloaded ark-ff-macros v0.5.0
#78 0.557   Downloaded keccak v0.1.5
#78 0.558   Downloaded crc v3.4.0
#78 0.560   Downloaded rand_chacha v0.3.1
#78 0.561   Downloaded impl-trait-for-tuples v0.2.2
#78 0.563   Downloaded rand_chacha v0.9.0
#78 0.564   Downloaded rand v0.8.5
#78 0.568   Downloaded ark-std v0.4.0
#78 0.569   Downloaded alloy-eip7928 v0.3.3
#78 0.570   Downloaded http-body v1.0.1
#78 0.571   Downloaded percent-encoding v2.3.2
#78 0.572   Downloaded bitcoin-io v0.1.4
#78 0.573   Downloaded crc-catalog v2.4.0
#78 0.574   Downloaded quick-error v1.2.3
#78 0.575   Downloaded pin-utils v0.1.0
#78 0.577   Downloaded rustc_version v0.3.3
#78 0.578   Downloaded try-lock v0.2.5
#78 0.579   Downloaded base64ct v1.8.3
#78 0.581   Downloaded tracing-serde v0.2.0
#78 0.582   Downloaded sync_wrapper v1.0.2
#78 0.583   Downloaded serdect v0.2.0
#78 0.584   Downloaded rand_core v0.9.5
#78 0.585   Downloaded ppv-lite86 v0.2.21
#78 0.587   Downloaded rlp v0.5.2
#78 0.588   Downloaded jobserver v0.1.34
#78 0.590   Downloaded untrusted v0.9.0
#78 0.591   Downloaded want v0.3.1
#78 0.592   Downloaded anyhow v1.0.100
#78 0.596   Downloaded tower-layer v0.3.3
#78 0.597   Downloaded bitcoin_hashes v0.14.1
#78 0.599   Downloaded headers v0.4.1
#78 0.605   Downloaded sha1 v0.10.6
#78 0.606   Downloaded strum v0.27.2
#78 0.607   Downloaded pest v2.8.6
#78 0.611   Downloaded wait-timeout v0.2.1
#78 0.613   Downloaded slab v0.4.11
#78 0.614   Downloaded semver-parser v0.10.3
#78 0.615   Downloaded h2 v0.4.13
#78 0.621   Downloaded unarray v0.1.4
#78 0.622   Downloaded semver v0.11.0
#78 0.623   Downloaded thread_local v1.1.9
#78 0.625   Downloaded valuable v0.1.1
#78 0.626   Downloaded tracing-log v0.2.0
#78 0.627   Downloaded spki v0.7.3
#78 0.629   Downloaded rusty-fork v0.3.1
#78 0.630   Downloaded rapidhash v4.4.1
#78 0.633   Downloaded ucd-trie v0.1.7
#78 0.635   Downloaded socket2 v0.6.1
#78 0.636   Downloaded sharded-slab v0.1.7
#78 0.639   Downloaded futures-util v0.3.31
#78 0.651   Downloaded tower v0.5.2
#78 0.660   Downloaded secp256k1 v0.30.0
#78 0.664   Downloaded tower-http v0.6.8
#78 0.671   Downloaded tokio-util v0.7.18
#78 0.678   Downloaded ruint v1.17.2
#78 0.684   Downloaded rand v0.9.4
#78 0.687   Downloaded proptest v1.10.0
#78 0.696   Downloaded tracing-subscriber v0.3.22
#78 0.703   Downloaded zerocopy v0.8.27
#78 0.725   Downloaded alloy-eips v1.6.3
#78 0.731   Downloaded axum v0.8.8
#78 0.738   Downloaded uint v0.9.5
#78 0.740   Downloaded tokio-macros v2.6.0
#78 0.741   Downloaded strum_macros v0.27.2
#78 0.743   Downloaded simple_asn1 v0.6.4
#78 0.744   Downloaded signal-hook-registry v1.4.8
#78 0.745   Downloaded serde_path_to_error v0.1.20
#78 0.747   Downloaded sha3-asm v0.1.5
#78 0.755   Downloaded hyper v1.8.1
#78 0.761   Downloaded alloy-consensus v1.6.3
#78 0.765   Downloaded mio v1.1.1
#78 0.770   Downloaded itertools v0.10.5
#78 0.776   Downloaded iri-string v0.7.10
#78 0.783   Downloaded http v1.4.0
#78 0.787   Downloaded ruint-macro v1.2.1
#78 0.788   Downloaded hyper-util v0.1.19
#78 0.793   Downloaded borsh v1.6.0
#78 0.799   Downloaded axum-extra v0.10.3
#78 0.802   Downloaded alloy-primitives v1.5.7
#78 0.807   Downloaded serde_urlencoded v0.7.1
#78 0.808   Downloaded rustc-hex v2.1.0
#78 0.809   Downloaded darling_core v0.21.3
#78 0.814   Downloaded getrandom v0.3.4
#78 0.817   Downloaded ark-ff v0.5.0
#78 0.820   Downloaded ark-ff v0.4.2
#78 0.824   Downloaded ark-ff v0.3.0
#78 0.826   Downloaded alloy-trie v0.9.5
#78 0.828   Downloaded parity-scale-codec v3.6.12
#78 0.832   Downloaded nybbles v0.4.8
#78 0.834   Downloaded matchit v0.8.4
#78 0.836   Downloaded tokio v1.48.0
#78 0.872   Downloaded jsonwebtoken v9.3.1
#78 0.876   Downloaded httparse v1.10.1
#78 0.878   Downloaded alloy-rpc-types-engine v1.6.3
#78 0.880   Downloaded sha3 v0.10.8
#78 0.886   Downloaded const-hex v1.18.1
#78 0.887   Downloaded getrandom v0.2.15
#78 0.890   Downloaded educe v0.6.0
#78 0.897   Downloaded borsh-derive v1.6.0
#78 0.899   Downloaded bit-vec v0.8.0
#78 0.900   Downloaded auto_impl v1.3.0
#78 0.906   Downloaded tower-service v0.3.3
#78 0.907   Downloaded hex-conservative v0.2.2
#78 0.908   Downloaded futures-channel v0.3.31
#78 0.910   Downloaded fixed-hash v0.8.0
#78 0.911   Downloaded darling v0.21.3
#78 0.915   Downloaded ipnet v2.11.0
#78 0.917   Downloaded http-body-util v0.1.3
#78 0.918   Downloaded bit-set v0.8.0
#78 0.919   Downloaded ark-std v0.3.0
#78 0.920   Downloaded arrayvec v0.7.4
#78 0.922   Downloaded pkcs8 v0.10.2
#78 0.925   Downloaded nu-ansi-term v0.50.3
#78 0.926   Downloaded axum-core v0.5.5
#78 0.928   Downloaded alloy-serde v1.6.3
#78 0.930   Downloaded pem v3.0.6
#78 0.931   Downloaded keccak-asm v0.1.5
#78 0.932   Downloaded ring v0.17.14
#78 0.968   Downloaded fastrlp v0.4.0
#78 0.970   Downloaded enum-ordinalize-derive v4.3.2
#78 0.970   Downloaded digest v0.9.0
#78 0.971   Downloaded ark-std v0.5.0
#78 0.973   Downloaded futures-sink v0.3.31
#78 0.973   Downloaded alloy-tx-macros v1.6.3
#78 0.974   Downloaded parity-scale-codec-derive v3.6.12
#78 0.975   Downloaded impl-codec v0.6.0
#78 0.975   Downloaded enum-ordinalize v4.3.2
#78 0.976   Downloaded atomic-waker v1.1.2
#78 0.977   Downloaded fastrlp v0.3.1
#78 0.978   Downloaded byte-slice-cast v1.2.3
#78 0.979   Downloaded httpdate v1.0.3
#78 0.980   Downloaded futures-core v0.3.31
#78 0.981   Downloaded ark-serialize v0.4.2
#78 0.982   Downloaded darling_macro v0.21.3
#78 0.982   Downloaded futures-task v0.3.31
#78 0.984   Downloaded secp256k1-sys v0.10.1
#78 1.084    Compiling serde_core v1.0.228
#78 1.086    Compiling log v0.4.29
#78 1.086    Compiling tracing-core v0.1.36
#78 1.089    Compiling getrandom v0.2.15
#78 1.089    Compiling serde_json v1.0.121
#78 1.092    Compiling derive_more-impl v2.1.1
#78 1.096    Compiling base64 v0.22.1
#78 1.103    Compiling alloy-rlp-derive v0.3.13
#78 1.106    Compiling arrayvec v0.7.4
#78 1.110    Compiling ruint-macro v1.2.1
#78 1.115    Compiling keccak v0.1.5
#78 1.120    Compiling futures-core v0.3.31
#78 1.127    Compiling serde v1.0.228
#78 1.131    Compiling errno v0.3.14
#78 1.135    Compiling tokio-macros v2.6.0
#78 1.135    Compiling mio v1.1.1
#78 1.135    Compiling socket2 v0.6.1
#78 1.147    Compiling pin-utils v0.1.0
#78 1.147    Compiling zerocopy v0.8.27
#78 1.196    Compiling rand_core v0.6.4
#78 1.208    Compiling signal-hook-registry v1.4.8
#78 1.226    Compiling tower-service v0.3.3
#78 1.265    Compiling sha3 v0.10.8
#78 1.274    Compiling httparse v1.10.1
#78 1.298    Compiling crc-catalog v2.4.0
#78 1.304    Compiling num-conv v0.2.0
#78 1.328    Compiling httpdate v1.0.3
#78 1.348    Compiling time-core v0.1.8
#78 1.355    Compiling ff v0.13.1
#78 1.382    Compiling crypto-bigint v0.5.5
#78 1.386    Compiling signature v2.2.0
#78 1.439    Compiling tower-layer v0.3.3
#78 1.454    Compiling group v0.13.0
#78 1.468    Compiling powerfmt v0.2.0
#78 1.478    Compiling time-macros v0.2.27
#78 1.494    Compiling tracing v0.1.44
#78 1.568    Compiling crc v3.4.0
#78 1.686    Compiling deranged v0.5.5
#78 1.707    Compiling futures-channel v0.3.31
#78 1.735    Compiling ring v0.17.14
#78 1.755    Compiling futures-task v0.3.31
#78 1.786    Compiling sync_wrapper v1.0.2
#78 1.794    Compiling percent-encoding v2.3.2
#78 1.875    Compiling atomic-waker v1.1.2
#78 1.896    Compiling mime v0.3.17
#78 1.928    Compiling form_urlencoded v1.2.2
#78 1.945    Compiling futures-util v0.3.31
#78 1.952    Compiling auto_impl v1.3.0
#78 1.962    Compiling regex-syntax v0.8.10
#78 2.037    Compiling rustversion v1.0.22
#78 2.079    Compiling untrusted v0.9.0
#78 2.108    Compiling pem v3.0.6
#78 2.142    Compiling sha1 v0.10.6
#78 2.163    Compiling strum_macros v0.27.2
#78 2.202    Compiling anyhow v1.0.100
#78 2.273    Compiling matchit v0.8.4
#78 2.460    Compiling tracing-log v0.2.0
#78 2.517    Compiling sharded-slab v0.1.7
#78 2.540    Compiling thread_local v1.1.9
#78 2.564    Compiling nu-ansi-term v0.50.3
#78 2.707    Compiling elliptic-curve v0.13.8
#78 3.010    Compiling ecdsa v0.16.9
#78 3.028    Compiling time v0.3.47
#78 3.265    Compiling regex-automata v0.4.14
#78 3.299    Compiling ppv-lite86 v0.2.21
#78 3.363    Compiling k256 v0.13.4
#78 3.410    Compiling strum v0.27.2
#78 3.578    Compiling rand_chacha v0.3.1
#78 3.629    Compiling derive_more v2.1.1
#78 3.696    Compiling hashbrown v0.16.1
#78 3.706    Compiling const-hex v1.18.1
#78 3.726    Compiling serde_path_to_error v0.1.20
#78 4.084    Compiling darling_core v0.21.3
#78 4.321    Compiling bytes v1.11.1
#78 4.401    Compiling smallvec v1.15.1
#78 4.406    Compiling either v1.15.0
#78 4.461    Compiling serde_with v3.9.0
#78 4.461    Compiling bitvec v1.0.1
#78 4.471    Compiling bincode v1.3.3
#78 4.531    Compiling indexmap v2.13.0
#78 4.539    Compiling lru v0.16.3
#78 4.585    Compiling serde_urlencoded v0.7.1
#78 4.623    Compiling parking_lot_core v0.9.10
#78 4.652    Compiling itertools v0.14.0
#78 4.659    Compiling rayon v1.10.0
#78 4.717    Compiling regalloc2 v0.13.5
#78 4.820    Compiling parking_lot v0.12.3
#78 4.858    Compiling dashmap v6.1.0
#78 4.950    Compiling simple_asn1 v0.6.4
#78 4.968    Compiling alloy-rlp v0.3.13
#78 4.984    Compiling shared-buffer v0.1.4
#78 5.032    Compiling http v1.4.0
#78 5.120    Compiling tokio v1.48.0
#78 5.203    Compiling ruint v1.17.2
#78 5.275    Compiling rand v0.8.5
#78 5.287    Compiling tracing-serde v0.2.0
#78 5.419    Compiling gimli v0.33.0
#78 5.445    Compiling rkyv v0.8.15
#78 5.520    Compiling wasmparser v0.245.1
#78 5.551    Compiling object v0.38.1
#78 5.987    Compiling alloy-primitives v1.5.7
#78 6.132    Compiling http-body v1.0.1
#78 6.194    Compiling nybbles v0.4.8
#78 6.221    Compiling http-body-util v0.1.3
#78 6.472    Compiling axum-core v0.5.5
#78 6.492    Compiling headers-core v0.3.0
#78 6.524    Compiling matchers v0.2.0
#78 6.547    Compiling headers v0.4.1
#78 6.564    Compiling tower-http v0.6.8
#78 6.622    Compiling tracing-subscriber v0.3.22
#78 6.875    Compiling darling_macro v0.21.3
#78 7.213    Compiling darling v0.21.3
#78 7.228    Compiling alloy-eip7702 v0.6.3
#78 7.267    Compiling alloy-eip2930 v0.2.3
#78 7.482    Compiling alloy-serde v1.6.3
#78 7.578    Compiling alloy-eip7928 v0.3.3
#78 7.690    Compiling alloy-eip2124 v0.2.0
#78 7.748    Compiling alloy-tx-macros v1.6.3
#78 7.762    Compiling alloy-trie v0.9.5
#78 8.399    Compiling alloy-eips v1.6.3
#78 8.629    Compiling wasmer-types v7.1.0 (/workspace/crates/tools/wasmer/lib/types)
#78 9.595    Compiling cranelift-codegen v0.129.1
#78 10.02    Compiling hyper v1.8.1
#78 10.18    Compiling tower v0.5.2
#78 10.20    Compiling alloy-consensus v1.6.3
#78 10.80    Compiling wasmer-vm v7.1.0 (/workspace/crates/tools/wasmer/lib/vm)
#78 11.07    Compiling hyper-util v0.1.19
#78 11.42    Compiling axum v0.8.8
#78 13.20    Compiling wasmer-compiler v7.1.0 (/workspace/crates/tools/wasmer/lib/compiler)
#78 13.34    Compiling arbutil v0.1.0 (/workspace/crates/arbutil)
#78 13.35    Compiling jsonwebtoken v9.3.1
#78 14.22    Compiling alloy-rpc-types-engine v1.6.3
#78 15.42    Compiling wasmer-compiler-singlepass v7.1.0 (/workspace/crates/tools/wasmer/lib/compiler-singlepass)
#78 15.58    Compiling axum-extra v0.10.3
#78 28.30    Compiling cranelift-frontend v0.129.1
#78 28.57    Compiling wasmer-compiler-cranelift v7.1.0 (/workspace/crates/tools/wasmer/lib/compiler-cranelift)
#78 29.56    Compiling wasmer v7.1.0 (/workspace/crates/tools/wasmer/lib/api)
#78 32.95    Compiling brotli v0.1.0 (/workspace/crates/brotli)
#78 33.07    Compiling validation v0.1.0 (/workspace/crates/validation)
#78 33.53    Compiling prover v0.1.0 (/workspace/crates/prover)
#78 33.58    Compiling caller-env v0.1.0 (/workspace/crates/caller-env)
#78 36.52    Compiling prover-ffi v0.1.0 (/workspace/crates/prover-ffi)
#78 36.52    Compiling user-host-trait v0.1.0 (/workspace/crates/wasm-libraries/user-host-trait)
#78 50.74    Compiling stylus v0.1.0 (/workspace/crates/stylus)
#78 53.25    Compiling jit v0.1.0 (/workspace/crates/jit)
#78 56.03    Compiling validator v0.1.0 (/workspace/crates/validator)
#78 59.23     Finished `release` profile [optimized + debuginfo] target(s) in 59.06s
#78 59.25 install target/release/validator target/bin/validator
#78 DONE 59.9s

#79 [prover-export 1/1] COPY --from=prover-builder /workspace/target/ /
#79 DONE 4.1s

#80 [node-builder 1/2] COPY --from=prover-export / target/
#80 DONE 5.3s

#81 [node-builder 2/2] RUN NITRO_BUILD_IGNORE_TIMESTAMPS=1 make build
#81 0.143 cat: crates/prover/test-cases/link.txt: No such file or directory
#81 0.144 cat: crates/prover/test-cases/link.txt: No such file or directory
#81 0.227 test -f target/include/brotli/encode.h || ./scripts/build-brotli.sh -l
#81 0.227 test -f target/include/brotli/decode.h || ./scripts/build-brotli.sh -l
#81 0.228 test -f target/lib/libbrotlicommon-static.a || ./scripts/build-brotli.sh -l
#81 0.228 test -f target/lib/libbrotlienc-static.a || ./scripts/build-brotli.sh -l
#81 0.228 test -f target/lib/libbrotlidec-static.a || ./scripts/build-brotli.sh -l
#81 0.230 test -f target/lib-wasm/libbrotlicommon-static.a || ./scripts/build-brotli.sh -w -d
#81 0.231 test -f target/lib-wasm/libbrotlienc-static.a || ./scripts/build-brotli.sh -w -d
#81 0.231 test -f target/lib-wasm/libbrotlidec-static.a || ./scripts/build-brotli.sh -w -d
#81 0.232 mkdir -p target/machines/latest
#81 0.233 touch .make/machines
#81 0.308 mkdir -p solgen/go/
#81 0.309 go run solgen/gen.go
#81 12.95 successfully generated go abi files
#81 12.95 skipping abi export since blockscout is not present
#81 12.98 go build -ldflags="-extldflags '-ldl' -X github.com/offchainlabs/nitro/cmd/util/confighelpers.version=v3.11.0-a618155 -X github.com/offchainlabs/nitro/cmd/util/confighelpers.datetime=2026-06-16T22:20:01+00:00 -X github.com/offchainlabs/nitro/cmd/util/confighelpers.modified=false" -o target/bin/nitro "/workspace/cmd/nitro"
#81 63.08 go build -ldflags="-extldflags '-ldl' -X github.com/offchainlabs/nitro/cmd/util/confighelpers.version=v3.11.0-a618155 -X github.com/offchainlabs/nitro/cmd/util/confighelpers.datetime=2026-06-16T22:20:01+00:00 -X github.com/offchainlabs/nitro/cmd/util/confighelpers.modified=false" -o target/bin/deploy "/workspace/cmd/deploy"
#81 65.44 go build -ldflags="-extldflags '-ldl' -X github.com/offchainlabs/nitro/cmd/util/confighelpers.version=v3.11.0-a618155 -X github.com/offchainlabs/nitro/cmd/util/confighelpers.datetime=2026-06-16T22:20:01+00:00 -X github.com/offchainlabs/nitro/cmd/util/confighelpers.modified=false" -o target/bin/relay "/workspace/cmd/relay"
#81 67.00 go build -ldflags="-extldflags '-ldl' -X github.com/offchainlabs/nitro/cmd/util/confighelpers.version=v3.11.0-a618155 -X github.com/offchainlabs/nitro/cmd/util/confighelpers.datetime=2026-06-16T22:20:01+00:00 -X github.com/offchainlabs/nitro/cmd/util/confighelpers.modified=false" -o target/bin/daprovider "/workspace/cmd/daprovider"
#81 76.68 go build -ldflags="-extldflags '-ldl' -X github.com/offchainlabs/nitro/cmd/util/confighelpers.version=v3.11.0-a618155 -X github.com/offchainlabs/nitro/cmd/util/confighelpers.datetime=2026-06-16T22:20:01+00:00 -X github.com/offchainlabs/nitro/cmd/util/confighelpers.modified=false" -o target/bin/anytrustserver "/workspace/cmd/anytrustserver"
#81 79.12 go build -ldflags="-extldflags '-ldl' -X github.com/offchainlabs/nitro/cmd/util/confighelpers.version=v3.11.0-a618155 -X github.com/offchainlabs/nitro/cmd/util/confighelpers.datetime=2026-06-16T22:20:01+00:00 -X github.com/offchainlabs/nitro/cmd/util/confighelpers.modified=false" -o target/bin/autonomous-auctioneer "/workspace/cmd/autonomous-auctioneer"
#81 81.63 go build -ldflags="-extldflags '-ldl' -X github.com/offchainlabs/nitro/cmd/util/confighelpers.version=v3.11.0-a618155 -X github.com/offchainlabs/nitro/cmd/util/confighelpers.datetime=2026-06-16T22:20:01+00:00 -X github.com/offchainlabs/nitro/cmd/util/confighelpers.modified=false" -o target/bin/bidder-client "/workspace/cmd/bidder-client"
#81 83.47 go build -ldflags="-extldflags '-ldl' -X github.com/offchainlabs/nitro/cmd/util/confighelpers.version=v3.11.0-a618155 -X github.com/offchainlabs/nitro/cmd/util/confighelpers.datetime=2026-06-16T22:20:01+00:00 -X github.com/offchainlabs/nitro/cmd/util/confighelpers.modified=false" -o target/bin/anytrusttool "/workspace/cmd/anytrusttool"
#81 85.51 go build -ldflags="-extldflags '-ldl' -X github.com/offchainlabs/nitro/cmd/util/confighelpers.version=v3.11.0-a618155 -X github.com/offchainlabs/nitro/cmd/util/confighelpers.datetime=2026-06-16T22:20:01+00:00 -X github.com/offchainlabs/nitro/cmd/util/confighelpers.modified=false" -o target/bin/blobtool "/workspace/cmd/blobtool"
#81 86.98 go build -ldflags="-extldflags '-ldl' -X github.com/offchainlabs/nitro/cmd/util/confighelpers.version=v3.11.0-a618155 -X github.com/offchainlabs/nitro/cmd/util/confighelpers.datetime=2026-06-16T22:20:01+00:00 -X github.com/offchainlabs/nitro/cmd/util/confighelpers.modified=false" -o target/bin/el-proxy "/workspace/cmd/el-proxy"
#81 94.76 go build -ldflags="-extldflags '-ldl' -X github.com/offchainlabs/nitro/cmd/util/confighelpers.version=v3.11.0-a618155 -X github.com/offchainlabs/nitro/cmd/util/confighelpers.datetime=2026-06-16T22:20:01+00:00 -X github.com/offchainlabs/nitro/cmd/util/confighelpers.modified=false" -o target/bin/mockexternalsigner "/workspace/cmd/mockexternalsigner"
#81 96.28 go build -ldflags="-extldflags '-ldl' -X github.com/offchainlabs/nitro/cmd/util/confighelpers.version=v3.11.0-a618155 -X github.com/offchainlabs/nitro/cmd/util/confighelpers.datetime=2026-06-16T22:20:01+00:00 -X github.com/offchainlabs/nitro/cmd/util/confighelpers.modified=false" -o target/bin/seq-coordinator-invalidate "/workspace/cmd/seq-coordinator-invalidate"
#81 104.2 go build -ldflags="-extldflags '-ldl' -X github.com/offchainlabs/nitro/cmd/util/confighelpers.version=v3.11.0-a618155 -X github.com/offchainlabs/nitro/cmd/util/confighelpers.datetime=2026-06-16T22:20:01+00:00 -X github.com/offchainlabs/nitro/cmd/util/confighelpers.modified=false" -o target/bin/nitro-val "/workspace/cmd/nitro-val"
#81 112.6 go build -ldflags="-extldflags '-ldl' -X github.com/offchainlabs/nitro/cmd/util/confighelpers.version=v3.11.0-a618155 -X github.com/offchainlabs/nitro/cmd/util/confighelpers.datetime=2026-06-16T22:20:01+00:00 -X github.com/offchainlabs/nitro/cmd/util/confighelpers.modified=false" -o target/bin/seq-coordinator-manager "/workspace/cmd/seq-coordinator-manager"
#81 115.0 go build -ldflags="-extldflags '-ldl' -X github.com/offchainlabs/nitro/cmd/util/confighelpers.version=v3.11.0-a618155 -X github.com/offchainlabs/nitro/cmd/util/confighelpers.datetime=2026-06-16T22:20:01+00:00 -X github.com/offchainlabs/nitro/cmd/util/confighelpers.modified=false" -o target/bin/dbconv "/workspace/cmd/dbconv"
#81 116.6 go build -ldflags="-extldflags '-ldl' -X github.com/offchainlabs/nitro/cmd/util/confighelpers.version=v3.11.0-a618155 -X github.com/offchainlabs/nitro/cmd/util/confighelpers.datetime=2026-06-16T22:20:01+00:00 -X github.com/offchainlabs/nitro/cmd/util/confighelpers.modified=false" -o target/bin/genesis-generator "/workspace/cmd/genesis-generator"
#81 124.1 go build -ldflags="-extldflags '-ldl' -X github.com/offchainlabs/nitro/cmd/util/confighelpers.version=v3.11.0-a618155 -X github.com/offchainlabs/nitro/cmd/util/confighelpers.datetime=2026-06-16T22:20:01+00:00 -X github.com/offchainlabs/nitro/cmd/util/confighelpers.modified=false" -o target/bin/transaction-filterer "/workspace/cmd/transaction-filterer"
#81 132.0 go build -ldflags="-extldflags '-ldl' -X github.com/offchainlabs/nitro/cmd/util/confighelpers.version=v3.11.0-a618155 -X github.com/offchainlabs/nitro/cmd/util/confighelpers.datetime=2026-06-16T22:20:01+00:00 -X github.com/offchainlabs/nitro/cmd/util/confighelpers.modified=false" -o target/bin/filtering-report "/workspace/cmd/filtering-report"
#81 140.5 go build -ldflags="-extldflags '-ldl' -X github.com/offchainlabs/nitro/cmd/util/confighelpers.version=v3.11.0-a618155 -X github.com/offchainlabs/nitro/cmd/util/confighelpers.datetime=2026-06-16T22:20:01+00:00 -X github.com/offchainlabs/nitro/cmd/util/confighelpers.modified=false" -o target/bin/stylus-raw-deploycode "/workspace/cmd/stylus-raw-deploycode"
#81 141.9 [38;5;161;1mdone![0;0m
#81 DONE 142.2s

#82 exporting to image
#82 exporting layers
#82 exporting layers 157.0s done
#82 exporting manifest sha256:ba4f2a327a0fe23dc2e035fb3d906cdf0d51eba5f216dd64cccbcdce3f3d6d05 done
#82 exporting config sha256:12ba5093cd0f0e467565f3df88c4137ac1e82e149a0577c71b3cc93319738146 done
#82 exporting attestation manifest sha256:68c430bfde2ff9cedbd4e923cbbefb5039f9a989399810ff0306ec0e8a1ca4db 0.0s done
#82 exporting manifest list sha256:af9eb189741da50733c43a00e5c8fb0453ab85fa3ed42ef8c0b623ea312d57c7 done
#82 naming to docker.io/library/nitro-repro:v3.11.0 done
#82 unpacking to docker.io/library/nitro-repro:v3.11.0
#82 unpacking to docker.io/library/nitro-repro:v3.11.0 34.4s done
#82 DONE 191.5s
Build exited with code 0 at 2026-07-23T10:48:02Z
